"ISO3","Name","1995","1996","1997","1998","1999","2000","2001","2002","2003","2004","2005","2006","2007","2008","2009","2010","2011","2012","2013","2014","2015","2016","2017","2018","2019","2020","2021","2022","2023","2024"
"AFG","Afghanistan",0.243882421368369,0.243881397976556,0.244789007024173,0.245696616071789,0.245629669776748,0.245563171032363,0.25147632845815,0.257396958951971,0.26072023903422,0.273858435738092,0.273813923868294,0.267843967410054,0.258949689865488,0.247493790134132,0.24876321419345,0.247012193127962,0.23452839268993,0.235409050331703,0.231720840103344,0.244201268670917,0.244558092810363,0.238158307852406,0.229077175285957,0.222022771630573,0.228263998266566,0.226497401812941,0.229096109082749,0.273877817918126,0.273455754202796,0.272113924696938
"ALB","Albania",0.334469979610876,0.335026218556213,0.331617450064512,0.327750053213624,0.322482183578864,0.316930104538941,0.325673850733594,0.334831002935011,0.338074170701962,0.347686754682849,0.342323159520912,0.349127830418618,0.355438183733976,0.361989958793531,0.380744838353126,0.392029675083781,0.389263650337949,0.386913788678,0.390359865460829,0.408234621647991,0.416189271047263,0.41406221424639,0.415185767588856,0.418301573967831,0.411679916186614,0.40945584867269,0.414892325672748,0.45144323750335,0.454448838547886,0.467979768681771
"DZA","Algeria",0.292905059136285,0.293918375243707,0.288105812576021,0.282606038636676,0.286333780728753,0.290211203469129,0.296388449569183,0.302821660621535,0.308104182979239,0.3160763150323,0.326029966847557,0.325136015918547,0.321730837203706,0.318561669088876,0.309765976471641,0.308922876452212,0.30004490693144,0.299111951338054,0.303854996197801,0.294268999067765,0.302333945068512,0.303316917868118,0.326808311994848,0.330372212384139,0.325834707729108,0.328940626654307,0.333839820490006,0.369505429953285,0.375294647880398,0.378126927438512
"AND","Andorra",0.445442854661236,0.44613267084885,0.447519205943891,0.45013108980021,0.451113029065239,0.452672557062892,0.455699191194368,0.458375525020037,0.459980238850581,0.438829292693384,0.479975219881595,0.489743240744019,0.509462463172292,0.510850610669421,0.516693075391196,0.520504886705294,0.531022412495413,0.533075530549554,0.536760438356013,0.520932620327096,0.52515248533258,0.528962897809701,0.536266876086999,0.53843105332426,0.562929174700513,0.561087438221965,0.562060156562722,0.57696380365487,0.605181239313114,0.611141214267337
"AGO","Angola",0.169028739739221,0.169027516582366,0.167461733036004,0.165891829780663,0.165857218134566,0.165880249994098,0.174340578827046,0.182819172226711,0.191142220269338,0.203786587450959,0.206337594266998,0.208419083816516,0.20671991001784,0.209553943857141,0.213660353501859,0.216240691433006,0.211289066579262,0.21816011699894,0.216697541847312,0.213968348637904,0.209029557094137,0.21517290018703,0.219607225079245,0.233479856226127,0.240374885636694,0.242333159625459,0.245599464860488,0.25549211537898,0.25776962271038,0.256846722549453
"ATG","Antigua and Barbuda",0.498109414985143,0.498614385745377,0.499413924727341,0.500205025878055,0.501242973125003,0.502546655564053,0.503160269505808,0.505114639795425,0.506992488677002,0.498911026880026,0.502230803820064,0.510147956536701,0.507611528287622,0.505322817345305,0.506280506497582,0.514746360180506,0.508673595130089,0.512685368709471,0.500882639239542,0.468725460483133,0.470930840223451,0.46390440182393,0.442013225769285,0.454477952498608,0.454910804506989,0.452500831376988,0.45120095403831,0.437386435763936,0.44044332831014,0.440739980028339
"ARG","Argentina",0.38577420853038,0.388752765283208,0.38348859324191,0.379775285521287,0.378686815686327,0.378559243482315,0.354705345766118,0.339023080418949,0.349327952808224,0.360518303742196,0.380529341443251,0.380798940817653,0.386903900129326,0.375364010799659,0.370468135156979,0.374824252309775,0.378714596002521,0.36938336646418,0.350768497797175,0.335807498110307,0.342510314382968,0.3708086891919,0.375854425933075,0.376661750578702,0.374682747796565,0.380454912183629,0.376842203331014,0.411662743189324,0.412981187832491,0.415404726658145
"ARM","Armenia",0.388181942814393,0.383927105324568,0.383670178694581,0.399579015318356,0.401086695226392,0.398848221358667,0.410255395510183,0.430865975759414,0.438282572714664,0.438384161138303,0.446036812438723,0.446709598485498,0.448358024127529,0.45910868516882,0.44729275962468,0.456961056154737,0.456542992603653,0.461666211332993,0.471325652317001,0.472266828168794,0.483794822255619,0.489418319164826,0.488485611563978,0.504452069724553,0.515274524027953,0.508290617025092,0.503482114235915,0.458956922690969,0.458683441117899,0.456887905654006
"AUS","Australia",0.698470756875993,0.698930891742767,0.702198510136955,0.708746931946455,0.714029608747302,0.720199925295162,0.723068544451605,0.723744023735295,0.727145245782867,0.725946124559408,0.727459587523733,0.734232667118051,0.736795236494675,0.739582804688247,0.725500413210505,0.723316703951027,0.72325184354955,0.725952266255521,0.726033813774379,0.708905315361678,0.706232290116801,0.713528025948669,0.698662922991575,0.702945462827534,0.701237773689662,0.68883126703601,0.702053938657717,0.658074469272981,0.659911389544482,0.658489464130322
"AUT","Austria",0.699929027496638,0.704624711339245,0.705483430570563,0.70485122851023,0.709116216229934,0.714139036519525,0.719913702531276,0.723838558140736,0.72296334745445,0.722288491525729,0.727440198211148,0.729518780733004,0.733471197258289,0.726671911399587,0.711958260785437,0.707630211675475,0.705899978884642,0.700658978661666,0.707444699594006,0.706985252993306,0.706269818305926,0.703896038163301,0.7058902243388,0.706412594431662,0.70294427263107,0.699810660901553,0.696883562535411,0.682588853046565,0.682481359396006,0.678724107223777
"AZE","Azerbaijan",0.306488948846978,0.304099234148781,0.310382998039577,0.316681554336664,0.318209821195652,0.31964845137632,0.323714933413381,0.362718912634992,0.362724681515046,0.371200653560642,0.375009977930247,0.36304257317593,0.360046732446581,0.351771595441617,0.388084610798994,0.388934960295979,0.392966948000367,0.38528028153536,0.397739456579928,0.412858295027637,0.425659042356009,0.429150254364846,0.417564005967799,0.418618052591831,0.440937995291598,0.434890874310571,0.438633151765085,0.41832496088541,0.422149432984986,0.430258329330067
"BHS","Bahamas",0.473922428220572,0.474358837516472,0.477807637240046,0.481587422508956,0.48320895633039,0.48562706464787,0.489453040742561,0.494601707756819,0.493012927237223,0.487732154903823,0.49875781344292,0.492191766773887,0.493995672939982,0.494854610678328,0.48435664754696,0.479239141352411,0.478960416535375,0.47962495040809,0.464414302410937,0.451948057899421,0.445132107989513,0.446047501212579,0.437534948634233,0.438128452820304,0.442916534287277,0.436426122688201,0.437282140135446,0.417715868685455,0.421636937458102,0.421700292817975
"BHR","Bahrain",0.437868659185896,0.437859878271877,0.444044833782934,0.450484073172385,0.454149771217973,0.458129082532658,0.471417683514892,0.483023095285476,0.477748136614426,0.473905066557612,0.464765758514447,0.46008751127357,0.47060891826527,0.47645695267478,0.481823677478697,0.472625630246465,0.479190048944364,0.479942946256403,0.473641161195962,0.467889219736467,0.476097946780175,0.468220673029404,0.466197238046491,0.467258398966988,0.470086285136988,0.495005470334899,0.504730221196175,0.452102297755944,0.45983785481591,0.46553735656046
"BGD","Bangladesh",0.292963642882979,0.292807241326073,0.29345837091977,0.293989546911916,0.288413133823087,0.282834079742213,0.277656211562127,0.271869842627287,0.271974445882425,0.271006838522064,0.266344643083432,0.261183278039608,0.263841562962729,0.263367101095594,0.263061267659304,0.257484110312261,0.262600721417725,0.244138374579991,0.235075216744513,0.251414169534073,0.251376997401917,0.255104126215291,0.256264358021184,0.260777200214946,0.261667287696448,0.265874944377826,0.265428916085908,0.308553503366208,0.311794365573955,0.284277313801118
"BRB","Barbados",0.481023242649748,0.48151059031005,0.485445681718357,0.48924763692672,0.49256844409428,0.500546155417638,0.501662155909763,0.507832162513428,0.512199032961375,0.508429583420027,0.525575283450491,0.522650861550901,0.53181715928174,0.534806533862844,0.532159374831788,0.528213576643147,0.534300150987651,0.53692584608474,0.533739076900665,0.513023184209931,0.516359102798244,0.513485016560022,0.516514163228459,0.515459773785239,0.52775856919927,0.540297481757426,0.594693586730287,0.560714564493047,0.562391297443164,0.569385011264296
"BLR","Belarus",0.34921160996963,0.355593952199962,0.360300533678027,0.370952679310719,0.369697030147753,0.36624507656612,0.36658404879643,0.365711626493173,0.383069937425954,0.389023721753957,0.393646983599866,0.370872367465282,0.383497601329315,0.401963832363419,0.440788301971262,0.458114829545091,0.469910216667447,0.498025615479228,0.493424077425139,0.477578682015298,0.478174747470688,0.482769244700221,0.504472396942169,0.505230733753078,0.51098532359912,0.486882357902107,0.480848973799166,0.43868633516182,0.435881792621938,0.433746384332507
"BEL","Belgium",0.593270087191007,0.596619113062058,0.593905916419541,0.584316824423815,0.585934011804655,0.593494464895183,0.597264865382708,0.605474072260675,0.599330521693869,0.595296305518487,0.606085505808723,0.602436369226154,0.603151721721985,0.604232642131098,0.610211414694594,0.606232687640549,0.605724341672192,0.609285080642388,0.607662837014088,0.609077097089179,0.613739712270842,0.6172204948988,0.610743569186466,0.604248031527694,0.603313410165334,0.610057606535327,0.611347116714987,0.61291946534188,0.606430402224486,0.604891139107138
"BLZ","Belize",0.390702855155611,0.398961156493154,0.392640052375927,0.392662388472812,0.392936787094799,0.394345598571157,0.394757353773051,0.395821108371387,0.398120113370994,0.387710374099351,0.392253019792723,0.384098963105746,0.380596875886978,0.379479557787102,0.376207276462563,0.370402038573727,0.35826316343701,0.355255808276009,0.350400942975576,0.335783147126399,0.336862889764505,0.339239869763692,0.340021670317896,0.336845364611577,0.339215096728876,0.346940939108419,0.34251052100449,0.361849787159703,0.363064697208232,0.366118564582596
"BEN","Benin",0.35343379762367,0.353455028214565,0.352030350463159,0.350527430083058,0.347692817552003,0.344929734181363,0.342185517716517,0.339516686721793,0.337926969298288,0.338258464392874,0.336415969263458,0.334415675394599,0.331994830965964,0.321446177790346,0.305640861917515,0.302378049357208,0.303163456537219,0.295995798136009,0.300570695497618,0.298328884016383,0.315101381659432,0.320364236143516,0.332950598927311,0.340207777432916,0.333100208104515,0.339198886841748,0.337075344712121,0.372061246440447,0.37667304916432,0.372152215670063
"BTN","Bhutan",0.407773575567939,0.407790351883729,0.407163864165825,0.406607551886517,0.404489449535604,0.402617242317826,0.404595038262547,0.406619313506394,0.427386848297631,0.415584079670329,0.434712865883118,0.415307080482994,0.432028036812017,0.439234355141614,0.429480470018927,0.424749043334885,0.422192240168406,0.421343305291818,0.421759514554307,0.438391400793235,0.446125941512133,0.454335542088505,0.46487810185432,0.467958270014017,0.470101108910779,0.464912888172273,0.462840215411259,0.409101926383972,0.410615340250298,0.414158013109384
"BOL","Bolivia, Plurinational State of",0.335400462264103,0.335591558231295,0.339729169058681,0.341017255154975,0.333829387210938,0.32533820760366,0.327175625992128,0.3217465945319,0.321267538410634,0.333111338931214,0.310689249023171,0.306899620479241,0.304245165440277,0.297444234692525,0.298246207578859,0.306095863874231,0.308286760467536,0.296101373550694,0.295584327673424,0.286640696354436,0.283535527533697,0.279573141862894,0.283772338096862,0.282971353737174,0.273652829050492,0.281223971515899,0.282629152863421,0.318845952512894,0.318101947705462,0.311923640783655
"BIH","Bosnia and Herzegovina",0.325045855514068,0.325116327285032,0.323709290323209,0.322329074987347,0.323814263112281,0.327238163678574,0.3382124022785,0.342962695191039,0.34032131941292,0.348591837785861,0.350847863758715,0.348922051240639,0.34458613469098,0.345712796086499,0.344233124840536,0.35159205053632,0.358638200266126,0.363846950470862,0.37237385874735,0.383566153164176,0.373851601610415,0.375152924776725,0.378322799877368,0.376264575398978,0.366331355893341,0.366664492892251,0.367029208956938,0.386894629946048,0.389745021844495,0.380288074094667
"BWA","Botswana",0.423177119586924,0.423463376965826,0.427014511959239,0.430645175544797,0.43102809977577,0.43194367446767,0.429193223024679,0.425913762732464,0.441318108530407,0.429194510608192,0.437160296130033,0.424095375485892,0.422125183966181,0.423196443107132,0.424954186092276,0.425617393272013,0.42285184928732,0.426944632600737,0.423319288208591,0.429340771734464,0.423167189695256,0.424707654069074,0.420136472447118,0.419144276886646,0.423628860965182,0.416588253541921,0.41813936064422,0.406688855036208,0.404475137702948,0.383915563064972
"BRA","Brazil",0.371067573898011,0.370317702721674,0.371836899952323,0.373151245022355,0.378385473108311,0.382884588636258,0.383965167672522,0.38643506352538,0.384102100085606,0.378894451342194,0.376145569007791,0.37198101492624,0.365051615506034,0.366986645164543,0.376712318503072,0.377323789119756,0.379675304089512,0.374555713188191,0.364005516043749,0.358539833030092,0.352454134288803,0.351862529473277,0.344314640440591,0.339257832808468,0.344503477073052,0.349573440637847,0.348942952428216,0.377268933293393,0.377829257070221,0.381029599363176
"BRN","Brunei Darussalam",0.489846949638443,0.491026186550263,0.47955679310227,0.468265943543863,0.471973501428319,0.474570901295151,0.477393336306305,0.477535351341965,0.477735746062568,0.474544314198659,0.474584447575673,0.47611727091252,0.48091958796227,0.477913710963814,0.497851265519864,0.496500690809101,0.494542578659745,0.499671200817105,0.500706183555557,0.519699479395554,0.507517772496264,0.513805317260556,0.513210284732176,0.537286398405513,0.528044277233319,0.531449961484776,0.529981924470835,0.413857241587752,0.418972396757771,0.417302949083792
"BGR","Bulgaria",0.428209608947897,0.433526345451015,0.457149879421726,0.458397494410836,0.452133750004319,0.443303926677384,0.445350783767363,0.457581034250596,0.460484002973263,0.465058759427668,0.467241782146864,0.466100494869638,0.464414394684501,0.459856487895843,0.45806715329825,0.456454898019556,0.459514016764158,0.461993952488771,0.4624725897551,0.462114556489398,0.467160743911007,0.46953647326596,0.468227763793686,0.472182120482673,0.474261344093284,0.468960297918102,0.468586313511586,0.505874353468247,0.506940952547621,0.486145386534726
"BFA","Burkina Faso",0.291737209710076,0.291719144937179,0.292013317436854,0.2923597085673,0.293626487086446,0.294788246303248,0.2917376553994,0.288753617181946,0.29244661470109,0.283631249084932,0.284639082835509,0.278721520478621,0.287534069029669,0.288763049935488,0.299780892481689,0.305870600611098,0.298452582938103,0.295825735134142,0.283257223745878,0.281524881427027,0.281673219076411,0.280194190024499,0.284066577319073,0.282618082753422,0.27507025531765,0.269455760302737,0.26980642263524,0.275547810440785,0.271031957665266,0.270204079376687
"BDI","Burundi",0.212943900818432,0.212940338545094,0.212187763323632,0.211437034340973,0.218099624064407,0.224816379500484,0.229545643361551,0.234571392971116,0.233984594617986,0.240263502285349,0.254428137878586,0.257980074203144,0.25239540829758,0.244492610286605,0.240789843562375,0.226945616244686,0.220877967493278,0.217711004463112,0.236291035154727,0.271397129280851,0.256053770588257,0.250692680782446,0.2531524526048,0.252744974891279,0.253742966146866,0.253993227069292,0.255909684343445,0.251251304204145,0.252901819015178,0.249668188199824
"KHM","Cambodia",0.30578587159975,0.305926067430238,0.305309867201628,0.305092418298092,0.308356489761709,0.31162280180084,0.312165058714425,0.312871173552901,0.311881810013133,0.312796649603221,0.305415545187071,0.298916662290428,0.292531251685929,0.293542462834997,0.29181645567358,0.297654882663437,0.293698440468915,0.296650146870648,0.281695399723828,0.278259825808441,0.274432131787767,0.284681542271021,0.281487021263581,0.285130877458914,0.282439937670088,0.284334096948583,0.287211008106329,0.314662229784355,0.320526002569428,0.321304843329232
"CMR","Cameroon",0.276472929027138,0.276476659800352,0.285227577786566,0.293994631542393,0.295491997327728,0.296853262385933,0.290148173687076,0.283991413560232,0.294417055177132,0.303196286314638,0.298246250691582,0.297187496853267,0.292183160516439,0.286270159375201,0.2806328255841,0.269587078481002,0.273805215158179,0.265990671385314,0.261238152117632,0.262944811912459,0.258772087714137,0.25373545052096,0.24924689574036,0.248760635563317,0.24866680490661,0.247779142718806,0.247464497844451,0.274561742375544,0.275396693518112,0.27556449339349
"CAN","Canada",0.649642367271087,0.652094780755573,0.665272118167677,0.672246741193654,0.67944611297684,0.685857772294774,0.684596760553842,0.683475690390666,0.68241403085684,0.691051751862522,0.699982620762089,0.710033506018394,0.701119321135066,0.700305798277081,0.700535601147588,0.684767800712529,0.692797633852401,0.68945316875679,0.685302651445724,0.680025309440767,0.6760477043974,0.67524410646432,0.670809993532112,0.663537335732666,0.661185561143474,0.655670604782853,0.657825845988059,0.648621602893705,0.646631515995733,0.643424897213037
"CPV","Cape Verde",0.408786542826988,0.408872069142777,0.40712143581457,0.405389925613001,0.410496641039758,0.415765793439324,0.402063249076468,0.389494773830172,0.3932229433713,0.388016799241627,0.404568817847114,0.41485668184576,0.413440752623039,0.414412473464783,0.416655547128488,0.422658289452244,0.442865858446615,0.442599692888283,0.436689001163584,0.449348879146615,0.448518372047269,0.450265477116469,0.447830876859648,0.448741135672804,0.448070900323173,0.451518009332056,0.451736479552773,0.380915417353457,0.381161080905004,0.380825424939355
"CAF","Central African Republic",0.2062665981303,0.20627275201868,0.206415191885284,0.206557530162864,0.206879041596779,0.207147137862067,0.210994275126721,0.214845075387101,0.202935382267276,0.209156199420011,0.199837006265998,0.182508966480933,0.17553395869254,0.164782847962676,0.169687546615099,0.164468833056559,0.163615080885855,0.163558576139001,0.133763031479486,0.121505987208732,0.126340691739929,0.13101976823669,0.131710658505415,0.131209522143284,0.130955024192864,0.122050154571885,0.123602204545143,0.150968250187811,0.149849758978622,0.136827316140834
"TCD","Chad",0.236915359165273,0.236916207118489,0.235782563781734,0.234709417842635,0.234738908032257,0.234774852141536,0.233916489475683,0.233113519627647,0.225319989357416,0.23452337293614,0.217120395910392,0.203456208933791,0.1973516647967,0.184235309486363,0.193281305427595,0.189246562979769,0.185680250684446,0.182227719852627,0.17219218877132,0.170638316184622,0.172509219674702,0.169157055540299,0.171543248813193,0.169247400400934,0.168806564645865,0.170075011695816,0.16779633564214,0.198111446815928,0.195562312012037,0.166137950341569
"CHL","Chile",0.524259253417699,0.524659143465249,0.517526989550709,0.512042887872728,0.520739265593181,0.532609884175601,0.538974214306352,0.548852666839446,0.540885197469604,0.542497680782251,0.556494656513831,0.548288619561126,0.554477630442871,0.552962645278348,0.547930022336933,0.54694679367886,0.549144200754384,0.560685543833944,0.55838806996194,0.560775276372123,0.555867238043011,0.554986255235235,0.553814153530702,0.556574969522396,0.547373860871078,0.54187769194112,0.546282325131687,0.54237563354412,0.543640624658825,0.548057982134563
"CHN","China",0.358348635751432,0.359290508369374,0.355410889141062,0.351560701179258,0.35085443622269,0.353036720818543,0.348976909249046,0.347188074832278,0.352370750169917,0.360335818813559,0.364559567123679,0.373030227197405,0.3870259226111,0.399752742723599,0.414042973408075,0.425440085191476,0.434188221035743,0.427498291925491,0.429030681325365,0.435247691278232,0.450606043338015,0.453945799128058,0.466297721935655,0.472447200004968,0.539609700423203,0.551318399666469,0.556625283583973,0.444699422492402,0.453268126032888,0.454977786880392
"COL","Colombia",0.294710650517625,0.294349395762382,0.29202935915934,0.290754601174875,0.287954797085341,0.286487941924656,0.295450151547806,0.304361873298237,0.311431020738528,0.323563476348322,0.328197773278065,0.320876956522072,0.321931183319561,0.332050158770025,0.345337923116441,0.363982390592334,0.377305215872261,0.370602196316693,0.364642785862718,0.37787784757371,0.378785554519088,0.377830454760256,0.377241680318651,0.37520679513901,0.3719314927405,0.375413290879264,0.373777115883768,0.422722694048001,0.421389393321247,0.415760860663383
"COM","Comoros",0.310612334714817,0.31062783179084,0.31089964805316,0.311189009637117,0.305371697184566,0.299477346836157,0.313141835118454,0.326768547449391,0.310001725026963,0.307174187993645,0.308096990197151,0.318695565877304,0.303640968432036,0.29019566424506,0.290437216072415,0.290821120371244,0.290984886478342,0.289000280612724,0.29028071690748,0.298216500987682,0.295352917531103,0.292895207103525,0.291981700574504,0.28535601116198,0.277485307488591,0.276755178606586,0.276848540123977,0.251880149534307,0.255900009821425,0.259205277711487
"COG","Congo",0.245448844407976,0.245450415903794,0.2383510695439,0.231251579762952,0.240432095755281,0.250758698491431,0.248847499146561,0.247357353798279,0.252909141150434,0.25916157954748,0.24142418620766,0.243278826600213,0.240522344462704,0.23501451034076,0.238941341542141,0.236498679956113,0.232038056621672,0.223002523551058,0.220568026385042,0.223730530808259,0.219700350525349,0.21536834575096,0.210414951978494,0.211734866336511,0.208797308959864,0.210157740160114,0.216300893099521,0.223025119849631,0.223076749595518,0.223569269890757
"COD","Congo, the Democratic Republic o",0.174063187837684,0.173955298722996,0.169004938885704,0.16406108751552,0.165316795218666,0.166878495259211,0.173526847242817,0.180208951137225,0.184137203433818,0.195915088163146,0.197768646826342,0.18807946465751,0.183152833152438,0.18007989318262,0.181690106215613,0.170461283900963,0.182566425786565,0.178513807197846,0.175734619491131,0.168740444808753,0.180638588969836,0.187320926250495,0.180915436417194,0.187617834823829,0.188054042066728,0.187780520429819,0.192099018237697,0.18191668491739,0.180997117850583,0.178004679640907
"CRI","Costa Rica",0.422522981199543,0.421216605457881,0.427148497128528,0.430432774479884,0.430567396311064,0.432205038007778,0.422975410471361,0.420560073009738,0.41808045690624,0.422686164368769,0.427062170190216,0.421402749393027,0.418499333621134,0.424034565951796,0.428703898130118,0.435924448266222,0.428046296088795,0.435607436250431,0.442189790487037,0.455929398219692,0.46368609245689,0.469112034849642,0.467161736086119,0.46885720459096,0.469587607635987,0.470184035010962,0.469327115002611,0.462388225322712,0.465547717659273,0.476711983261918
"CIV","Cote d'Ivoire",0.290982699121496,0.289999914859787,0.282620234670934,0.274825779316505,0.257154038566903,0.239628930636838,0.235335572681116,0.231035314207305,0.22980084198826,0.212227540647228,0.205417619570245,0.205414942577574,0.215036792196968,0.212903879400615,0.223695921545364,0.20217743735709,0.201972308903741,0.211978141550393,0.21789867271874,0.252939501103214,0.27630622627509,0.276178198417799,0.272572770551127,0.279436711065041,0.287086975793087,0.289403776237653,0.294470614937689,0.29721687184856,0.297446176419607,0.307451391982768
"HRV","Croatia",0.428068397772852,0.428227857312284,0.433866189516161,0.437716122631469,0.452837812602639,0.470850669463994,0.484769547948785,0.494665135899463,0.507602321380036,0.510935867308857,0.507389430335753,0.496508156091322,0.50134709110061,0.497413955714325,0.490178049288452,0.49485604338688,0.491570716022994,0.488085345286894,0.487455073210057,0.48237734732442,0.49028039884733,0.4906557157128,0.489151663080802,0.489538134877279,0.496350960987778,0.490495974364453,0.49098257627813,0.527491694377301,0.529602404743178,0.5415587705709
"CUB","Cuba",0.260098049185061,0.257693133521892,0.258022252618034,0.256836682444861,0.26570982100599,0.268712300899615,0.270532231110996,0.271533619585349,0.271975452755571,0.289977673527154,0.305496982768175,0.357397074137428,0.377513615428067,0.391738547889985,0.388157404532428,0.36127765519164,0.342722906005933,0.331773381973277,0.318888409107284,0.32431679217414,0.326394489488291,0.317548958508353,0.329376122101891,0.331297790250176,0.337001209905228,0.346298238729912,0.342979006212873,0.346002619189254,0.342803359759303,0.326042310214536
"CYP","Cyprus",0.482903506975039,0.483469831373157,0.482423873917623,0.481607179380249,0.48496542675247,0.48890792965026,0.490775297779985,0.496823281385233,0.499440748169038,0.495617844269591,0.509882680786395,0.517306845433425,0.517399706267806,0.53151305747009,0.530398339112078,0.529404875756708,0.518291726789965,0.512140945900976,0.508549803851871,0.508079286085892,0.510704949779113,0.520172569122672,0.535829423850852,0.534396362983003,0.541693065028187,0.538276392853436,0.540954569256709,0.496013280044761,0.496391220448149,0.504149457315001
"CZE","Czech Republic",0.512726113211511,0.512848470175088,0.509890304205452,0.510087528061909,0.500640276131487,0.491232861204445,0.503804571933986,0.516698370407093,0.525937268247918,0.519583650280015,0.529803001566301,0.531012885031593,0.533675410649065,0.535259575860136,0.529529890561378,0.534415013083349,0.547175267534836,0.5497933943913,0.557482092488508,0.562217680764414,0.569137701108303,0.56642946218474,0.573291849404525,0.566090255846864,0.568012704057366,0.55991993022804,0.563447089717228,0.606509227635582,0.605612529482908,0.606858218342057
"DNK","Denmark",0.769281665298938,0.769726924538198,0.771538305471495,0.774906536676722,0.778978448670617,0.783205126739462,0.78509381519092,0.79192643784561,0.796061285345582,0.795113907165613,0.799357060641828,0.808562650461634,0.809182976710074,0.802666368165209,0.796496031035512,0.789553663622013,0.800257850477162,0.799875285059994,0.801987036034634,0.792179678317722,0.795324322774463,0.794027854815158,0.793975735277552,0.793245172487172,0.792357532403375,0.794933834235982,0.788782138607024,0.712892400883844,0.711983967318087,0.707141915822666
"DJI","Djibouti",0.313525165096515,0.313536626359071,0.312287836279672,0.311000355046694,0.315101460354434,0.319224602773554,0.319609127291646,0.319974255928417,0.314037816504796,0.32467046065663,0.313444222758759,0.32276133295216,0.323314312430636,0.333158374122705,0.334372759058333,0.324650892034576,0.314266689274283,0.312978749589824,0.298408156774407,0.30679936461453,0.312073594746387,0.31081131923971,0.325491091533666,0.33157505386809,0.33614604986692,0.33624049647212,0.33471684979557,0.32872120577283,0.328693927876265,0.327192953584806
"DMA","Dominica",0.607955627939099,0.607955627939099,0.60814349410956,0.60833136028002,0.607119947362918,0.605908534445817,0.6060372604304,0.606165986414984,0.607841772211758,0.59064245316134,0.598430601057734,0.604598754434435,0.596087985363747,0.591854497933861,0.591073830195895,0.593382237786731,0.585279088774905,0.57852517225708,0.573567976399586,0.556556543544686,0.551163194731417,0.543936235465202,0.543281419407701,0.536770850871838,0.517801291904112,0.515956737614837,0.51419776903814,0.617259946036614,0.617225307119262,0.612416199972222
"DOM","Dominican Republic",0.344088789706142,0.344146395215589,0.340084572793414,0.33826731248427,0.341502482149339,0.345137471316496,0.346413945166526,0.343209150650182,0.330455357922922,0.339684350824925,0.340588215362371,0.345287862596808,0.346999994506761,0.355866489226664,0.373391451041134,0.371495688064768,0.366490222590463,0.366594428419029,0.358108377884864,0.360063511694734,0.362553024784408,0.365634861742504,0.360648815374445,0.355209790406074,0.360004325832765,0.366518629110002,0.373433710234229,0.391168535741982,0.39554137171083,0.404711842449052
"ECU","Ecuador",0.337228772788478,0.337697713870481,0.341618487417074,0.345620592161888,0.328131812274193,0.320872708389706,0.319548514779338,0.318644841742137,0.32048584363419,0.322334678876079,0.317066866435976,0.315786122499882,0.314689015959568,0.310812062968478,0.312712099684327,0.309799709480138,0.314431144421486,0.31639986657636,0.317596551434706,0.321168605531928,0.316096519117749,0.324612407076385,0.323866648975079,0.331909832125286,0.333912760979757,0.343283913680104,0.345893831964473,0.360871141603763,0.356133369398635,0.348257452949247
"EGY","Egypt",0.339750568321156,0.340321363517779,0.338530256934283,0.336753094888723,0.336328203422223,0.335551978325153,0.331447029006559,0.329616917337623,0.324054447142726,0.324739103641487,0.3259168475115,0.325810326723762,0.333594571161919,0.354492267250078,0.359957272535991,0.35584349236821,0.343853513728997,0.340953696465202,0.325895679388306,0.330888531616245,0.330345788098302,0.330383524417632,0.335890757352485,0.335748844908443,0.33700674719925,0.343212189117125,0.342878742455248,0.374304677715202,0.376974259836902,0.377461868398211
"SLV","El Salvador",0.335300197650351,0.333132366668658,0.335251393739871,0.337400457632636,0.34119245454315,0.341439238819417,0.341957872229685,0.345069469847978,0.348445108115322,0.372155655879347,0.370732831185187,0.369983986146552,0.367587182006531,0.371882038632703,0.380870299069077,0.379329952407758,0.38047465268249,0.369450340221687,0.361096151879916,0.355314097501998,0.3478146412621,0.343352341691518,0.341730718541753,0.347278843018501,0.352016792261237,0.353911557037942,0.346356220745059,0.316394118697757,0.327441744709936,0.327831152276493
"GNQ","Equatorial Guinea",0.270525631106767,0.270565426067666,0.269903839914081,0.269317427963834,0.27075406146999,0.272245592662356,0.271801657438196,0.271489720167063,0.275234162975548,0.271649535379035,0.266321128792151,0.283957780022838,0.279017852405476,0.269662881369406,0.270933290605399,0.268179430396949,0.260972311272614,0.256880075399326,0.249749854548158,0.23790259994839,0.234803526596929,0.233937489371368,0.225148919632383,0.226705591683062,0.235222964118653,0.235124832407099,0.2377405173344,0.159855757898585,0.160643271718469,0.16091831161143
"ERI","Eritrea",0.274510400841162,0.274213954215826,0.273829677038266,0.273432546132634,0.272558870886788,0.271319167801232,0.275714888537071,0.279330817057108,0.272755405656852,0.267901323040431,0.261875238024985,0.247442414832914,0.23654288999033,0.230173668496416,0.227721117192173,0.219546626446636,0.217543843960185,0.208395756681535,0.197691743551567,0.199043490408958,0.191693508003792,0.18913679581404,0.1884849660538,0.184362629409475,0.185063112781532,0.187243385280747,0.186727709040754,0.177345006306066,0.180656799120263,0.175832855098391
"EST","Estonia",0.570950091169033,0.56810973932116,0.572170488386307,0.57749144235686,0.577872918558818,0.582443858608113,0.586914803220154,0.592789986253784,0.600481741274132,0.604687282074125,0.61337257001825,0.630098452755809,0.634406310074309,0.644184762077696,0.641597396620439,0.644869966266355,0.642497068647505,0.625953907082021,0.630172969347694,0.64174088793847,0.640827854416493,0.640849814486792,0.642035706948489,0.638853723015579,0.644668854960093,0.639018244443528,0.641529991928688,0.615102723173818,0.610849290704218,0.608752680573911
"ETH","Ethiopia",0.302065118541924,0.305188254390337,0.312284877513716,0.319342126267205,0.320825115890857,0.319376243208744,0.317641709619968,0.315864199221641,0.314678091576472,0.328397682760632,0.325082224892034,0.327212756010598,0.324930564256868,0.315052620666387,0.314043860436577,0.313590531787425,0.314627587671991,0.30420051958036,0.292897720408811,0.292065202486365,0.291009455670299,0.286470331962797,0.280681709295229,0.295591379348981,0.295698461015884,0.284534224901981,0.276848430631703,0.265283114660521,0.261980902600161,0.262399611191278
"FJI","Fiji",0.454627618060942,0.454739731294379,0.454994877564808,0.455384362137864,0.443961474425422,0.432701511273901,0.441008248883192,0.450299270186559,0.441918533372684,0.434776806348444,0.441163242869252,0.449347255855469,0.44595273256306,0.441010348492402,0.428994866197485,0.428309575851909,0.442807907821632,0.441235914735512,0.436805022286951,0.46301217839026,0.463451646707373,0.474752974696887,0.473677564850868,0.477664880983936,0.491948923667418,0.488952459272433,0.485894171483627,0.428418560785905,0.426792344412393,0.437832950515247
"FIN","Finland",0.773612740348161,0.773104516334438,0.776265499620805,0.78004023466236,0.782004629333385,0.783381107824498,0.787186178433903,0.794394450379499,0.797405196557787,0.790005003729962,0.798388515910494,0.803687108344066,0.799094170200369,0.797827390109987,0.790612208843345,0.788968907616422,0.78933811939375,0.794902961163344,0.789824216904312,0.783385795739178,0.770671761752372,0.768829225367383,0.770114555867334,0.767086349897494,0.768153661357083,0.773120538495498,0.774872485294213,0.726431002681905,0.723442813942593,0.727422161442255
"FRA","France",0.627844278895762,0.6281896350731,0.627717793542839,0.627384856893224,0.630668189251339,0.634344024003956,0.635296221496416,0.634391484323548,0.637703761697855,0.639976244301906,0.65800505433764,0.657644115186466,0.672935474869539,0.671818319674639,0.671407164000188,0.676745994048046,0.674388062901857,0.674495785841881,0.663721758946449,0.65993880067228,0.661035275115916,0.65946828880607,0.66501542794354,0.663272126693377,0.673512018893594,0.657257753856648,0.663933859487758,0.64830269167187,0.644287191834464,0.639418204668828
"GAB","Gabon",0.320770046823493,0.320809168755307,0.328552994958875,0.336296587601911,0.340310085840695,0.345280389854674,0.343954215257732,0.342870224666924,0.335961174695211,0.329133591965142,0.336623438505695,0.329877682836193,0.324056623162063,0.315921625093153,0.304313598459365,0.313116563152142,0.310233736920732,0.311836871947162,0.297887535755287,0.299291380592728,0.29828745981938,0.2913467689172,0.286210018640702,0.284885923747155,0.278281607603163,0.280480144982206,0.280519203672062,0.302349116082309,0.301897161580208,0.302032695505385
"GMB","Gambia",0.351079880081207,0.351037607583778,0.356683887230143,0.362334448143068,0.361957830805247,0.361583212779691,0.362345881820855,0.363112754026577,0.36692854326336,0.341328285256138,0.341363017363077,0.344524368089363,0.342998705215646,0.33133665593267,0.328588059956104,0.325773539883009,0.325226974791292,0.31514880526129,0.30579044623917,0.301198202023345,0.303879261193087,0.30132330080363,0.319672500809809,0.322205761666492,0.325587631325184,0.342954804659874,0.340389131764604,0.265706696150614,0.267678775994033,0.273013872693158
"GEO","Georgia",0.324479486417749,0.32425295139085,0.319890193915921,0.323079226342745,0.329447484921955,0.335131510917717,0.336731329085078,0.327578309353349,0.344732369060619,0.386064647760356,0.395011150691988,0.415046306912878,0.468389908349648,0.470699556232264,0.481923854192398,0.506255196926982,0.511149960324037,0.530025345843367,0.540471898010481,0.561525335577628,0.558888428112354,0.567848760783634,0.570441589548302,0.575991933982835,0.579026842535059,0.578978856821571,0.580818810971134,0.533709752770031,0.534127995962288,0.518512358392842
"DEU","Germany",0.722526960176213,0.72312159300111,0.724097383974145,0.725153665152765,0.729039742078859,0.733294282852407,0.732822746914036,0.735186448967264,0.731422003308339,0.730148031986876,0.739768298049038,0.738480926196653,0.740435488190188,0.730581285575414,0.725879865656329,0.721142712458584,0.718790541526845,0.717310112973206,0.715054705290545,0.720847596287217,0.712457031875258,0.711635849047624,0.710925714519358,0.712651497346337,0.708996703875241,0.703119515920616,0.70500888321726,0.68720989190044,0.684247167839999,0.680281280285757
"GHA","Ghana",0.343598173107196,0.343608807265869,0.341076291115006,0.338541439417676,0.348820439650835,0.359113006829656,0.3537891876338,0.34858916358311,0.347487887790046,0.351142365341229,0.355897625627329,0.3625590277267,0.362968312763211,0.368328449491595,0.37480988403758,0.371205277041785,0.377882090530704,0.371956128135072,0.371224087816715,0.350036144389464,0.352832061656343,0.349786523618097,0.355330924143837,0.353929308541279,0.348258532426988,0.351803924868481,0.347281634437493,0.349852178337902,0.351903526033337,0.356778020552939
"GRC","Greece",0.489812190538981,0.491289276982274,0.496792099777125,0.50110207377518,0.506072781705871,0.510893890631117,0.514696373456212,0.516083510491584,0.518812552419449,0.52009614553422,0.524147276450328,0.534745250335636,0.527142833072788,0.517486943082431,0.519975466835208,0.510044294180362,0.498913494959991,0.488960437551387,0.498902581638366,0.507218223351715,0.513646097118584,0.515636744937325,0.516869948106237,0.525847179185019,0.530994384738907,0.538128057550336,0.542300424233497,0.551863716996195,0.554243111333186,0.56390195167251
"GRD","Grenada",0.477779982148573,0.478069215269323,0.478991773683006,0.479501977118022,0.480204893677797,0.481246682124545,0.482164347701537,0.486468880022341,0.490030698665089,0.478238404945661,0.482454219850814,0.481117014983582,0.4715215397383,0.46656656164555,0.465124757671178,0.476647094561755,0.489562251305473,0.491270405085431,0.497300436766556,0.498968658470597,0.52148247694164,0.528541608520145,0.52367120931551,0.521197935443838,0.522269663809581,0.520398495199956,0.520812223006594,0.521013775181609,0.526210103275225,0.527867863034656
"GTM","Guatemala",0.289131537830585,0.288833412973366,0.290093737512689,0.290523159008407,0.298747320357371,0.307850408945685,0.302014691102309,0.296457214889073,0.299520510006059,0.311540721510141,0.306662115508352,0.300549643567978,0.30521166695798,0.307059197408798,0.30241981820185,0.306448389132097,0.305522084593375,0.298009128065812,0.297310386910184,0.309359390405507,0.31435400074783,0.317284771869805,0.312163155258535,0.306657993908229,0.312310412908468,0.312210916992684,0.31081240884546,0.317480508440444,0.322579034218151,0.328276188875971
"GIN","Guinea",0.30188800521756,0.30183930249408,0.30274061367041,0.303654763625444,0.293592426049198,0.283527051879995,0.280326009223471,0.277176044529869,0.282942000608719,0.290363963380301,0.288920261036871,0.265017165227158,0.248024900163082,0.250119101614893,0.250689326419745,0.255934148011158,0.26003190902343,0.259766580876531,0.266857456805204,0.275351275515427,0.294489856293582,0.304041628651542,0.302619966978527,0.301655079376595,0.311464518148045,0.309379638233418,0.308585507038666,0.294666861910305,0.292503238252269,0.28750864740896
"GNB","Guinea-Bissau",0.243005833175988,0.243011096333882,0.240007862637831,0.237015978356985,0.252295682034126,0.267664190202176,0.272052541010092,0.276651682322008,0.275983201110696,0.269102529555671,0.275887931346203,0.280081789888,0.275257047622889,0.263402565052413,0.260139889894739,0.258193171699669,0.255273796594255,0.250710613021788,0.24186873118433,0.24704198851007,0.250905734026527,0.256824696400168,0.257702562921906,0.259024278117393,0.26169244810308,0.266215573762127,0.266941944952808,0.280316543159758,0.283106432793919,0.275681366287866
"GUY","Guyana",0.356218193011472,0.356841258042542,0.360434226034091,0.362703313492176,0.357288426895519,0.35205949209321,0.349803181482587,0.3472621711572,0.351955781316055,0.350320900667235,0.348091261076334,0.340006298983257,0.329493995697016,0.325850051334393,0.320865029285203,0.32684626766097,0.319101648585503,0.310946371835497,0.310045231520839,0.315707680148818,0.317554513742479,0.327518496065229,0.328281261261455,0.329633644609671,0.336737988795942,0.345478512897963,0.354346684838829,0.381224448683355,0.380258709448868,0.385140615862348
"HTI","Haiti",0.268182880391517,0.268180687409061,0.263235591484093,0.258305561763009,0.259303272077901,0.260382992739663,0.250651392222532,0.241120715914124,0.246570765550671,0.242781693866357,0.238446618559162,0.251072088209034,0.248376531418488,0.252202999128632,0.251337479608053,0.240407924086609,0.23671565547114,0.234909610893568,0.234334776948185,0.224261211478003,0.224990248920023,0.225658288154963,0.227443670695621,0.228206673108405,0.222422749220918,0.21978483536852,0.212860997926876,0.208569258122299,0.203428197214073,0.199891681118003
"HND","Honduras",0.291932897107876,0.291215727349744,0.298822654767317,0.294442080158301,0.295307987812436,0.296580354951617,0.300562688530195,0.297727643056202,0.296621546529964,0.302179773361462,0.302104899988902,0.29487650720712,0.301631494191514,0.30168118088792,0.30647185707591,0.300346293189753,0.287249644617269,0.273764716849854,0.271104949691293,0.266853593214819,0.26796364626283,0.266370448086299,0.267986221812062,0.265352140790594,0.262120064612826,0.264780048670232,0.259713427701744,0.304440251286708,0.303070713420584,0.297501660806443
"HUN","Hungary",0.553103330060291,0.542426120907238,0.542772304912177,0.543989973550634,0.544442732339075,0.548927219501642,0.55730622713544,0.56151280720227,0.552486008370156,0.554824643468617,0.562808726742253,0.565314258391899,0.556909509865901,0.552990523489407,0.560856827709473,0.543087403613336,0.550283066772032,0.548633994629091,0.539161095990521,0.51736274572233,0.515410648999446,0.509521619698499,0.504924547333064,0.49755664035789,0.501174865378657,0.503544296303679,0.503888000546649,0.539031833180311,0.535452924142948,0.528576122558212
"ISL","Iceland",0.66696316153471,0.663697717936235,0.683444512677551,0.72140882593465,0.720750377163519,0.751989753793919,0.751315033491782,0.776566485351351,0.779393217039895,0.781033823425036,0.775159125419472,0.767901660115107,0.790960591295324,0.769575612295635,0.787857074609457,0.75710285906287,0.756503507424392,0.735783402641147,0.728345647805736,0.752897743142117,0.734093623621454,0.724544818581195,0.723215992684423,0.742458789022539,0.73302190998555,0.721457089473586,0.718856460198011,0.611794691125519,0.606032225073206,0.608533690395264
"IND","India",0.323292826918674,0.323719240730389,0.324573929822553,0.325902764837586,0.328766056059502,0.331683924658943,0.323617740170248,0.31595670505,0.314964580428344,0.328473584042578,0.330028636605112,0.325865363447631,0.319904615301742,0.320039759984496,0.313875330832657,0.310592384592249,0.305090573579425,0.304074187315332,0.301319958868925,0.295610653495391,0.300332385962595,0.321354446014657,0.336723103549449,0.347544536974979,0.362911591167984,0.381861111747307,0.384146340301292,0.358450126721714,0.357978645967666,0.362081405787814
"IDN","Indonesia",0.32847196780069,0.328596654209708,0.317071437544146,0.304526968878989,0.306911966547451,0.307196616620672,0.302606401475797,0.298412462981727,0.297710019560734,0.308046405487439,0.309918170148451,0.316514374887845,0.318899179672056,0.333870194121026,0.330329214561579,0.32815527167575,0.337307238886948,0.33881186570393,0.346385568513261,0.349933203608996,0.351295558390576,0.360987918399707,0.379811253757269,0.391943860114434,0.391618023093963,0.400904287821825,0.403020292465482,0.403701045144629,0.408103053898062,0.397848298877582
"IRN","Iran, Islamic Republic of",0.32282667997225,0.323810203768851,0.324712830920008,0.325999211792085,0.328361879691482,0.330917933036118,0.331175020301344,0.33068787126244,0.333825176310578,0.342949174590216,0.347853859853098,0.354487034030911,0.374433948857453,0.391393484636459,0.36042337680256,0.366380366955994,0.383395327003416,0.376443924828854,0.37427119768008,0.400429204865429,0.41616751491688,0.429195839390247,0.42858833560486,0.389067322640628,0.384298652228509,0.377612772708488,0.371961793012937,0.388823472901914,0.384143005838502,0.378915815171718
"IRQ","Iraq",0.301399366372721,0.301194045558006,0.301467851696535,0.301737271870151,0.302564379429894,0.303594211128629,0.303336858471418,0.303356922122658,0.307576836747901,0.297139495075785,0.302090597171336,0.291503289120877,0.282410072846265,0.283382882919913,0.281043765906221,0.285969790525927,0.289707442989625,0.280884963297432,0.277348765683547,0.277900633638555,0.269677327461767,0.26883207911507,0.282922178431471,0.283378201989771,0.283992924055098,0.280606159375453,0.285555791501459,0.197392310014931,0.196406755225526,0.209932858738367
"IRL","Ireland",0.602888329884669,0.605319597997982,0.60783093911391,0.610635790320495,0.611686166294554,0.613393541556633,0.616927703030269,0.621595268168901,0.621640995753371,0.612526278792709,0.63108661039654,0.634955811049204,0.637908452969167,0.630319929843455,0.619952281944381,0.616387842214073,0.610452142191273,0.603971911539144,0.613135469811662,0.621395698327944,0.631702108624811,0.629161039814854,0.625396027244535,0.626623148246625,0.612891864522164,0.610663345701626,0.613416605191654,0.605170735991151,0.607472266733052,0.604529144009406
"ISR","Israel",0.586749813340856,0.587664519249128,0.583999247220057,0.580356997451069,0.580056963917821,0.580725709434137,0.572517388356121,0.569371505416754,0.573716502377492,0.574815029099803,0.573797164838138,0.562400290170737,0.572709195295695,0.572635482188698,0.556711395620374,0.561756091600428,0.55894680206195,0.552575804388935,0.540053356098244,0.541003607226316,0.548161608989287,0.555222269545112,0.554027120741112,0.552138850413276,0.548570414922645,0.561701666470176,0.562581620783147,0.549268545643481,0.540477115848142,0.53975324788924
"ITA","Italy",0.536782596560814,0.536522027846729,0.535395800061899,0.534679003091286,0.538628250297321,0.554922890240477,0.554371196805494,0.554589843424936,0.551361695449081,0.552440400671514,0.56092128707824,0.558486504982786,0.553375189183551,0.540354406685731,0.5358546018626,0.529180018959825,0.522863655572734,0.511046677997577,0.502450900035011,0.511987455536205,0.519191734575778,0.519918758936667,0.515193984037178,0.529622930804378,0.5305517764449,0.536472408424082,0.544844326638564,0.599022057316481,0.604325147823497,0.600606062923487
"JAM","Jamaica",0.372586833345614,0.372179145561971,0.373065495255251,0.373104065200364,0.366191625924791,0.346928358051303,0.328621150288168,0.359879236807553,0.359206829883152,0.369644071781325,0.367896518424287,0.371185585438641,0.369016857303398,0.365276984201225,0.364231042850865,0.362099770228834,0.375115890628163,0.365252260265509,0.372081909616632,0.374825415679785,0.368523855103252,0.383173032332166,0.387833654866978,0.394752503927143,0.392759118846028,0.401102416104591,0.405169338702044,0.401929849132647,0.40178088109192,0.401846506495405
"JPN","Japan",0.664471040387566,0.665619517593821,0.661779210437205,0.657307555493372,0.663622245036815,0.670216587737302,0.668579747629465,0.667344041423154,0.675695720466374,0.679048553334392,0.687029592326895,0.689280560465622,0.683071343995655,0.67870398499855,0.688852993393764,0.686204704619071,0.700064046430312,0.698876635551887,0.698958643600966,0.711814318020403,0.707151921055819,0.704909237222433,0.708526599181492,0.704441770128481,0.704220638830608,0.701157689205898,0.701488413537458,0.671216987009078,0.669989217095892,0.667479460064185
"JOR","Jordan",0.398997235037505,0.400122122034941,0.407467170556822,0.413390446788262,0.413161949112395,0.412848788851503,0.402258303376308,0.390579179134284,0.410536721463798,0.416239501806066,0.425972172271799,0.414293339743647,0.426773102335561,0.432202338754382,0.42177518481013,0.416392961423144,0.419927973274076,0.424471014332695,0.414625257940295,0.414196615865711,0.419096843248215,0.415320480063578,0.413633852601816,0.411143449624484,0.409247870194838,0.415176477089813,0.412201634542032,0.417602365381483,0.422433687441132,0.427122487929933
"KAZ","Kazakhstan",0.362932688221963,0.361186665889481,0.373360811115226,0.38389355060062,0.383518292528626,0.385346219666831,0.393662472376212,0.398835182151646,0.408570041723755,0.412088499870084,0.423211014194311,0.421352179432667,0.430021532193619,0.430577005288616,0.44404008223993,0.447555038688935,0.44806192709493,0.45768631278352,0.45931279508773,0.476556832190835,0.470432397535067,0.464667542118971,0.483702970817477,0.479305613344336,0.486873808278732,0.48736966936663,0.486704568304528,0.475883017528846,0.481752431453136,0.483785972550386
"KEN","Kenya",0.30188543450317,0.301888504158299,0.299172971383944,0.295960230155993,0.297102225216617,0.29830361669449,0.302111844624803,0.305949695696055,0.310433898371875,0.312696702565396,0.306979846721886,0.299188298156328,0.286866961701718,0.279922379555345,0.27977858410114,0.274871018166941,0.262942849578541,0.256354706360587,0.258861094582842,0.264994470240805,0.260309993178746,0.265704288359294,0.277714850146642,0.282031119188209,0.284340039848244,0.287381932066149,0.288883945881337,0.272069445329731,0.272235622556456,0.267731788668047
"KIR","Kiribati",0.425138292746243,0.425153643623436,0.425058572623322,0.424945625482853,0.425146477927785,0.425327368070316,0.42576665154585,0.42617532847078,0.426217883492807,0.41915635852064,0.416876990512042,0.408738242464817,0.403408577430354,0.385622210661045,0.386146015028394,0.382720803973605,0.383232809961652,0.376645302408603,0.371213016038287,0.370339763792175,0.364350349299688,0.357005865180655,0.35988960194139,0.358247820867012,0.371131854057797,0.382506942196627,0.386197491577715,0.369814731338598,0.36953900718926,0.373405119075206
"PRK","Korea, Democratic People's Repub",0.381126388154046,0.381117616224221,0.387267198107357,0.393416779990492,0.396798483922079,0.40017806610063,0.395327326459271,0.390101180582637,0.376209433456146,0.374852840157662,0.380419412278161,0.378488892675525,0.377851782007852,0.373512570724894,0.370225914017893,0.395711424785067,0.395985924497411,0.362955884710756,0.356528887808855,0.348455596337509,0.347168407934171,0.355023966244733,0.35637981698508,0.356235765240247,0.358604255472473,0.362079646993787,0.359504900054604,0.374953488039495,0.379637813578904,0.379565173554497
"KOR","Korea, Republic of",0.651885780667916,0.652547901489741,0.649297141568652,0.646354941547849,0.65578786763865,0.667282530328166,0.677205719601473,0.683649706265377,0.688320350729983,0.700931259431638,0.712858719500422,0.711540067105359,0.723806441000223,0.715179462800513,0.716428843948487,0.727856914940108,0.732119996947901,0.73405025403273,0.737765560389895,0.736678197191205,0.732502258788223,0.729238730184346,0.732646682296715,0.738411493848703,0.736459735932759,0.740233727136306,0.745363544158927,0.718400383458056,0.723672861485106,0.721696183894012
"KWT","Kuwait",0.428324196174444,0.428950599648423,0.42452973455525,0.420771496439656,0.422285574334726,0.424020406197658,0.425739536489091,0.428518680847892,0.429642282062901,0.43027040935182,0.434928805413601,0.42394575950481,0.430489809011872,0.426921232763783,0.425791797818108,0.432564864563403,0.421173114191968,0.421102890057195,0.422254958010257,0.412729115443904,0.403902763452377,0.403662150370226,0.397640966807302,0.409081802030082,0.418082933766416,0.448619052382031,0.449253309134511,0.410289670542641,0.415172059725303,0.418129739613392
"KGZ","Kyrgyzstan",0.327888367915939,0.32891274291023,0.334163780515702,0.33454592635782,0.330910762671101,0.335916625312162,0.343330047233802,0.350586242786328,0.355746726536136,0.340025398122765,0.314181757223716,0.307482955096281,0.326663837027495,0.31766578622808,0.329933688073245,0.348158531417799,0.367087145690743,0.353587902593032,0.358341323745584,0.368671929767623,0.362907164996208,0.369996999410941,0.376564816798175,0.377257803190299,0.376737990470548,0.377085737000505,0.379147850131327,0.367620949821405,0.3668512844248,0.371772651451534
"LAO","Lao People's Democratic Republic",0.310808274934772,0.311184404066724,0.309060573290204,0.307345394929043,0.303961345744185,0.300597851428586,0.304535423806359,0.308782854111498,0.292044233672682,0.297777669487257,0.300165334133923,0.297115744909521,0.295686741264885,0.299408455328293,0.29759198096014,0.298423747960825,0.306038543249803,0.306771179908472,0.303427694982184,0.301622404883976,0.30263684270555,0.30055449173353,0.304543055592254,0.30989430389813,0.311413442818579,0.317904012916628,0.322219482826196,0.295563242717091,0.297908817154203,0.298912046045877
"LVA","Latvia",0.523395239387192,0.519842981379047,0.515030889371777,0.520099885190366,0.502430968111462,0.503590990762015,0.517142651396741,0.538260705592352,0.541864559152833,0.538387238666391,0.550405601769715,0.554887279172524,0.565531982445106,0.573939598334106,0.579034590644124,0.559983608009393,0.559593816477234,0.581623386047805,0.588374173545104,0.57976694204183,0.588421042951441,0.586651770207334,0.590867299768051,0.58580856671069,0.590243457251765,0.593453211668821,0.601543053155033,0.591629096506891,0.59062118861871,0.5886890528393
"LBN","Lebanon",0.349015481565064,0.349139931264741,0.346620109209991,0.343782023848718,0.351634268282008,0.358020022816343,0.360320765387265,0.361485885394457,0.359668702265245,0.361402795830923,0.356476636197878,0.335376071508037,0.323916154547111,0.329042153894222,0.338235288135353,0.338380824442968,0.343403632205738,0.338322986292659,0.337963480911784,0.328091060825833,0.326079433482481,0.319592339270462,0.315293616019007,0.31182226662896,0.304617146530548,0.297147154856926,0.297657785097091,0.335813390950579,0.333524138143378,0.329565770367288
"LSO","Lesotho",0.314739858086905,0.31331149955521,0.308299088491029,0.303272738861722,0.305579345540004,0.308079278836818,0.309638651021542,0.311378651246956,0.312604467248717,0.307690669987982,0.311913753296223,0.306097628266283,0.298212710685875,0.301170359238672,0.310788511273047,0.311495850504459,0.314316100006773,0.305775428521562,0.320486855433517,0.322707723779638,0.319040630510677,0.314836970362221,0.31533521003686,0.310840921821321,0.303973774716261,0.306786837076768,0.304858249730667,0.293171274836837,0.290874064219155,0.274323225126565
"LBR","Liberia",0.192015280400558,0.192014549406406,0.199029901176267,0.20603301010987,0.216793177923912,0.234751976406539,0.23016477976337,0.22557678880186,0.223107162530865,0.23852888462598,0.244177507035094,0.268370851151555,0.268314962602092,0.263172567070967,0.278506896010182,0.290776044072913,0.285311765941892,0.294892758840192,0.294817426285971,0.298806772369669,0.297127250672523,0.288239866200991,0.290068476736918,0.288656914261201,0.276199454259955,0.279181729635181,0.279281883813584,0.292979604727116,0.295770575232187,0.296049654866987
"LBY","Libyan Arab Jamahiriya",0.255365507022807,0.256165746065435,0.257153084453436,0.258366719502699,0.26338749085875,0.265885359709763,0.263913392600497,0.262863966348182,0.269283301425324,0.276499613502274,0.279898016997449,0.282375087526493,0.291115286931123,0.296661617002359,0.290422548137384,0.274607780505285,0.253316423123699,0.260895354120809,0.243349756078739,0.233764467101918,0.225834325624186,0.219838938829157,0.223076642509755,0.222085098008258,0.228250915420382,0.226875701771095,0.229871952449528,0.28437680994511,0.286519274932288,0.289646611337909
"LIE","Liechtenstein",0.556162069966839,0.556162069966839,0.556002226230461,0.55595203161689,0.555962033395462,0.556072306049936,0.561182835526195,0.568441973733827,0.56766643720623,0.556716360186006,0.585618944337753,0.593428702152782,0.606689744676811,0.615276838822099,0.634513495581844,0.636365534783003,0.642268356687103,0.642808797977203,0.644200664878354,0.64468888746871,0.638871377810312,0.640119444119515,0.642455094479831,0.644490114448306,0.64778503395482,0.64799746732866,0.644468549965131,0.669535803803749,0.669635378221638,0.669869945928591
"LTU","Lithuania",0.539739119983369,0.539381419006953,0.540519661842808,0.539938069079142,0.531568494922337,0.527004614885652,0.534931823819151,0.549884283138311,0.55792858412489,0.559047619475583,0.577891767001802,0.582891823510243,0.584173999485816,0.583203091902422,0.581060175756149,0.585436195613686,0.583560959963979,0.589390592072616,0.591780050801165,0.600717991420204,0.59591710551414,0.59813308397691,0.59577431618946,0.59845376878572,0.608646571933282,0.614871685677335,0.618479697878911,0.573108445107672,0.575598574721512,0.578695986124298
"LUX","Luxembourg",0.59763949695129,0.620857933202167,0.612588998547077,0.605473490373975,0.588570066488833,0.671393118780264,0.634999069561404,0.626858659706033,0.590248143920528,0.595743982419164,0.599672229748266,0.611435183493688,0.607667034895837,0.641919591557211,0.653529712662408,0.676535789795035,0.68357802089267,0.700183047960721,0.697661138156588,0.693876434252096,0.704889854296928,0.701984170262344,0.696988978820829,0.69857797263372,0.68505468639988,0.689341974522111,0.668354511914163,0.657182772109864,0.657812826710829,0.660595065451149
"MKD","Macedonia",0.392031187922194,0.382471574397676,0.383930821869046,0.386025815695245,0.373513288355063,0.36626351569591,0.36564204746605,0.364327126337478,0.367334801789283,0.39107036485885,0.385915619485514,0.388459366434402,0.412878762472175,0.407020034984607,0.418061299960324,0.411407378941802,0.414248551643771,0.445925266590777,0.448007602326256,0.467424748648718,0.468019504178401,0.464880795033942,0.467766420220313,0.467795700090938,0.464519940045688,0.46750452507904,0.468591870152488,0.450083460920773,0.448577042614143,0.458698282262994
"MDG","Madagascar",0.304610943137197,0.304101548086212,0.305246583358304,0.306065559275321,0.307921221962379,0.30734792574366,0.303358639783192,0.305827664478258,0.31603294904896,0.307759191154166,0.311880654171917,0.308785262559673,0.312001552379753,0.307416229571691,0.288628156346987,0.273804048254258,0.276391325853087,0.277124692655773,0.266538419651114,0.264897591514076,0.2654870123267,0.265604749606557,0.263627689076654,0.264228960417044,0.265477802086969,0.264987056651245,0.264729804594907,0.242962305871808,0.237970039795092,0.250154137600694
"MWI","Malawi",0.312991828003923,0.313035747440622,0.316251147307317,0.321334183768595,0.321181882806327,0.32119590617718,0.317051803482437,0.312920479498256,0.317287293657454,0.324735879007564,0.326265001612255,0.317895113981161,0.310171418039942,0.302339565504377,0.301247031883352,0.308605539000366,0.309731214231065,0.295941333024925,0.281331274799021,0.267596783679407,0.267032068132586,0.265811310826506,0.265771057770179,0.261517700022819,0.266370137671117,0.275281139680003,0.277262232608497,0.281342086831385,0.281771579610495,0.281162631504783
"MYS","Malaysia",0.455626368386266,0.45915600648442,0.451824019075577,0.448143698758661,0.451421340504383,0.456116288886307,0.464834329658285,0.474479668733376,0.485603954655244,0.486396906517762,0.479495685902001,0.472973198840529,0.464185378901413,0.45878218300151,0.4665654973517,0.472580043645657,0.472833694865336,0.503004457412055,0.508993504212679,0.519883626275825,0.522619070795017,0.516788443829465,0.504132680754767,0.515498302959531,0.528028545919495,0.522488851280455,0.521536021195253,0.458055986076299,0.457455814303733,0.464972902695939
"MDV","Maldives",0.441601776777576,0.441726602580328,0.440874726428751,0.440015448794773,0.449184644161661,0.458561680815915,0.46292593626065,0.467492152795129,0.470166968604742,0.447641251025348,0.468515734254885,0.470184581199475,0.45363825365069,0.446723855726163,0.450543414154211,0.44678576714823,0.439158652253493,0.431582363560321,0.411290768948707,0.415157764422395,0.41145573349516,0.412231007696625,0.411553474056334,0.413361493643305,0.421232893232934,0.431925378684958,0.43950140852247,0.409512761360848,0.407208594329709,0.405342274213178
"MLI","Mali",0.323130858927899,0.323209929410926,0.323044708187686,0.322603284164645,0.321145217892914,0.319450409888826,0.321260483931654,0.323648724640885,0.326567647282107,0.331726207732397,0.331748767651772,0.327573977357629,0.330103525833075,0.327853073609055,0.326913858427016,0.331043041342387,0.328210385465587,0.297833032683552,0.296370919517465,0.296403422294441,0.298864985040948,0.297678708701667,0.296450640313173,0.292549532341839,0.286395036046048,0.28077872003969,0.275596416792254,0.270372280912781,0.268561265060067,0.266006590181237
"MLT","Malta",0.471237932236672,0.464659901347138,0.49397814379031,0.481150838875895,0.489360143016218,0.511755338166913,0.518525057438393,0.515514398775535,0.519713894799589,0.505169675304025,0.51836132151962,0.518122654294351,0.524262200899959,0.533055248109401,0.526764656866351,0.53566360118999,0.525915622588948,0.531247296938359,0.528990001376221,0.510708407028281,0.519840158033978,0.50535860697053,0.51769283490476,0.518811222115907,0.503953629221234,0.51419401976999,0.508938463189418,0.490769865956769,0.491368460557562,0.487009962987085
"MHL","Marshall Islands",0.412091758337663,0.412157920110132,0.41206993518129,0.412050671325884,0.419745838463474,0.427500931667771,0.427747584934499,0.42812683552183,0.428976017328638,0.430287251352023,0.436210390320943,0.421701725303735,0.418463929484725,0.413170777949898,0.418896517957644,0.411274336610785,0.416552980308391,0.411914573019351,0.40943407951274,0.409065678323036,0.422022752445058,0.419701069033377,0.427097899808169,0.417816835068204,0.421822335875416,0.409554449049403,0.411947255969276,0.405658270442306,0.403692076987163,0.419904425085656
"MRT","Mauritania",0.354109622659666,0.353971289514162,0.353732146529524,0.353243194749261,0.354152483541719,0.354658467220769,0.36380952201329,0.373014094788428,0.364324103406078,0.346953031163622,0.342373114779233,0.342503543168283,0.340914201035612,0.313972384740637,0.325835325342203,0.320170390161484,0.317323885713744,0.318542570903043,0.309195924107093,0.313767081489313,0.316974587581098,0.329779069378872,0.335276477946305,0.342214672550594,0.341061352619915,0.342371489633572,0.339550879501289,0.295029345670437,0.295201664270135,0.293189637635503
"MUS","Mauritius",0.489724960681684,0.490429425726384,0.492656136861066,0.495948094860198,0.495092849775531,0.494365835892354,0.499573110305084,0.50102848644164,0.502118945477445,0.499023069238078,0.507154486629627,0.504479573074881,0.504890848335861,0.523305726662974,0.520327037566122,0.524815236377723,0.527856568333598,0.545933991994156,0.545883830469742,0.543468430214018,0.541254418096899,0.549014856422548,0.547664711415006,0.571243449185105,0.572905655613877,0.580532632389386,0.578743056469868,0.481405774657186,0.481040964780189,0.478402209502456
"MEX","Mexico",0.351361500082686,0.351146429834885,0.356966532706763,0.362886640059805,0.36972396411045,0.377101921908813,0.381092772227598,0.385167749700691,0.387541311793551,0.385172641319394,0.375812915676722,0.377230806405368,0.374520533277566,0.366941237229342,0.363600759812124,0.363842182589819,0.36883056975927,0.371463110283986,0.372545696326415,0.371710009555243,0.3686660751565,0.373342794925703,0.371200105331654,0.369542070319777,0.368393154102808,0.366346783231803,0.366429574861446,0.379706460884002,0.37954133120758,0.363612303757963
"FSM","Micronesia, Federated States of",0.407133685872446,0.407176083533265,0.407093687971747,0.407358134515492,0.40759406645636,0.407699875539166,0.408160567673503,0.408571283003845,0.409845685322726,0.414269478879321,0.422139798577067,0.414671522411707,0.404529520878322,0.383488384401855,0.384212678186247,0.375140167952126,0.363874508982235,0.363600586365356,0.360841074816734,0.365975639706105,0.370803212406078,0.367090073829059,0.36687045697785,0.364564977876721,0.361646838018273,0.36076103141475,0.36522357275564,0.353562868913536,0.353628727268294,0.361491274640426
"MDA","Moldova, Republic of",0.420070350153687,0.422810477047101,0.424442640814229,0.417473836111543,0.407357350693867,0.398488811029005,0.422142529053928,0.391663424858653,0.401098115278611,0.404100334699212,0.418271871846307,0.412215526679292,0.421995665259854,0.409770571012489,0.389955975078349,0.4134829365346,0.416444375985412,0.40812710403312,0.402950438433575,0.405135112491094,0.399342829897516,0.401998235996699,0.409350385248589,0.413815048411525,0.421633710674909,0.419973211599882,0.428306835091218,0.478698191883264,0.48304026793848,0.484409768344139
"MCO","Monaco",0.678679909282927,0.679507779744168,0.679150134050504,0.611903872305025,0.678807199844937,0.660712470616049,0.666548076901989,0.693049036451908,0.654156585721775,0.699826401216806,0.598932693688091,0.705783894739133,0.727159661943281,0.729892068841743,0.644484154066093,0.716356062799459,0.719275877591355,0.672610647929938,0.695135843025123,0.719158143520289,0.708982423257038,0.74952898927712,0.777577177538644,0.694730501592137,0.782526120056047,0.716564981678432,0.697698548187574,0.702070209645254,0.70579737545717,0.714860067054513
"MNG","Mongolia",0.421044628976855,0.419274795134151,0.432466284923028,0.426667429960299,0.42203781019816,0.416551699546593,0.423817605695754,0.434676554953943,0.43456615301795,0.422849568635312,0.417181862918695,0.411594286323697,0.40266659337249,0.391300652220434,0.399978399958881,0.404601127720407,0.403927807436705,0.404902773150746,0.415651849240328,0.433582376009897,0.429764620367693,0.429784436450604,0.436069446509086,0.435149130974798,0.43925421579987,0.435093115120592,0.444554533373356,0.383823734785023,0.388440320743536,0.389510528940727
"MNE","Montenegro",0.412009375836088,0.412009375836088,0.412009375836088,0.412009375836088,0.41433381748749,0.416658259138891,0.422329103442003,0.426980315774375,0.42437954220588,0.425903745579357,0.428063941222884,0.425682665727803,0.427375898560712,0.437655172482105,0.443639711471898,0.444095818444758,0.444036089753947,0.470460477241252,0.463195429251121,0.468668994805782,0.474270806565504,0.467345605302043,0.466999652277166,0.473180081696467,0.485550215357872,0.476500125794962,0.476179917322006,0.459685266989091,0.463154808272277,0.463177988606493
"MAR","Morocco",0.394689887837002,0.394785029798011,0.399011366536481,0.401958964326795,0.397345205680977,0.393083384594783,0.390890601540445,0.388573296392341,0.378692476779196,0.382962965268431,0.380762287751876,0.392663239242609,0.390645890977744,0.387887212703193,0.390491307427002,0.391691910880949,0.380337085236687,0.388638928555157,0.386845709933924,0.404964081300857,0.409754231361977,0.421903924621531,0.420249775399552,0.423512110508525,0.432390913414903,0.44190157312233,0.437812777474806,0.393546889128062,0.394349088656764,0.403185955547523
"MOZ","Mozambique",0.313002447720132,0.313012158771307,0.316175126199111,0.319341871209061,0.316066059795885,0.312783226342411,0.312406736269404,0.312084148622683,0.308998032450773,0.304982827767014,0.30628881678598,0.311166611486073,0.303260101979492,0.301796792765286,0.295501984949864,0.291036213746256,0.290878392106243,0.283225362226706,0.260670717147432,0.26836855780628,0.271551706282215,0.256997436967604,0.253568039072189,0.266453839365275,0.268082797402941,0.259987251971554,0.259665024102219,0.244663637219044,0.243435410111654,0.23376538512221
"MMR","Myanmar",0.176487242506792,0.177074474902756,0.176047696003778,0.175011066575732,0.176066450021425,0.177122854430531,0.175101826550041,0.171542591225796,0.174012775543641,0.172723634405119,0.175781493523797,0.184022440079729,0.181186931701458,0.180317341245171,0.179659652285677,0.199683771174514,0.203716388154196,0.197990701747255,0.207285682678285,0.220492272172488,0.234821991887263,0.264286810290391,0.269529935379783,0.272499789637848,0.27286525020464,0.290393080117443,0.263279617035115,0.224014121555884,0.220329031252464,0.21737204341139
"NAM","Namibia",0.42154511519228,0.421139746409215,0.415583296926722,0.411065295064149,0.406904049198306,0.403085883408911,0.403786827790434,0.403566431470002,0.402582113355734,0.395123738246505,0.395592847328129,0.402460985121121,0.399411248678837,0.404961650355266,0.397829759229913,0.388173804196478,0.383288939679227,0.3889997934456,0.385115535515669,0.383132924635194,0.384892124518796,0.383316666576813,0.377724043170194,0.381084719601215,0.378487321391782,0.376497294999911,0.378176237017435,0.348014408401593,0.345816934586405,0.348105072997245
"NRU","Nauru",0.54655575190141,0.54655575190141,0.546007381006331,0.545459010111252,0.545098384881221,0.544737759651191,0.545191003480152,0.545644247309113,0.545258547391158,0.544772723967458,0.565690049663507,0.565993161840923,0.555991819764295,0.555741685057679,0.581698153710196,0.599276593916024,0.598995932503341,0.603087733317706,0.572573058008373,0.55291425978425,0.570032691784341,0.560382047347708,0.559300174297297,0.559265101966347,0.558198915023567,0.55810827810039,0.557556170696008,0.571827328168293,0.5669310437084,0.570875040220214
"NPL","Nepal",0.386146721424991,0.385309590964017,0.381767875013336,0.378249879347744,0.368853549314038,0.359437327822207,0.353039439025082,0.346793704908563,0.34399227046763,0.334158728229156,0.335600668177286,0.343330427924961,0.340741957374681,0.332381240875282,0.332469679957594,0.334437665142164,0.328196450545895,0.331229483153066,0.332700353533768,0.341656726168713,0.342426887726677,0.342325988981818,0.343325642204891,0.345015612277125,0.338618541552583,0.338224941390385,0.341685174790184,0.359142390611867,0.363143148543155,0.327038551963688
"NLD","Netherlands",0.679463641032999,0.685987203915256,0.690146252176103,0.695673453929105,0.705669673687463,0.707031646436137,0.688547290602031,0.683495273234542,0.688026992713113,0.681095072470765,0.692137256768957,0.692934856090828,0.696229091722598,0.706825884168262,0.704400001496597,0.69905867974056,0.710343831065387,0.704397556508189,0.704401961380153,0.712423704771792,0.707606701411162,0.710087663602288,0.706582429350291,0.702267384904134,0.700347795512598,0.697270708054202,0.69626167653668,0.663252559824724,0.661995194453606,0.659388675804721
"NZL","New Zealand",0.769759395759685,0.770722873194876,0.773578031792276,0.779495602565929,0.781529956517439,0.781770664748994,0.78339409608646,0.784082389820698,0.786215361705829,0.789321087170735,0.790117581533898,0.795481238417149,0.79877547740966,0.796712982932651,0.799440253056605,0.798894387336999,0.803095496372461,0.80165969972878,0.79407852094556,0.796505915478329,0.797188379806923,0.798551715020268,0.797469377969439,0.790987105224989,0.71031465094345,0.708660875359074,0.705850857028831,0.629181266975434,0.628744984013967,0.621658061214208
"NIC","Nicaragua",0.309402297675126,0.309501886562498,0.307512596843239,0.306972493975664,0.309518665969648,0.312798405033673,0.314940899751356,0.317600351654947,0.324464277771238,0.330564114972294,0.335168442525541,0.325513208798346,0.324230870951319,0.312610895332944,0.303396755388706,0.293780359770081,0.294853319428721,0.30595532079087,0.308118840501364,0.303331812512475,0.308775475943883,0.306154261260096,0.308469627563564,0.281163429294176,0.279699439211827,0.284831832199939,0.280915939020182,0.308077656867803,0.308136957276573,0.305038191481593
"NER","Niger",0.273099444853616,0.273101199239581,0.271756706936856,0.270413583273314,0.273757113308903,0.277095883367713,0.276444710223226,0.275800934623838,0.280218524313957,0.280824621058299,0.284378078537638,0.293138889025957,0.304738988006829,0.301629457292332,0.294250005204469,0.291573794039442,0.302376855484458,0.293536618692651,0.29631802188704,0.293266401132882,0.297195467717814,0.299132996393446,0.306693919408533,0.323290712789719,0.329845670139361,0.322641830739076,0.322041741592036,0.308299150970052,0.300766271906335,0.295001703163958
"NGA","Nigeria",0.23266261252435,0.232662305400095,0.233321761423813,0.233985320493052,0.227773162941337,0.222002558985227,0.214987297758436,0.208047622282599,0.217275027595741,0.224191749698148,0.226548996609097,0.221808735552899,0.236158313692821,0.236883767731669,0.237349781462182,0.217460244064405,0.216507261057302,0.214635218436112,0.206560940041767,0.204893486664966,0.219851015138925,0.223046443957237,0.220041614455092,0.22229816665774,0.225011659700735,0.235069178497386,0.233158524244751,0.234386890366577,0.240628918630473,0.241642416149726
"NOR","Norway",0.767919752003117,0.771683429431116,0.773688232905759,0.774223536566349,0.776957381962464,0.778081339298317,0.78067144470845,0.784260647598932,0.781957843436675,0.779951675088277,0.790754972531485,0.795462039064998,0.793540129436349,0.792246183531207,0.78710954538401,0.786996536459667,0.789084897462741,0.787594045750726,0.801958217451035,0.797063547251173,0.79974508318328,0.800294741858825,0.800956251522007,0.797563915104376,0.783787329725423,0.777994906616109,0.783802149700906,0.701845866998923,0.703083176516546,0.700450602515794
"OMN","Oman",0.456286648894221,0.45631506426616,0.459014085108373,0.462094907182404,0.465041409618437,0.467843887379344,0.475491792613853,0.482613883594141,0.482011549863918,0.481701080780007,0.479898509806367,0.476736389460111,0.474107416284625,0.47375890014109,0.480972943016459,0.486967894159435,0.476576817571593,0.485237719484152,0.485360803567279,0.493066685155397,0.493645592056644,0.490376551360829,0.494916485524456,0.498666979265223,0.506703439341567,0.504852713509142,0.501671548392886,0.41999004727312,0.425500876397067,0.436374336117385
"PAK","Pakistan",0.327089865828898,0.32709020737989,0.322686804815191,0.318294645678196,0.316131888194822,0.314102280273699,0.314281553455213,0.312713034392353,0.31211253184126,0.308472018894133,0.311621368647343,0.316553133752668,0.310525709861828,0.29551837553856,0.297548702695669,0.285265802015369,0.27672190539324,0.269579167956172,0.267633690293675,0.275932364155122,0.276730650227517,0.277459304562847,0.279356669468496,0.281894965482081,0.287324963728719,0.311198104494459,0.313916929999387,0.303852859790139,0.298732276636795,0.310461648334846
"PLW","Palau",0.465646414692738,0.465646414692738,0.465463624394378,0.465280834096018,0.465160625686008,0.465040417275998,0.455717727136471,0.455869041790933,0.460095933496067,0.465338647432849,0.477604153470035,0.476744457103815,0.472363338375788,0.473112000525754,0.480116653536512,0.479369073148121,0.486600337691386,0.487584904803596,0.487978016763309,0.484553457833617,0.501819838140301,0.498335214309751,0.499603596692559,0.497114771229552,0.494417262890592,0.492972886290588,0.492304833385849,0.542890548107368,0.531164453914713,0.581624424881534
"PAN","Panama",0.391545704492099,0.395407866146077,0.401387262969989,0.406306896653608,0.405433662227247,0.40206856303174,0.406787513103539,0.411849519052317,0.409201264739511,0.412203028048442,0.40626301644601,0.403984066297082,0.404357537938076,0.408645351406272,0.407333217725612,0.403340966482556,0.407375009499801,0.394455996549186,0.393614954974246,0.406781275820804,0.409896879118732,0.413847541646144,0.407172709266407,0.412219158775202,0.402224332969454,0.397588234207724,0.402830869566426,0.383124049380047,0.380273573945991,0.377756669359113
"PNG","Papua New Guinea",0.346027175830215,0.34618404981324,0.349787951655214,0.353389524811309,0.350135687315099,0.346855860081881,0.339352693411468,0.331930814455606,0.328246542429271,0.331277185390864,0.316195434415099,0.316457805492188,0.317237310981355,0.31012846408307,0.304038236891086,0.302007970273103,0.299196847048542,0.292419662063999,0.287345645774118,0.295473220753766,0.288491185889186,0.285845554301853,0.283408823735123,0.284606002747618,0.277342672425017,0.283000332789767,0.279179262903924,0.224549316712615,0.227267106715396,0.222562629745792
"PRY","Paraguay",0.298589491025819,0.298977887699159,0.292843489506708,0.287712165160107,0.284335763654742,0.280986373851236,0.282528805371998,0.285995667108283,0.294651713925179,0.316050014908186,0.315970484560515,0.316519242443138,0.319333912597325,0.338975542436952,0.336995201528044,0.333331283657042,0.33874848103295,0.339235366925961,0.331853374129619,0.346736436782394,0.354555490634247,0.357990305251657,0.35517330604011,0.355076592359556,0.351860674276851,0.354797959167312,0.350303860765814,0.338434774479578,0.338726622447367,0.336081414537743
"PER","Peru",0.401992235195092,0.401508043394386,0.404133952527247,0.38013767156698,0.375624338621691,0.370526743390526,0.371175479192232,0.373148837340427,0.380178084828835,0.389502194591122,0.385182191629602,0.387232719780865,0.37970633155368,0.379922057931894,0.371611132180775,0.38802805376982,0.400561572978851,0.398597550845705,0.396222013752967,0.395746230666176,0.399589037705135,0.410093533408697,0.405508809455603,0.407783891366907,0.410893763053966,0.403680545230449,0.400282136745124,0.381455606298039,0.38223847284501,0.383299086832527
"PHL","Philippines",0.370972753220059,0.371726961879461,0.373926786463517,0.376738224507193,0.361618085151945,0.346615865450038,0.349191705750483,0.351615821266478,0.342482775742275,0.344029395775469,0.353485314809558,0.342773326387424,0.334170538375339,0.320687666152681,0.314975799172207,0.313363668156067,0.327726274347967,0.335412932822081,0.336945454761968,0.344217353010862,0.339525210265896,0.331711726425094,0.332450413639612,0.329725763211158,0.332461667198721,0.34154203773346,0.342155974339503,0.359169035323615,0.366688129342299,0.372101331852532
"POL","Poland",0.488866088147247,0.487312017104403,0.488749418906327,0.49080157222582,0.484593150121139,0.481766227766709,0.480034287381971,0.484529228074997,0.481860434963928,0.470718098235135,0.483694856945511,0.477351127319979,0.487295887613843,0.495353853759843,0.501792854349183,0.520020882383316,0.536327103013621,0.542810021460757,0.553788602267765,0.571162584311128,0.579718459977302,0.573789308355464,0.571422917226071,0.572157666865908,0.557598090529382,0.55298227089379,0.54601381332343,0.561169934214254,0.563773645087216,0.570141265194007
"PRT","Portugal",0.521145565673772,0.522212001581792,0.522049162066923,0.525057065900238,0.523967747976808,0.522816332912989,0.528253373180657,0.533661789453351,0.534297900575122,0.527068891099838,0.531743274569546,0.519925229177561,0.536181728284928,0.547445167768604,0.550528479947815,0.543889796334455,0.552514731387924,0.568478529900811,0.570965095850686,0.577514709211698,0.593865774399873,0.58635486965181,0.594076345938899,0.593485210797188,0.591576038752298,0.588991984398462,0.5934206487186,0.589677550497156,0.589739153827721,0.572031247034204
"QAT","Qatar",0.432997670777548,0.434784869042202,0.446436389923378,0.455045355682728,0.459962225587103,0.465939353070518,0.469376568692774,0.47322009513828,0.47976639112439,0.475239132469871,0.478722069166047,0.485467626637426,0.491751564173664,0.501236611767032,0.516841755979851,0.514682045057834,0.50300968924201,0.505488183694893,0.516184769823692,0.503431645216084,0.499896630889895,0.505503157494797,0.50621930311653,0.510068994238106,0.517719442335491,0.540592134963648,0.540590097150445,0.456824302945058,0.459519303105115,0.46203962552638
"ROU","Romania",0.434012314329311,0.43460146588927,0.431972368905,0.424553363532007,0.409566649864098,0.398879467974835,0.408493180311092,0.424514127942479,0.416229769727859,0.424259159079327,0.432637986449134,0.44715981786902,0.465979714004261,0.479469542322478,0.486181175975478,0.484979588154995,0.4768921866826,0.451073353768494,0.456107634324971,0.463079406162724,0.478013625443597,0.476733423853028,0.476214424365579,0.476125879255191,0.474676952317817,0.484608877638996,0.48841996450423,0.516317879008256,0.51331134491652,0.518046733586422
"RUS","Russian Federation",0.360690251749549,0.362628542692021,0.359068539309078,0.367289666210256,0.381038122230585,0.389708740660928,0.403414365682336,0.414693440219688,0.420084587934946,0.418231400943925,0.430970934747129,0.446427084060491,0.450747967303423,0.458719946080977,0.437506518679555,0.45131136878892,0.447786934754095,0.449768710343975,0.462218773991522,0.489478537492572,0.51548612177224,0.518454902427274,0.516331061370674,0.527814844990416,0.533030013346576,0.524380438825916,0.512325365394522,0.440835483926973,0.457854008146836,0.436549420971712
"RWA","Rwanda",0.252591440830949,0.252594839953756,0.251828588347945,0.251065166721868,0.253918159637414,0.256984347545432,0.26588842323194,0.274718168024683,0.288060833466263,0.298001756295258,0.297113474360483,0.305556086234691,0.308254573711231,0.321123550828158,0.339441410647574,0.364085086035212,0.371350194083767,0.368882931189921,0.360698004096977,0.383528625976854,0.387362279615153,0.388823065811193,0.392294390155995,0.397465767556237,0.39760093714749,0.411935512154942,0.412082886125448,0.442364773721237,0.448524038691712,0.421658024353681
"KNA","Saint Kitts and Nevis",0.48071069961701,0.481258945231045,0.48186870715957,0.48263455875512,0.483720836403458,0.485039710141806,0.486266694390108,0.492888080776378,0.498321110355722,0.502651170686507,0.547407247805596,0.552794714210334,0.540120319365908,0.540993957237484,0.562438324168006,0.582310677375035,0.586665556572528,0.58790282692144,0.590382221006989,0.538183572694371,0.56759515422582,0.561835274486873,0.58123768910302,0.558212127532892,0.557864501774558,0.561398105701218,0.560991684684245,0.618909183123601,0.619533399109107,0.619782706839847
"LCA","Saint Lucia",0.470181329126369,0.470474671711519,0.464919698791312,0.459385992241964,0.464771963360058,0.470694955492128,0.465925855737602,0.462120003529674,0.475372568756802,0.473715241546287,0.502207893271555,0.499921960453081,0.491252155183636,0.492981485254089,0.501435886820836,0.499912816155638,0.498579886503266,0.487875241278662,0.487041313107359,0.464934085239851,0.469244302120597,0.471125754559461,0.45871799591048,0.45077895545311,0.446132605746115,0.444161018822341,0.441181487630571,0.416861196219514,0.416400934404819,0.417209605150133
"VCT","Saint Vincent and the Grenadines",0.486686849461224,0.48705776114342,0.487297779632155,0.487650074836852,0.488408554983789,0.488757505237739,0.484874922010686,0.480856334782343,0.488589248112095,0.491554449501501,0.523427341596364,0.524153740418028,0.514146532771094,0.515740163464827,0.522665346054144,0.524845981777534,0.533988953469904,0.530595828602746,0.5078824752478,0.497104784420995,0.496777301911677,0.49781252287715,0.49172828786082,0.495544589210001,0.498986729704569,0.504569309938272,0.508994354777736,0.47398800221954,0.473964392336553,0.472449453024947
"WSM","Samoa",0.435592498162801,0.435624661905491,0.435747293274165,0.435870225938244,0.435870071155103,0.431681177993632,0.430770332689818,0.429782857075246,0.433493884967743,0.422095008273187,0.446440717181659,0.438688837999886,0.432309594901771,0.425259192175071,0.417269217511445,0.42657033404324,0.437559246518241,0.43744635208311,0.436766984932017,0.436377876386398,0.435061684532244,0.435790676212631,0.442733339243209,0.438910225640486,0.442663040674897,0.443344333311701,0.438625913939725,0.369720544678605,0.368726567389716,0.339940198939114
"SMR","San Marino",0.609889526245726,0.610344200668091,0.610312089197217,0.61148630643309,0.623867339033466,0.626357906455409,0.627668455635936,0.628503536445273,0.62860837359936,0.629795737357183,0.639388541933405,0.640313162356527,0.6412861877531,0.64780214709135,0.656837857766948,0.656213989019436,0.653758796950064,0.654787855722693,0.653581280807502,0.598711251501545,0.645701842798474,0.64736333537224,0.64999392850897,0.644780456355264,0.640451886541696,0.649992907813777,0.652258351215993,0.703427577489464,0.704868412696666,0.704981666663506
"STP","Sao Tome and Principe",0.365376045342687,0.365383355284208,0.365709741171106,0.365853378519992,0.365024053854783,0.365348230380665,0.364595010671067,0.363796125394874,0.353800892350361,0.342605905574978,0.348699316102808,0.337025325086826,0.333491682306695,0.332777305286504,0.334616132371766,0.334382571615776,0.334911883650276,0.364751732550391,0.355446136695313,0.358041780438164,0.363110480170053,0.359340526308133,0.36189092649572,0.365828055591222,0.366578787076764,0.366248351859822,0.370225243043064,0.359778302335958,0.359506229301046,0.358922727772194
"SAU","Saudi Arabia",0.403213697711306,0.403523562327285,0.405815277189985,0.406693449569932,0.412030298084112,0.414428446813005,0.414970699192498,0.416383107807773,0.4173048786054,0.402577121589563,0.407247505736421,0.401923984869667,0.407106186947957,0.433922133486901,0.429374965850285,0.446674775303434,0.445800110835816,0.444144548758342,0.457174891557916,0.461233750167568,0.471850978656853,0.491748543327043,0.492009682620585,0.500897565866647,0.507922085867505,0.540233920250005,0.550854327983834,0.466971669293791,0.478792616504591,0.493668839489803
"SEN","Senegal",0.326181361701442,0.326202966871225,0.328311143904297,0.330471983808614,0.332989769098026,0.335709992025309,0.339947086856139,0.343228312311186,0.326939293846155,0.330327843152362,0.329567697420271,0.311479718044962,0.310208849947597,0.305168038173968,0.327852136678365,0.31646384301106,0.317125412155101,0.320975226210393,0.317343532131255,0.31846587770837,0.327329402819942,0.341087477655213,0.33805246708328,0.349340421110497,0.354793129919599,0.359188719154605,0.359715451672966,0.373241613808535,0.37485647704426,0.37557165592604
"SRB","Serbia",0.325175317550942,0.325175317550942,0.314499627406707,0.303823937262472,0.304437300302622,0.305050663342772,0.325685968853105,0.34526912153123,0.35311816037964,0.363671944597155,0.34914072505844,0.391509263974037,0.404226107775215,0.403094940267465,0.397453465128319,0.398310637047846,0.398823198265938,0.396032360099642,0.40847016240748,0.419815431904807,0.413749467421823,0.416642270823541,0.44719182727887,0.45063705304158,0.452857107485133,0.444267899247027,0.443157266096825,0.480870773828072,0.484764268310595,0.479200633391456
"SYC","Seychelles",0.464008682775018,0.464396260963776,0.464980752194583,0.465587717820106,0.468829787869277,0.469654558930023,0.469153229347048,0.46837796084293,0.467115041614668,0.441524139967206,0.445219788447998,0.444684009944813,0.444480054895661,0.434990448437591,0.438830955192524,0.443110140738098,0.442336842815566,0.439889066254848,0.438971428149993,0.434663284341084,0.457271690537091,0.460877192887847,0.477423319903664,0.482642322432755,0.487736859758548,0.485665058281346,0.48794173681644,0.404390869430081,0.40698104764968,0.401503869556773
"SLE","Sierra Leone",0.230387633143407,0.230389938552763,0.228452230134848,0.226515973032723,0.228648240429899,0.230802128493941,0.238916811438864,0.246661767826418,0.251548647779177,0.266384878277711,0.2625686817846,0.258766692518446,0.255946665462666,0.246658814998205,0.265558972756428,0.266532899603537,0.275782039338229,0.281809881403116,0.279853658705165,0.285882998570744,0.292778207567332,0.291701884642056,0.302174249907781,0.302248428384264,0.301242119273536,0.298873684644703,0.299390364815737,0.280353655832188,0.275634834652419,0.265715553437922
"SGP","Singapore",0.686836733771989,0.699480017489148,0.70727568649569,0.708835425361041,0.722927853732956,0.749229137689446,0.752298356832429,0.768674218532891,0.770611536808741,0.772976119803431,0.765770845180688,0.776673978668394,0.785257362941792,0.78954990102937,0.772192816840079,0.784832055399411,0.800044056423386,0.809728593817373,0.809546654498254,0.807337518385319,0.802581864554205,0.80334809032494,0.807512982576404,0.811206638626282,0.811264255280899,0.812151757546646,0.81516158549202,0.745727124549488,0.744119682517201,0.749471845958623
"SVK","Slovakia",0.489896933526239,0.484641380293443,0.490663845491656,0.494007174705366,0.492818859725605,0.493738646498481,0.497398490830037,0.507220141060624,0.513822677208438,0.514314020430795,0.52450514606643,0.541051014799783,0.548651671983204,0.53922063161391,0.533541412610885,0.526839590145432,0.526134002436787,0.519016327890935,0.517250225511498,0.510545136664478,0.501192339719774,0.503536060781376,0.500774798422931,0.506946626515998,0.505929300946771,0.510717569367694,0.510987563373814,0.540350313134204,0.537516576110313,0.532769452113835
"SVN","Slovenia",0.596780614914115,0.59232146814029,0.590656920836083,0.59777858458498,0.583680876751566,0.584350640943022,0.586978110850563,0.590728802972619,0.590042874143027,0.597970654942544,0.616132841337135,0.608422409135939,0.615875648775694,0.604160639476241,0.627794832525652,0.639020351915738,0.643896811468684,0.642634308925828,0.634146600142362,0.63011976591657,0.623597572414381,0.625187462733973,0.616981180129808,0.610313615106573,0.609777428485227,0.601277413083275,0.601368347985153,0.607901997809538,0.608553400116037,0.607181502140734
"SLB","Solomon Islands",0.505508391883058,0.505508391883058,0.502796827120333,0.500085262357609,0.47394741769722,0.447809573036831,0.454708498864236,0.461607424691641,0.474054548658846,0.438607388054552,0.43113850902185,0.407320877695096,0.395546009972931,0.394182891598321,0.396157690342816,0.392982745574253,0.396592470412162,0.393478875299633,0.400778805997216,0.401447840156546,0.422833799461269,0.416017381754706,0.41471595324604,0.418435462728972,0.425339999772898,0.426786755968804,0.412175725644179,0.376965373571176,0.377062119530539,0.382470751481741
"SOM","Somalia",0.214066640715537,0.214066640715537,0.221958529104826,0.229850417494115,0.234652425283277,0.239454433072439,0.241739764033622,0.244025094994805,0.228692073110793,0.236315843613634,0.239975217615888,0.232628284215832,0.222978385303409,0.222719334629757,0.231731722521924,0.225120577806013,0.223149252103569,0.228777558047329,0.227458791454126,0.240424141492226,0.246050847365459,0.243891718617239,0.246613162668624,0.242928090145549,0.246169001533422,0.244756358058652,0.23966890188304,0.186042602384605,0.187653180678702,0.178195973899707
"ZAF","South Africa",0.395617766462035,0.393888951090713,0.390138625151323,0.38877351747235,0.388266742519622,0.394616415345493,0.395225987767846,0.395271843043917,0.395494775725707,0.398347466639287,0.399239959512835,0.396823337260211,0.389697216137553,0.378721084707089,0.380933605254779,0.379313858280349,0.376450130323826,0.375618767375764,0.378982591095244,0.377772228336131,0.369334760258227,0.382925716017506,0.368981745445587,0.364295123029263,0.363057583429471,0.361659455127942,0.365190683149098,0.314760127855354,0.314625906419348,0.3155681163869
"ESP","Spain",0.537939728618846,0.541956444414043,0.545560295276845,0.549963617429839,0.556056151087289,0.564085845187336,0.562610194027283,0.566092661649237,0.569071602862108,0.561924594567257,0.569529658290883,0.565297388683058,0.561745844429307,0.5586014182113,0.54679047071763,0.542725579417329,0.548774706196223,0.551706032020145,0.538398999696294,0.536664441872771,0.54391461738302,0.55146320913966,0.554960124360933,0.55153646632522,0.549641298129871,0.545417692145919,0.547874747515638,0.564020864746354,0.56034347898663,0.557203675832471
"LKA","Sri Lanka",0.373858514173061,0.372218740037023,0.373379783821552,0.373326597835407,0.370906221342464,0.366122830564423,0.375162138706529,0.383283319260937,0.379081368089795,0.380710492174265,0.373140711843675,0.363764373367733,0.359492734304851,0.355088023641463,0.358593997591891,0.358144611074211,0.356930490831376,0.354043913209171,0.360213605755827,0.365772295475312,0.386939122610164,0.3950498574943,0.394377604049977,0.395730132356509,0.408264914072907,0.405760840595572,0.398596440323774,0.336953530984483,0.338179332798886,0.34575800171573
"SDN","Sudan",0.253309113609493,0.253319097268228,0.25598241274271,0.258661254745944,0.258779444752569,0.259037584234424,0.265428334139823,0.271749713663938,0.263330213653193,0.277466624103903,0.268608742947688,0.273338628031263,0.269217492223993,0.265058266798332,0.264932961478411,0.259526033741044,0.258218021053586,0.251726022127494,0.250125544538313,0.245452449866652,0.245663532735396,0.248270053245767,0.249788954425836,0.251885551460763,0.248764304410944,0.251217589562818,0.247298764225865,0.210949506873831,0.200720898557099,0.194184515480098
"SUR","Suriname",0.349674790821393,0.349771654739215,0.351825933096176,0.353760775626107,0.353948885048363,0.354381337223407,0.355399689232517,0.356287257213118,0.356518332084528,0.351088137751518,0.359519228694145,0.351685906903846,0.347384967183005,0.348533253923903,0.344000411381005,0.334124282945814,0.335285459792765,0.332840210015001,0.328163632960199,0.32294925036734,0.329596468287901,0.326575118580096,0.332861312138625,0.327905059313787,0.329095169732376,0.332254182768573,0.337770837240451,0.370927546228846,0.372739125560924,0.37008197956357
"SWZ","Swaziland",0.359281572794562,0.359309906566492,0.358269588909133,0.357263889016448,0.355687766738806,0.354274498062627,0.352397493256654,0.350520236900347,0.351309453753197,0.335650497912673,0.332982963066746,0.349559234895763,0.341864574177557,0.341940495155746,0.338204873743098,0.327600421745511,0.323027927060215,0.322336095797527,0.322286125101967,0.318537432869641,0.317826690742197,0.316549839172214,0.32527720739458,0.314602455320865,0.313483128446465,0.315457800126938,0.307355103323822,0.310096966433254,0.306209131022639,0.301038447981803
"SWE","Sweden",0.749048447256799,0.750077588172208,0.752724020503416,0.754355284020114,0.758770563218241,0.762408757489639,0.766592925026673,0.775465564907849,0.778901170020475,0.776320852575103,0.777082978972883,0.778257590977802,0.776041901477147,0.772150978311413,0.767204432637672,0.766195647511945,0.774879140551938,0.768972102905654,0.759224267410136,0.750607578378407,0.756296242042492,0.760635000727061,0.757059742926484,0.749501044509692,0.746619111533804,0.742076824752514,0.743267105688104,0.687224238174309,0.682615028637045,0.681406434070363
"CHE","Switzerland",0.725022072004835,0.725449660298571,0.729717192386701,0.734066019302497,0.739997721897915,0.746655348617695,0.749407388889356,0.752447251980895,0.749472556481137,0.74597780742617,0.750458669688844,0.756532774082642,0.759544484951411,0.756427359041784,0.74677714209332,0.744544161226603,0.742534672290204,0.73864412062466,0.737232386787993,0.733668053494621,0.732545707237039,0.730231101360315,0.721347074915552,0.716811383538573,0.718227308847559,0.710688621271589,0.705018732193104,0.676779561288728,0.677152797195345,0.673899271656072
"SYR","Syrian Arab Republic",0.349338746411878,0.348646855609682,0.34753800146955,0.344623981001232,0.34140177718398,0.341176225514831,0.347742916903455,0.35598919746883,0.35138330088673,0.345209877735887,0.339839423559361,0.328099021892394,0.32772123959921,0.321472148944026,0.341258047399525,0.332249135967653,0.309275611674408,0.287672893625111,0.278124813540393,0.261921627655785,0.259667079668539,0.250366169577485,0.236597534626456,0.236217874097185,0.230987889182178,0.229868585207776,0.225672648062127,0.278887874455284,0.279169033040931,0.280903243327103
"TJK","Tajikistan",0.230527198316139,0.229642007697012,0.234114265977252,0.240003335416763,0.245284459345075,0.251085278247319,0.261960177927827,0.268058992286452,0.269276092903871,0.272918064882075,0.270766377256843,0.273179781728768,0.277319736735236,0.273340043729252,0.270327330539245,0.271509303248701,0.280722311333267,0.273749791812549,0.269549330873292,0.277061779873357,0.286774916751362,0.295524243593781,0.302417184332754,0.314910734645204,0.311703590557677,0.320113570338288,0.32148487092846,0.312868979313171,0.314928240781203,0.315609639016942
"TZA","Tanzania, United Republic of",0.320576929650857,0.320606715322176,0.32129090283839,0.321885855644914,0.319265612332739,0.316623461953416,0.316071859381412,0.315537311320828,0.311653510621186,0.320598569065222,0.321972565889459,0.330022831526083,0.324011366323039,0.318742149298903,0.320492835800032,0.313270745510242,0.316098582836396,0.313688538112699,0.303290240853101,0.302371831747297,0.302676705587623,0.30434560881455,0.299760800217725,0.295187380259353,0.295484632873727,0.295326120203693,0.294464600375858,0.338250183247508,0.343650783445822,0.33630020822472
"THA","Thailand",0.454343732406273,0.455430304805209,0.457419493898545,0.461348104664657,0.469234487779803,0.47429218870344,0.466908752742113,0.459315450567053,0.44892357890971,0.447052707023039,0.445959654686079,0.433609906108243,0.433145186378856,0.433807596831135,0.452603069843118,0.445822376888745,0.44989540997657,0.447627945012192,0.450614818332362,0.448282558811082,0.444682826873586,0.452216185177393,0.455867156125291,0.467924237140749,0.478607566291769,0.486951368443224,0.489115379236261,0.353626796656159,0.356500620260387,0.350774699521965
"TLS","Timor-Leste",0.38478684015765,0.38478684015765,0.38478684015765,0.38478684015765,0.38478684015765,0.38478684015765,0.372331807289007,0.359876774420364,0.374678186659421,0.374996298866162,0.367285355920197,0.333922393313709,0.328429391476483,0.344892660772674,0.354908465133346,0.376240021976199,0.381556615269044,0.382487617035107,0.375301849136113,0.38409193442518,0.395701253168289,0.40019340942511,0.391332256547078,0.394256426606552,0.404867820685502,0.393635850386555,0.399299616680039,0.29161617768455,0.293453730779183,0.286198038054137
"TGO","Togo",0.308458106648045,0.308455876222564,0.306230333685563,0.303992603866432,0.304811117059979,0.305622996433254,0.304745731644683,0.303880651881525,0.297405022767313,0.294525014250776,0.272318410759625,0.279591882429663,0.283788891981556,0.280295210053026,0.275799586854217,0.284782130798894,0.282600013491322,0.275281445962695,0.272903669278708,0.284500234781838,0.296862361262473,0.310628558414144,0.30690293116881,0.309141885510978,0.325669625289988,0.355451491544159,0.357691542566094,0.349988996529453,0.350081094350649,0.353562352122858
"TON","Tonga",0.429420504425195,0.429692070984867,0.429528799764165,0.429700307429254,0.429805423345877,0.432347618398873,0.43213733958649,0.434118421939358,0.420041603618716,0.423250143153867,0.403466084845678,0.397003802029514,0.398284121957867,0.401891988800408,0.411111849265359,0.430053575020463,0.432658222883075,0.430182269385535,0.427834292049002,0.418917453265369,0.418940535710304,0.417868893081281,0.425136549502198,0.429156316146853,0.424372880061018,0.436130670915554,0.44641766302849,0.343802389547421,0.350939534179463,0.353345544228539
"TTO","Trinidad and Tobago",0.39820134792525,0.392162966053464,0.396359386141133,0.396261783240705,0.389638563452027,0.383324147334774,0.382885270308355,0.383184695169716,0.380544407776998,0.383737092707399,0.385781211565296,0.376038885072518,0.378134284327613,0.374404495078931,0.371795164901745,0.36866465708078,0.372047903173152,0.370081819550826,0.369666158777839,0.365955293663873,0.369615509075341,0.362047551854236,0.364055248783134,0.357253670395181,0.353564443439479,0.351391962673729,0.356135054524698,0.331024286557458,0.328783965165423,0.32744199473545
"TUN","Tunisia",0.422050109414934,0.42350726017077,0.426236212407048,0.429380995349439,0.432669633346204,0.434172049507931,0.436080565103859,0.439330833474252,0.440626713183943,0.442973718544984,0.441786370417109,0.456456259108844,0.451392203964347,0.449272207664311,0.452964930292936,0.446040260233419,0.454304971750536,0.446650963670439,0.436985007175969,0.441199597701567,0.437005196555694,0.433545195757039,0.437666579411,0.440891942850832,0.447079345716519,0.453884631055962,0.447442830376676,0.344538333324615,0.342456297673215,0.340483234198013
"TUR","Turkey",0.378831110297012,0.380047997427382,0.379449505840186,0.377535601645483,0.386743965316697,0.395972937794579,0.395575071738533,0.396001837764923,0.401451377088132,0.403345924206241,0.420750682929256,0.42875214784992,0.430994502628379,0.436506741553514,0.440603467062165,0.44555888135377,0.444040624368714,0.448320191731086,0.454980871105588,0.458323183528533,0.459734690989564,0.441631255529033,0.456300892116015,0.458596981000902,0.475234514082177,0.478953594746543,0.483927337727343,0.485608447793067,0.475925446357307,0.471959733205169
"TKM","Turkmenistan",0.24693625405889,0.246983951427312,0.24905201064434,0.251536502011694,0.249739652326056,0.247673104292909,0.251150565655562,0.254524190190675,0.253735229550467,0.234925876639053,0.221050460306175,0.215956490479011,0.23038037549481,0.237942076582048,0.238134695285294,0.241359398808337,0.239712896530191,0.241530676373971,0.241867293872374,0.239470056206295,0.238305374440935,0.234583908354131,0.236656467083627,0.240485781240599,0.240510550393453,0.245667360612512,0.244092052022586,0.230869747308327,0.232075917026873,0.235173798669
"TUV","Tuvalu",0.399805361357903,0.399792203463166,0.39952130748931,0.399559622041771,0.399471414689914,0.39938496374605,0.399853778816631,0.400481008010075,0.400782121403849,0.396112012264566,0.406716050832169,0.398605187769857,0.395505241759316,0.387674417192251,0.393514247517406,0.3966498600863,0.401014361649887,0.38595998202398,0.38739023745502,0.406579370427388,0.410273834166446,0.413108339311611,0.409135415078002,0.414223161075284,0.4227114181156,0.419575785099016,0.423624676970973,0.430886345138112,0.433493558117091,0.449793463308838
"UGA","Uganda",0.309265862417081,0.309385951408605,0.304046498101666,0.298719531526812,0.290996574990241,0.286077020610646,0.286103870550936,0.286367205946208,0.288217557796118,0.30325043064519,0.300286310408115,0.302951480911822,0.300882044695673,0.300061979703657,0.293453411101276,0.294323913125908,0.294074902657473,0.277248716738627,0.265037108930618,0.264727117076106,0.268404788520473,0.273096539677845,0.278092186194893,0.273509072684131,0.267882485075132,0.266921215178889,0.265652958007456,0.257471570602207,0.257428141038504,0.25509320486508
"UKR","Ukraine",0.309268490547164,0.30600654898571,0.313262078590324,0.317328609733357,0.321741097170159,0.324079728095307,0.342357287719161,0.302173985784416,0.306373038475464,0.334864554627494,0.338497918021338,0.339225880969021,0.344178967069341,0.336491004401648,0.326963157836709,0.33186745462978,0.334207890740144,0.33154030745666,0.338826897751646,0.359791295989555,0.370704555025586,0.388186567142004,0.395660595851917,0.407318726130778,0.418678158598027,0.412880845228297,0.409711627144591,0.438017501743165,0.44841622636598,0.455330649320028
"ARE","United Arab Emirates",0.511643488046365,0.511944158819212,0.511783117005059,0.511801406847268,0.515249308754145,0.519043050058519,0.53056745605904,0.541897396983968,0.541435626180959,0.52162573054109,0.522556854071542,0.52795831268435,0.529434545559246,0.529062714703619,0.530063332605713,0.542793225658937,0.559201898489044,0.556191213732817,0.573649366631121,0.580329200988748,0.580331716970907,0.584634192944905,0.591494816724357,0.593921511365137,0.598444364511704,0.596681904627593,0.59855757891634,0.482478462114322,0.482342133573333,0.490174111754568
"GBR","United Kingdom",0.700042066534105,0.700661975098773,0.703818494553574,0.70783968736959,0.710013532978429,0.712273642316977,0.708746224251424,0.710953986819961,0.711677304389047,0.709207666312438,0.708583582606109,0.709581221768041,0.703004855624264,0.694078377768111,0.683343747117617,0.699357851949472,0.696263967848314,0.696948006544907,0.695524092291973,0.70555932217479,0.714297315331749,0.716541635660217,0.713614140480674,0.704791050026618,0.708610298112141,0.701467908015661,0.69978076622328,0.66060021186226,0.655938510722962,0.653486991996167
"USA","United States",0.720721636246277,0.722061197997438,0.722862966145516,0.724731985948167,0.730114857888982,0.736437973734265,0.735544866290079,0.735441892434587,0.727849196831963,0.72712448247877,0.731036510027266,0.731341402771166,0.726846123745864,0.728174917165264,0.722279194551456,0.721982977386824,0.718379428648811,0.718129832924373,0.708026777303339,0.681248041210182,0.680606195918909,0.678630211538456,0.675335019514328,0.671941691973989,0.661579631855819,0.656084557835219,0.658753893855164,0.635620864317027,0.633232725712705,0.63182182794691
"URY","Uruguay",0.432364999379273,0.43098505460386,0.437596107307315,0.441224231671639,0.440228957179419,0.441617395574869,0.443903121236522,0.443042116815519,0.442976036800069,0.432996916300827,0.440882485690389,0.452467272320905,0.459411027791326,0.457100243822412,0.465730378768204,0.466303637071369,0.465471805835604,0.485534736592046,0.494273491859357,0.499831485285901,0.498321502330719,0.50069747611291,0.500374510223341,0.504846160612538,0.507319471248818,0.51067325572318,0.520466547912353,0.489339404673484,0.487598922063638,0.487580642876365
"UZB","Uzbekistan",0.26442159176206,0.26191506050489,0.258060313192434,0.254365091899475,0.257111978191241,0.259024153398022,0.273070046927247,0.2851020684025,0.279553297396049,0.269941509415797,0.250903962279076,0.256176636771596,0.26506510409693,0.267431662660396,0.262875215753468,0.263641140209983,0.260423940772777,0.268603715233072,0.27895285292006,0.297701956129611,0.305461224143263,0.317005251039256,0.321474865857607,0.356799635945168,0.366468370266349,0.371704371210135,0.391073216624857,0.421364756860029,0.430366232724334,0.442240630672812
"VUT","Vanuatu",0.410302267826008,0.410325447529305,0.410145963943112,0.40999035320302,0.414839655444813,0.42031350054306,0.420609218239532,0.421977049295098,0.417413737471787,0.403369052964592,0.416932122358297,0.404850798283023,0.399065023208943,0.390919883061435,0.399057927701888,0.396013226665046,0.396435392738121,0.39049212319731,0.387585979882986,0.389785958671434,0.368145899635873,0.365239190061919,0.373512321060751,0.367734268565242,0.367203560651475,0.365633437966162,0.366824302109714,0.27595232857711,0.273713168164773,0.300711442122575
"VEN","Venezuela, Bolivarian Republic o",0.282908732160241,0.282209782302811,0.281614671480439,0.279986519720081,0.2796676518823,0.279138311203946,0.27058479994082,0.256701032601821,0.252706438418677,0.256857050058626,0.257674098320822,0.258334275175918,0.246765585638347,0.245457260814961,0.239183812283181,0.233706892667178,0.237352732263372,0.229919138019118,0.219212345479014,0.204434788644348,0.201529741159575,0.196055747785175,0.186782465343772,0.173484216051108,0.174636935490689,0.174551407149297,0.178190729551463,0.242251179783761,0.246324410961853,0.232023543075541
"VNM","Viet Nam",0.379378761390422,0.380132682041981,0.380277100238982,0.38043009188491,0.381344743312919,0.381203006403827,0.377942955842366,0.374748365143569,0.37497337047838,0.37675594656585,0.389562656414042,0.392680515179161,0.391697365474354,0.38813059593815,0.384735951522375,0.375873899799556,0.384983022555873,0.375104414836409,0.37685710313699,0.378843326763942,0.386368290667024,0.407025252299398,0.407681569051473,0.411905968894887,0.424835171491777,0.43530276654967,0.43833207444232,0.421028287539182,0.414676678333398,0.416940492457566
"YEM","Yemen",0.322081308550142,0.322087952626713,0.320494662652699,0.32017136919841,0.319806560625981,0.318134427696577,0.313529858675005,0.309150096392968,0.311117583181165,0.318892403360977,0.321795860620877,0.330008825655326,0.325669402575875,0.31547009316667,0.335450885214222,0.328093214680817,0.316043041055156,0.316372607004768,0.288790138589236,0.279678160870466,0.269191077368216,0.260710722880167,0.254882852924268,0.24651818294851,0.245285025780438,0.244014671057338,0.243204968232048,0.257320754643518,0.25914861340959,0.256055770638161
"ZMB","Zambia",0.337732381672227,0.337816794207535,0.338528600028024,0.339246378038219,0.341459861541847,0.343779357195601,0.34309435628196,0.342315325522097,0.348867098784372,0.336846577818559,0.340291478813779,0.342154941186263,0.341315601248077,0.340498810907815,0.342017622052995,0.333540460972767,0.33936814017547,0.333666647110885,0.328157515960866,0.329664637249612,0.322330661120821,0.314969806427355,0.314570235725041,0.314171790568422,0.307102053938141,0.303534523981848,0.307363274146416,0.274846800517964,0.275003901055359,0.274176097568187
"ZWE","Zimbabwe",0.285374731415527,0.284063790979794,0.278396250120754,0.272724648646265,0.252760953197906,0.232825377309622,0.226349950487875,0.219880117844947,0.219400531043376,0.226948207868529,0.216905072158295,0.21613957771539,0.208326913191945,0.183132293960875,0.177150910796506,0.182342427115774,0.181104628691988,0.18666563438202,0.184399041015977,0.183183063946567,0.199604721909045,0.195844903238568,0.199787052735122,0.202159839262041,0.200751449288024,0.205924063517035,0.206444287635308,0.218456300078374,0.218540985344262,0.219534781281216
