ID,Clee,Nombre de la Unidad Económica,Razón social,Código de la clase de actividad SCIAN,Nombre de clase de la actividad,Descripcion estrato personal ocupado,Tipo de vialidad,Nombre de la vialidad,Tipo de entre vialidad 1,Nombre de entre vialidad 1,Tipo de entre vialidad 2,Nombre de entre vialidad 2,Tipo de entre vialidad 3,Nombre de entre vialidad 3,Número exterior o kilómetro,Letra exterior,Edificio,Edificio Piso,Número interior,Letra interior,Tipo de asentamiento humano,Nombre de asentamiento humano,Tipo centro comercial,"Corredor industrial, centro comercial o mercado público",Número de local,Código Postal,Clave entidad,Entidad federativa,Clave municipio,Municipio,Clave localidad,Localidad,Área geoestadística básica ,Manzana,Número de teléfono,Correo electrónico,Sitio en Internet,Tipo de establecimiento,Latitud,Longitud,Fecha de incorporación al DENUE
1059370,09015611312000136000000000U1,ACADEMIA DE SAN CARLOS,UNAM,611312,Escuelas de educación superior del sector público,101 a 250 personas,CALLE,EMILIANO ZAPATA,CALLE,ACADEMIA,CALLE,JESUS MARIA,CALLE,SOLEDAD,39,,,,,,COLONIA,CENTRO,,,,06060,09,CIUDAD DE MÉXICO,015,Cuauhtémoc,0001,Cuauhtémoc                                                                                                    ,0771,021,,,ACADEMIASANCARLOS.UNAM.MX,Fijo,19.4331231,-99.12804346,2014-12
1059395,09003611312000251001000000U4,ALBERCA OLAMPICA DE CIUDAD UNIVERSITARIA,UNAM,611312,Escuelas de educación superior del sector público,101 a 250 personas,CIRCUITO,ESCOLAR,CIRCUITO,EXTERIOR,CIRCUITO,ESCOLAR,CIRCUITO,EXTERIOR,,SN,,,,,CIUDAD,UNIVERSIDAD NACIONAL AUTÓNOMA DE MÉXICO CIUDAD UNIVERSITARIA,,,,04510,09,CIUDAD DE MÉXICO,003,Coyoacán,0001,Coyoacán                                                                                                      ,0770,001,5556220601,CONTACTO@DEPORTE.UNAM.MX,,Fijo,19.33050909,-99.18477607,2010-07
846442,09002611312000033000000000U8,ANTIGUA ESCUELA DE CIENCIAS QUIMICAS,UNAM,611312,Escuelas de educación superior del sector público,11 a 30 personas,CALLE,MAR DEL NORTE,CALLE,FERROCARRILES NACIONALES DE MEXICO,CALLE,SANTA CRUZ DE ATENCO,CALLE,FERROCARRILES NACIONALES DE MEXICO,5,,,,,,COLONIA,SAN ÁLVARO,,,,02090,09,CIUDAD DE MÉXICO,002,Azcapotzalco,0001,Azcapotzalco                                                                                                  ,0792,003,,,WWW.QUIMICA.UNAM.MX,Fijo,19.46054124,-99.18718393,2014-12
1061178,09003611312000923002000000U8,ARCHIVO GENERAL,UNIVERSIDAD NACIONAL AUTONOMA DE MEXICO,611312,Escuelas de educación superior del sector público,101 a 250 personas,CALLE,NINGUNO,CIRCUITO,MARIO DE LA CUEVA,CALLE,NINGUNO,CIRCUITO,MARIO DE LA CUEVA,,SN,,,,,CIUDAD,UNIVERSIDAD NACIONAL AUTÓNOMA DE MÉXICO CIUDAD UNIVERSITARIA,,,,04510,09,CIUDAD DE MÉXICO,003,Coyoacán,0001,Coyoacán                                                                                                      ,0770,017,,ARCHIVOGENERAL@DGSG.UNAM.MX,WWW.DGSG.UNAN.MX,Fijo,19.31263545,-99.17909713,2010-07
886057,09015931610002332011000000U4,ARCHIVO HISTORICO DE LA ESCUELA SUPERIOR DE INGENIERIA MECANICA Y ELECTRICA,ESCUELA PUBLICA INSTITUTO POLITECNICO NACIONAL,611312,Escuelas de educación superior del sector público,11 a 30 personas,CALLE,BELISARIO DOMINGUEZ,CALLE,ALLENDE,PEATONAL,PLAZA DE LA CONCEPCION,CALLE,REPUBLICA DE PERU,16,A,,,,,COLONIA,CENTRO,,,,06010,09,CIUDAD DE MÉXICO,015,Cuauhtémoc,0001,Cuauhtémoc                                                                                                    ,0644,021,5555260611,,,Fijo,19.43846307,-99.13879092,2014-12
9301984,09014611312000187001000000U7,AREA CENTRAL DEL TECNOLOGICO NACIONAL DE MEXICO,TECNOLOGICO NACIONAL DE MEXICO,611312,Escuelas de educación superior del sector público,11 a 30 personas,AVENIDA,UNIVERSIDAD,CALLE,REAL MAYORAZGO,CALLE,MAYORAZGO HIGUERA,CALLE,PUENTE XOCO,1200,,,,,,COLONIA,XOCO,,,,03330,09,CIUDAD DE MÉXICO,014,Benito Juárez,0001,Benito Juárez                                                                                                 ,0967,004,,D_PERSONAL@TECNM.MX,WWW.TECNM.MX,Fijo,19.36160276,-99.17055324,2020-11
1061157,09003611312000665002000000U5,AUDITORIA INTERNA,UNIVERSIDAD NACIONAL AUTONOMA DE MEXICO,611312,Escuelas de educación superior del sector público,6 a 10 personas,CALLE,CIRCUITO CENTRO CULTURAL,CIRCUITO,ESCOLAR,AVENIDA,AVENIDA DEL ASPIRANTE,CALLE,CIRCUITO CENTRO CULTURAL,,SN,,,,,CIUDAD,UNIVERSIDAD NACIONAL AUTÓNOMA DE MÉXICO CIUDAD UNIVERSITARIA,,,,04510,09,CIUDAD DE MÉXICO,003,Coyoacán,0001,Coyoacán                                                                                                      ,0770,020,,JOSE.MONTERO@PATRONATO.UNAM.MX,JWWW.PATRONATO.UNAM.MX,Fijo,19.31145341,-99.18590793,2010-07
686157,09016611122000583020000000U5,BENEMERITA ESCUELA NACIONAL DE MAESTROS,SECRETARIA EDUCACION PUBLICA,611312,Escuelas de educación superior del sector público,251 y más personas,CALZADA,MEXICO TACUBA,AVENIDA,MAESTRO RURAL,AVENIDA,DE LOS MAESTROS,CALLE,SALVADOR DIAZ MIRON,75,,,,,,COLONIA,UN HOGAR PARA NOSOTROS,,,,11330,09,CIUDAD DE MÉXICO,016,Miguel Hidalgo,0001,Miguel Hidalgo                                                                                                ,0088,006,,,,Fijo,19.44470385,-99.16731034,2014-12
7717392,09003519122000174001000000U4,BIBLIOTECA CENTRAL DIRECCION GENERAL DE BIBLIOTECAS,UNIVERSIDAD NACIONAL AUTONOMA DE MEXICO,611312,Escuelas de educación superior del sector público,251 y más personas,CIRCUITO,ESCOLAR,CIRCUITO,ESCOLAR,CIRCUITO,ESCOLAR,CIRCUITO,ESCOLAR,,SN,,,,,COLONIA,UNIVERSIDAD NACIONAL AUTÓNOMA DE MÉXICO CIUDAD UNIVERSITARIA,,,,04510,09,CIUDAD DE MÉXICO,003,Coyoacán,0001,Coyoacán                                                                                                      ,0770,007,5556221625,BCENTRAL@DGB.UNAM.MX,WWW.DGB.UNAM.MX,Fijo,19.33084064,-99.18121942,2019-11
907469,09003611312000353000000000U8,BICIPUMA,DIRECCION GENERAL DE SERVICIOS GENERALES Y DE MOVILIDAD UNIVERSIDAD NACIONAL AUTONOMA DE MEXICO,611312,Escuelas de educación superior del sector público,51 a 100 personas,AVENIDA,ANTONIO DELFIN MADRIGAL,CIRCUITO,MARIO DE LA CUEVA,CALLE,ESCOLAR,CALLE,ESCOLAR,,SN,,,,,COLONIA,UNIVERSIDAD NACIONAL AUTÓNOMA DE MÉXICO CIUDAD UNIVERSITARIA,,,,04510,09,CIUDAD DE MÉXICO,003,Coyoacán,0001,Coyoacán                                                                                                      ,0770,028,5556225535,BICIPUMA@DGSGM.UNAM.MX,WWW.DGSGM.UNAM.MX,Fijo,19.32367584,-99.1744871,2014-12
846586,09005561431001482011000000U7,C.A.E. MANUEL L. STAMPA ORTIGOZA,CENTROS DE APOYO,611312,Escuelas de educación superior del sector público,11 a 30 personas,CALLE,MANUEL DE ANDA Y BARREDO,AVENIDA,JUAN DE DIOS BATIZ,AVENIDA,WILFRIDO MASSIEU,AVENIDA,INSTITUTO POLITECNICO NACIONAL,,SN,,,,,COLONIA,NUEVA INDUSTRIAL VALLEJO,,,,07738,09,CIUDAD DE MÉXICO,005,Gustavo A. Madero,0001,Gustavo A. Madero                                                                                             ,0718,002,,CAEMLSO@IPN.MX,,Fijo,19.49775521,-99.13623384,2010-07
1059342,09003611312001313000000000U1,CASA DE LAS HUMANIDADES,UNIVERSIDAD AUTONOMA DE MEXICO,611312,Escuelas de educación superior del sector público,11 a 30 personas,CALLE,PRESIDENTE VENUSTIANO CARRANZA,CALLE,TRES CRUCES,PRIVADA,MONDRAGON,CALLEJON,CALLEJON DEL HORNO,162,,,,,,COLONIA,SANTA CATARINA,,,,04010,09,CIUDAD DE MÉXICO,003,Coyoacán,0001,Coyoacán                                                                                                      ,0130,001,,,,Fijo,19.34785133,-99.16519137,2014-12
1059343,09015611312000223000000000U7,CASA UNIVERSITARIA DEL LIBRO,UNIVERSIDAD NACIONAL AUTONOMA DE MEXICO,611312,Escuelas de educación superior del sector público,11 a 30 personas,CALLE,ORIZABA,AVENIDA,CHAPULTEPEC,CALLE,PUEBLA,CALLE,CORDOBA,24,,,,,,COLONIA,ROMA NORTE,,,,16700,09,CIUDAD DE MÉXICO,015,Cuauhtémoc,0001,Cuauhtémoc                                                                                                    ,1002,009,,,,Fijo,19.42277837,-99.16078574,2014-12
11501479,09007611312000143000000000U4,CEDE IZTAPALAPA INGENIERIAEN GESTION INTEGRADA DEL AGUA,ORGANISMO COORDINADOR DE LAS UNIVERSIDADES PARA EL BIENESTAR BENITO JUAREZ GARCIA,611312,Escuelas de educación superior del sector público,11 a 30 personas,CALLE,REFORMA ECONOMICA PRIMERA DE FORD,CALLE,REFORMA DEPORTIVA,EJE VIAL,8 SUR (CALZADA ERMITA IZTAPALAPA),CALLE,REFORMA URBANA (ZACAPEXCO),,SN,,,,,COLONIA,REFORMA POLÍTICA,,,,09730,09,CIUDAD DE MÉXICO,007,Iztapalapa,0001,Iztapalapa                                                                                                    ,4999,010,,AA.IZTAPALAPA@GMAIL.COM,WWW.UBBJ.GOB.MX,Fijo,19.34294425,-99.03243866,2024-11
1000477,09015624112000064011000000U4,CENTRO CULTURAL CASA TALAVERAUNIVERSIDAD AUTONOMA DE LA CIUDAD DE MEXICO,UACM,611312,Escuelas de educación superior del sector público,11 a 30 personas,CALLE,JUAN JOSE BAZ,CALLE,REPUBLICA DEL SALVADOR,CALLE,RAMON CORONA,CALLE,ROLDAN,20,,,,,,COLONIA,CENTRO,,,,06990,09,CIUDAD DE MÉXICO,015,Cuauhtémoc,0001,Cuauhtémoc                                                                                                    ,0911,001,5555429963,,,Fijo,19.42822989,-99.12760888,2010-07
816287,09005611698000323012000000U8,CENTRO DE ACTUALIZACION Y CAPACITACION PROFESIONAL LOS GALEANA,FUNDACION UNAM,611312,Escuelas de educación superior del sector público,11 a 30 personas,AVENIDA,FRANCISCO MORAZAN,CALLE,VOLCAN AJUSCO,CALLE,VOLCAN PARICUTIN,CALLE,MONTE DE LAS CRUCES,110,,,,,,COLONIA,LA PRADERA,,,,07500,09,CIUDAD DE MÉXICO,005,Gustavo A. Madero,0001,Gustavo A. Madero                                                                                             ,1932,014,5529479703,,,Fijo,19.47472175,-99.06999384,2014-12
9305596,09016611312000323001000000U3,CENTRO DE APOYO POLIFUNCIONAL CAP UNIDAD SANTO TOMAS,INSTITUTO POLITECNICO NACIONAL,611312,Escuelas de educación superior del sector público,31 a 50 personas,CALLE,PLAN DE AGUA PRIETA,AVENIDA,DE LOS MAESTROS,CALLE,ELIGIO ANCONA,CALLE,PLAN DE AGUA PRIETA,,SN,,,,,COLONIA,PLUTARCO ELÍAS CALLES,,,,11360,09,CIUDAD DE MÉXICO,016,Miguel Hidalgo,0001,Miguel Hidalgo                                                                                                ,0073,019,,CPHUMD@IPN.MX,,Fijo,19.45323444,-99.16661472,2020-11
9228992,09005611312000403000000000U6,CENTRO DE APOYO POLIFUNCIONAL CAP UNIDAD ZACATENCO,INSTITUTO POLITECNICO NACIONAL,611312,Escuelas de educación superior del sector público,11 a 30 personas,AVENIDA,INSTITUTO POLITECNICO NACIONAL,AVENIDA,JUAN DE DIOS BATIZ,AVENIDA,WILFRIDO MASSIEU,CALLE,MANUEL DE ANDA Y BARREDO,1936,,,1,,,COLONIA,NUEVA INDUSTRIAL VALLEJO,OTRO,INSTITUTO POLITECNICO NACIONAL,1,07738,09,CIUDAD DE MÉXICO,005,Gustavo A. Madero,0001,Gustavo A. Madero                                                                                             ,0718,002,,CAPZAC@IPN.MX,,Fijo,19.49923352,-99.13248068,2020-04
849634,09003931610000431012000000U2,CENTRO DE CIENCIAS DE LA COMPLEJIDAD,UNAM,611312,Escuelas de educación superior del sector público,31 a 50 personas,CIRCUITO,INVESTIGACION CIENTIFICA,CIRCUITO,INTERIOR,CIRCUITO,ESCOLAR,CIRCUITO,INVESTIGACION CIENTIFICA,,SN,,,,,OTRO,UNIVERSIDAD NACIONAL AUTÓNOMA DE MÉXICO CIUDAD UNIVERSITARIA,,,,04510,09,CIUDAD DE MÉXICO,003,Coyoacán,0001,Coyoacán                                                                                                      ,0770,008,5556224182,YACORTEZ1@YAHOO.COM.MX,,Fijo,19.32318976,-99.18001629,2014-12
9230364,09015611312000344001000000U1,CENTRO DE EDUCACION CONTINUA CEC INGENIERO EUGENIO MENDEZ DOCURRO,INSTITUTO POLITECNICO NACIONAL,611312,Escuelas de educación superior del sector público,11 a 30 personas,CALLE,BELISARIO DOMINGUEZ,CALLE,ALLENDE,PEATONAL,PLAZA DE LA CONCEPCION,CALLE,REPUBLICA DE PERU,16,38,,,,,COLONIA,CENTRO,,,,06010,09,CIUDAD DE MÉXICO,015,Cuauhtémoc,0001,Cuauhtémoc                                                                                                    ,0644,021,5557296000,,WWW.IPN.MX,Fijo,19.4384644,-99.13880028,2020-04
9228987,09005611312000351001000000U7,CENTRO DE EDUCACION CONTINUA CEC UNIDAD GUERRERO,INSTITUTO POLITECNICO NACIONAL,611312,Escuelas de educación superior del sector público,51 a 100 personas,AVENIDA,MIGUEL OTHON DE MENDIZABAL ORIENTE,CALLE,MARIA LUISA ESTAMPA ORTIGOZA,AVENIDA,MIGUEL BERNARD,AVENIDA,MIGUEL BERNARD,,SN,,,,,OTRO,NUEVA INDUSTRIAL VALLEJO,,,,07738,09,CIUDAD DE MÉXICO,005,Gustavo A. Madero,0001,Gustavo A. Madero                                                                                             ,0718,005,,CAPHMD@IPN.MX,WWW.IPN.MX,Fijo,19.50904296,-99.14026018,2020-04
1061080,09011611312000024002000000U8,CENTRO DE ENSEÑANZA INVESTIGACION Y EXTENSION EN PRODUCCION AVICOLA EN TLAHUAC,,611312,Escuelas de educación superior del sector público,31 a 50 personas,CALLE,MANUEL M LOPEZ,CALLE,SAN RAFAEL ATLIXCO,AVENIDA,TLAHUAC,CALLE,MANUEL M. LOPEZ,,SN,,,,,COLONIA,SANTA ANA PONIENTE,,,,13300,09,CIUDAD DE MÉXICO,011,Tláhuac,0001,Tláhuac                                                                                                       ,1338,001,5555584500,,WWW.FMVZ.UNAM.MX,Fijo,19.3020773,-99.04451572,2010-07
849690,09003611312000676000000000U2,CENTRO DE ENSEÑANZA PARA EXTRANJEROS,UNAM,611312,Escuelas de educación superior del sector público,101 a 250 personas,AVENIDA,UNIVERSIDAD,CIRCUITO,ESCOLAR,CIRCUITO,ESCOLAR,CIRCUITO,ESCOLAR,3004,,,,,,OTRO,COPILCO EL BAJO,,,,04510,09,CIUDAD DE MÉXICO,003,Coyoacán,0001,Coyoacán                                                                                                      ,0770,005,,CEUROPA@SERVIDOR.UNAM.MX,WWW.CEPE.UNAM.MX,Fijo,19.33674137,-99.18780758,2010-07
7804686,09003611312001362001000000U8,CENTRO DE EXPOSICIONES Y CONGRESOS,UNIVERSIDAD NACIONAL AUTONOMA DE MEXICO,611312,Escuelas de educación superior del sector público,11 a 30 personas,AVENIDA,AVENIDA DEL IMAN,CALLE,NINGUNO,CALLE,NINGUNO,CALLE,CIRCUITO CENTRO CULTURAL,,SN,,,,,CIUDAD,UNIVERSIDAD NACIONAL AUTÓNOMA DE MÉXICO CIUDAD UNIVERSITARIA,,,,04510,09,CIUDAD DE MÉXICO,003,Coyoacán,0001,Coyoacán                                                                                                      ,0770,017,,,,Fijo,19.3092063,-99.17702735,2019-11
9228984,09005611312000324001000000U4,CENTRO DE INCUBACION DE EMPRESAS DE BASE TECNOLOGICA CIEBT,INSTITUTO POLITECNICO NACIONAL,611312,Escuelas de educación superior del sector público,251 y más personas,AVENIDA,WILFRIDO MASSIEU,AVENIDA,LUIS ENRIQUE ERRO,CERRADA,MANUEL L. STAMPA,AVENIDA,JUAN DE DIOS BATIZ,,SN,,1,,,COLONIA,NUEVA INDUSTRIAL VALLEJO,OTRO,INSTITUTO POLITECNICO NACIONAL,1,07700,09,CIUDAD DE MÉXICO,005,Gustavo A. Madero,0001,Gustavo A. Madero                                                                                             ,0718,003,,,,Fijo,19.49788159,-99.143801,2020-04
9228972,09005611312000205001000000U5,CENTRO DE INNOVACION Y DESARROLLO TECNOLOGICO EN COMPUTO CIDETEC,INSTITUTO POLITECNICO NACIONAL,611312,Escuelas de educación superior del sector público,101 a 250 personas,AVENIDA,JUAN DE DIOS BATIZ,CALLE,NINGUNO,AVENIDA,LUIS ENRIQUE ERRO,AVENIDA,WILFRIDO MASSIEU,,SN,,,,,COLONIA,NUEVA INDUSTRIAL VALLEJO,,,,07700,09,CIUDAD DE MÉXICO,005,Gustavo A. Madero,0001,Gustavo A. Madero                                                                                             ,0718,003,,CIDETEC@IPN.MX,,Fijo,19.50466989,-99.14226284,2020-04
1059537,09015611611000632020000000U4,CENTRO DE INVESTIGACION COREOGRAFICA,INSTITUTO NACIONAL DE BELLAS ARTES,611312,Escuelas de educación superior del sector público,31 a 50 personas,CALLE,XOCONGO,CALLEJON,AGUSTIN DELGADO,CALLE,LORENZO BOTURINI,CALLE,FRANCISCO J  CLAVIJERO,138,,,1,,,COLONIA,TRÁNSITO,OTRO,INBA,2,06820,09,CIUDAD DE MÉXICO,015,Cuauhtémoc,0001,Cuauhtémoc                                                                                                    ,106A,003,,CICO@INBA.GOB.MX,,Fijo,19.41814063,-99.13173666,2010-07
9228548,09002611312000085000000000U8,CENTRO DE INVESTIGACION E INNOVACION TECNOLOGICA CIITEC,INSTITUTO POLITECNICO NACIONAL,611312,Escuelas de educación superior del sector público,51 a 100 personas,CERRADA,CECATI,EJE VIAL,4 NORTE (CALZADA AZCAPOTZALCO-LA VILLA),EJE VIAL,4 NORTE (CALZADA AZCAPOTZALCO-LA VILLA),CALLE,MICHOACAN,,SN,,,,,COLONIA,SANTO TOMÁS,,,,02020,09,CIUDAD DE MÉXICO,002,Azcapotzalco,0001,Azcapotzalco                                                                                                  ,0330,001,,CIITEC@IPN.MX,WWW.CIITEC.IPN.MX,Fijo,19.48746178,-99.17615649,2020-04
9230665,09016611312000235000000000U9,CENTRO DE INVESTIGACION EN CIENCIA APLICADA Y TECNOLOGIA AVANZADA CICATA UNIDAD LEGARIA,INSTITUTO POLITECNICO NACIONAL,611312,Escuelas de educación superior del sector público,51 a 100 personas,CALZADA,LEGARIA,CALZADA,LEGARIA,CALZADA,LEGARIA,CALLE,PRESA SALINILLAS,694,,,,,,COLONIA,IRRIGACIÓN,,,,11500,09,CIUDAD DE MÉXICO,016,Miguel Hidalgo,0001,Miguel Hidalgo                                                                                                ,0340,003,,,WWW.IPN.MX,Fijo,19.44562291,-99.2088768,2020-04
9228969,09005611312000176000000000U8,CENTRO DE INVESTIGACION EN COMPUTACION CIC,INSTITUTO POLITECNICO NACIONAL,611312,Escuelas de educación superior del sector público,101 a 250 personas,AVENIDA,JUAN DE DIOS BATIZ,CALLE,NINGUNO,AVENIDA,LUIS ENRIQUE ERRO,AVENIDA,WILFRIDO MASSIEU,,SN,,,,,COLONIA,NUEVA INDUSTRIAL VALLEJO,,,,07700,09,CIUDAD DE MÉXICO,005,Gustavo A. Madero,0001,Gustavo A. Madero                                                                                             ,0718,003,,DIRECCION@CIC.IPN.MX,,Fijo,19.50518318,-99.14484061,2020-04
9230666,09016611312000245000000000U8,CENTRO DE INVESTIGACIONES ECONOMICAS ADMINISTRATIVAS Y SOCIALES CIECAS,INSTITUTO POLITECNICO NACIONAL,611312,Escuelas de educación superior del sector público,51 a 100 personas,CALLE,LAURO AGUIRRE,EJE VIAL,1 NORTE (JOSE ANTONIO ALZATE),CALLE,SOR JUANA INES DE LA CRUZ,AVENIDA,DE LOS MAESTROS,120,,,,,,COLONIA,AGRICULTURA,,,,11360,09,CIUDAD DE MÉXICO,016,Miguel Hidalgo,0001,Miguel Hidalgo                                                                                                ,0213,012,,ACLON@IPN.MX,,Fijo,19.44694172,-99.1660384,2020-04
1059344,09003611312001276000000000U0,CENTRO DE INVESTIGACIONES INTERDISCIPLINARIAS EN CIENCIAS Y HUMANIDADES,UNAM,611312,Escuelas de educación superior del sector público,101 a 250 personas,CIRCUITO,ESCOLAR,CIRCUITO,ESCOLAR,CIRCUITO,ESCOLAR,CIRCUITO,ESCOLAR,,SN,,,,,COLONIA,UNIVERSIDAD NACIONAL AUTÓNOMA DE MÉXICO CIUDAD UNIVERSITARIA,,,,04510,09,CIUDAD DE MÉXICO,003,Coyoacán,0001,Coyoacán                                                                                                      ,0770,007,5556230036,SECRETARIA_ADMINISTRATIVA@CIICH.UNAM.MX,WWW.CEIICH.UNAM.MX,Fijo,19.33370466,-99.18271159,2010-07
1059347,09003611312000685001000000U3,CENTRO DE INVESTIGACIONES SOBRE AMERICA DEL NORTE,UNAM,611312,Escuelas de educación superior del sector público,101 a 250 personas,CIRCUITO,ESCOLAR,CIRCUITO,ESCOLAR,CIRCUITO,ESCOLAR,CIRCUITO,ESCOLAR,,SN,,,,,COLONIA,UNIVERSIDAD NACIONAL AUTÓNOMA DE MÉXICO CIUDAD UNIVERSITARIA,,,,04510,09,CIUDAD DE MÉXICO,003,Coyoacán,0001,Coyoacán                                                                                                      ,0770,007,,ADMIN.CISAN@UNAM.MX,WWW.CISAN.UNAM.MX,Fijo,19.33073693,-99.18444705,2010-07
1059346,09003611312000755002000000U4,CENTRO DE INVESTIGACIONES SOBRE AMERICA LATINA Y EL CARIBE,UNAM,611312,Escuelas de educación superior del sector público,101 a 250 personas,CIRCUITO,ESCOLAR,CIRCUITO,ESCOLAR,CIRCUITO,ESCOLAR,CIRCUITO,ESCOLAR,,SN,,,,,COLONIA,UNIVERSIDAD NACIONAL AUTÓNOMA DE MÉXICO CIUDAD UNIVERSITARIA,,,,04510,09,CIUDAD DE MÉXICO,003,Coyoacán,0001,Coyoacán                                                                                                      ,0770,007,,FFLORESG@UNAM.MX,WWW.CIALC.UNAM.MX,Fijo,19.33370466,-99.18271159,2010-07
9230669,09016611312000273001000000U0,CENTRO DE LENGUAS EXTRANJERAS CENLEX UNIDAD SANTO TOMAS,INSTITUTO POLITECNICO NACIONAL,611312,Escuelas de educación superior del sector público,31 a 50 personas,AVENIDA,DE LOS MAESTROS,CALLE,MANUEL CARPIO,CALZADA,CALZADA DE LOS GALLOS,CIRCUITO,INTERIOR (INSTITUTO TECNICO INDUSTRIAL),,SN,,,,,COLONIA,AGRICULTURA,,,,11360,09,CIUDAD DE MÉXICO,016,Miguel Hidalgo,0001,Miguel Hidalgo                                                                                                ,0088,005,,CENLEXZ@IPN.MX,,Fijo,19.45520596,-99.16595017,2020-04
9228977,09005611312000253001000000U5,CENTRO DE LENGUAS EXTRANJERAS CENLEX UNIDAD ZACATENCO,INSTITUTO POLITECNICO NACIONAL,611312,Escuelas de educación superior del sector público,31 a 50 personas,AVENIDA,WILFRIDO MASSIEU,CALLE,MANUEL DE ANDA Y BARREDO,AVENIDA,LUIS ENRIQUE ERRO,AVENIDA,JUAN DE DIOS BATIZ,,SN,,,,,COLONIA,NUEVA INDUSTRIAL VALLEJO,,,,07700,09,CIUDAD DE MÉXICO,005,Gustavo A. Madero,0001,Gustavo A. Madero                                                                                             ,0718,001,,CENLEXZ@IPN.MX,,Fijo,19.49590239,-99.13886185,2020-04
9229002,09005611312000504001000000U1,CENTRO DE NANOCIENCIAS Y MICRO Y NANOTECNOLOGIAS,INSTITUTO POLITECNICO NACIONAL,611312,Escuelas de educación superior del sector público,51 a 100 personas,AVENIDA,LUIS ENRIQUE ERRO,AVENIDA,WILFRIDO MASSIEU,AVENIDA,JUAN DE DIOS BATIZ,CALLE,NINGUNO,,SN,,1,,,COLONIA,NUEVA INDUSTRIAL VALLEJO,OTRO,INSTITUTO POLITECNICO NACIONAL,1,07700,09,CIUDAD DE MÉXICO,005,Gustavo A. Madero,0001,Gustavo A. Madero                                                                                             ,0718,003,,CNM@IPN.MX,,Fijo,19.50035765,-99.14012495,2020-04
1059457,09016621116000055011000000U4,CENTRO INTERDISCIPLINARIO DE CIENCIAS DE LA SALUD CICS SANTO TOMAS,INSTITUTO POLITECNICO NACIONAL,611312,Escuelas de educación superior del sector público,251 y más personas,AVENIDA,DE LOS MAESTROS,CALLE,MANUEL CARPIO,CALZADA,CALZADA DE LOS GALLOS,CIRCUITO,INTERIOR (INSTITUTO TECNICO INDUSTRIAL),217,,,,,,COLONIA,AGRICULTURA,,,,11360,09,CIUDAD DE MÉXICO,016,Miguel Hidalgo,0001,Miguel Hidalgo                                                                                                ,0088,005,,DIRECCIONCICSUST@IPN.COM,,Fijo,19.45328924,-99.16618219,2011-03
9228976,09005611312000245000000000U1,CENTRO INTERDISCIPLINARIO DE INVESTIGACIONES Y ESTUDIOS SOBRE MEDIO AMBIENTE Y DESARROLLO CIIEMAD,INSTITUTO POLITECNICO NACIONAL,611312,Escuelas de educación superior del sector público,51 a 100 personas,AVENIDA,INSTITUTO POLITECNICO NACIONAL,AVENIDA,ACUEDUCTO DE GUADALUPE,CALZADA,TICOMAN,CALLE,30 DE JUNIO DE 1520,3600,,,,,,COLONIA,LA LAGUNA TICOMÁN,,,,07360,09,CIUDAD DE MÉXICO,005,Gustavo A. Madero,0001,Gustavo A. Madero                                                                                             ,3356,001,,DIRECCION.CIIEMAD@IPN.MX,,Fijo,19.50897909,-99.12691809,2020-04
9228982,09005611312000304000000000U6,CENTRO MEXICANO PARA LA PRODUCCION MAS LIMPIA CMP L,INSTITUTO POLITECNICO NACIONAL,611312,Escuelas de educación superior del sector público,31 a 50 personas,CALLE,30 DE JUNIO DE 1520,AVENIDA,ACUEDUCTO DE GUADALUPE,CALZADA,TICOMAN,AVENIDA,INSTITUTO POLITECNICO NACIONAL,1520,,,,,,COLONIA,LA LAGUNA TICOMÁN,,,,07360,09,CIUDAD DE MÉXICO,005,Gustavo A. Madero,0001,Gustavo A. Madero                                                                                             ,3356,001,,DIRECCIONCMPL@IPN.COM,,Fijo,19.51358213,-99.1299625,2020-04
1054922,09011611312000015000000000U6,CENTRO NACIONAL DE ACTUALIZACION DOCENTE,SECRETARIA DE EDUCACION PUBLICA,611312,Escuelas de educación superior del sector público,51 a 100 personas,AVENIDA,ESTANISLAO RAMIREZ RUIZ,CALLE,MAR DE LAS LLUVIAS,EJE VIAL,10 SUR (CARRETERA A SANTA CATARINA),CALLE,CIRCO PTOLOMEO,,SN,,,,,COLONIA,SELENE,,,,13420,09,CIUDAD DE MÉXICO,011,Tláhuac,0001,Tláhuac                                                                                                       ,0185,010,,CENAD.DIR@DGETI.SEMS.GOB.MX,CENAD.DEGETI.SEP.GOB.MX,Fijo,19.29184471,-98.99831229,2010-07
9228978,09005611312000264000000000U2,CENTRO NACIONAL DE CALCULO CENAC,INSTITUTO POLITECNICO NACIONAL,611312,Escuelas de educación superior del sector público,31 a 50 personas,AVENIDA,LUIS ENRIQUE ERRO,AVENIDA,JUAN DE DIOS BATIZ,AVENIDA,MIGUEL BERNARD,AVENIDA,MIGUEL BERNARD,,SN,,,,,OTRO,NUEVA INDUSTRIAL VALLEJO,,,,07738,09,CIUDAD DE MÉXICO,005,Gustavo A. Madero,0001,Gustavo A. Madero                                                                                             ,0718,005,,CENAC@IPN.MX,WWW.IPN.MX,Fijo,19.50655599,-99.13818069,2020-04
765502,09016611421000103020000000U8,CENTRO POLANCO ESCUELA DE CURSOS Y DIPLOMADOS,UNIVERSIDAD NACIONAL AUTONOMA DE MEXICO,611312,Escuelas de educación superior del sector público,11 a 30 personas,CALLE,HIPOLITO TAINE,AVENIDA,HOMERO,AVENIDA,HORACIO,CALLE,SUDERMAN,246,,,,,,COLONIA,POLANCO V SECCIÓN,,,,11560,09,CIUDAD DE MÉXICO,016,Miguel Hidalgo,0001,Miguel Hidalgo                                                                                                ,068A,023,5552033926,INFORMES.CP.DGTIC@UNAM.MX,WWW.DOCENCIA.TIC.UNAM.MX,Fijo,19.43343825,-99.18479839,2010-07
1059375,09013611172000051012000000U5,CENTRO UNIVERSITARIO DE ENFERMERIA COMUNITARIA DE SAN LUIS TLAXIALTEMALCO,ESCUELA NACIONAL DE ENFERMERIA Y OBSTRETICIA - UNAM,611312,Escuelas de educación superior del sector público,6 a 10 personas,CALLE,ANTIGUO CAMINO XOCHIMILCO TULYEHUALCO,CALLE,CALVARIO,CERRADA,PRIMERA DE 5 DE MAYO,CALLE,ACUEDUCTO,,SN,,,,,PUEBLO,SAN LUIS TLAXIALTEMALCO,,,,16610,09,CIUDAD DE MÉXICO,013,Xochimilco,0001,Xochimilco                                                                                                    ,0692,007,5558433177,,,Fijo,19.25778442,-99.0349482,2010-07
1061179,09003611312000173001000000U0,CENTRO UNIVERSITARIO DE TEATRO,UNIVERSIDAD NACIONAL AUTONOMA DE MEXICO,611312,Escuelas de educación superior del sector público,51 a 100 personas,CALLE,NINGUNO,CALLE,NINGUNO,CIRCUITO,MARIO DE LA CUEVA,CALLE,CIRCUITO CENTRO CULTURAL,,SN,,,,,CIUDAD,UNIVERSIDAD NACIONAL AUTÓNOMA DE MÉXICO CIUDAD UNIVERSITARIA,,,,04510,09,CIUDAD DE MÉXICO,003,Coyoacán,0001,Coyoacán                                                                                                      ,0770,018,5556227105,CUTADMON@UNAM.MX,,Fijo,19.3136334,-99.18591223,2010-07
9284519,09010611312000087001000000U7,CIDE DIRECCION GENERAL,CIDE CENTRO DE INVESTIGACION Y DOCENCIA ECONOMICAS,611312,Escuelas de educación superior del sector público,11 a 30 personas,CARRETERA,FEDERAL MEXICO TOLUCA,CALLE,PASEO DE LOS TAMARINDOS,CALLE,VOLCANES,AUTOPISTA,MEXICO-TOLUCA (PROLONGACION PASEO DE LA REFORMA),3655,,,,,,COLONIA,PASEO DE LAS LOMAS,,,,01330,09,CIUDAD DE MÉXICO,010,Álvaro Obregón,0001,Álvaro Obregón                                                                                                ,1379,069,5518497363,JOHANNA.PRIETO@CIDE.EDU,WWW.CIDE.EDU,Fijo,19.37498025,-99.2628956,2020-11
10033557,09003611312002312000000000U2,CIENIAS FORENSES,UNIVERSIDAD NACIONAL AUTONOMA DE MEXICO,611312,Escuelas de educación superior del sector público,6 a 10 personas,AVENIDA,ANTONIO DELFIN MADRIGAL,CIRCUITO,INVESTIGACION CIENTIFICA,CALLE,ESCOLAR,AVENIDA,ANTONIO DELFIN MADRIGAL,70,,,,,,CIUDAD,UNIVERSIDAD NACIONAL AUTÓNOMA DE MÉXICO CIUDAD UNIVERSITARIA,,,,04510,09,CIUDAD DE MÉXICO,003,Coyoacán,0001,Coyoacán                                                                                                      ,0770,016,,,,Fijo,19.32766019,-99.17390054,2024-11
8623076,09007611312000083001000000U2,CIMIGEN ESCUELA OBTETRICIA UNAM,ASOCIACION HISPANO MEXICANA,611312,Escuelas de educación superior del sector público,6 a 10 personas,CALLE,CIRCUITO BAHAMAS,CALLE,LEBRIJA (REFORMA),AVENIDA,TLAHUAC,CALLE,SAN LUIS,,SN,,,1004,,COLONIA,GRANJAS ESTRELLA,,,,09880,09,CIUDAD DE MÉXICO,007,Iztapalapa,0001,Iztapalapa                                                                                                    ,4414,016,,,,Fijo,19.3220262,-99.09187941,2019-11
9615118,09011611312000072000000000U7,CLINICA DE ESTOMATOLOGIA,UNIVERSIDAD AUTONOMA METROPOLITANA,611312,Escuelas de educación superior del sector público,6 a 10 personas,CALLE,PLAZA PRINCIPAL,CALLE,SEVERIANO CENICEROS,CALLE,AVENIDA HIDALGO,CALLE,CUAUHTEMOC,,SN,,,,,BARRIO,SAN MIGUEL,,,,13070,09,CIUDAD DE MÉXICO,011,Tláhuac,0001,Tláhuac                                                                                                       ,0433,003,,,,Fijo,19.26907706,-99.00388898,2024-11
1059399,09003611312000321001000000U5,CLINICA DE MEDICINA DEPORTIVA,UNAM,611312,Escuelas de educación superior del sector público,31 a 50 personas,CIRCUITO,CIRCUITO ZONA DEPPORTIVA,CALLE,NINGUNO,CALLE,NINGUNO,CIRCUITO,CIRCUITO ZONA DEPORTIVA,,SN,,,,,CIUDAD,UNIVERSIDAD NACIONAL AUTÓNOMA DE MÉXICO CIUDAD UNIVERSITARIA,,,,04510,09,CIUDAD DE MÉXICO,003,Coyoacán,0001,Coyoacán                                                                                                      ,0770,011,5556220540,CONTACTO@DEPORTE.UNAM.MX,,Fijo,19.32888918,-99.19275649,2010-07
846445,09005611312000105002000000U7,CLINICA ODONTOLOGICA CUAUTEPEC - FES IZTACALA 15USU5652H,UNIVERSIDAD NACIONAL AUTONOMA DE MEXICO - UNAM,611312,Escuelas de educación superior del sector público,51 a 100 personas,CARRETERA,TENAYUCA CHALMITA,CALLE,NINGUNO,CALLE,JOHN F. KENNEDY,CALLE,NINGUNO,,SN,,,,,UNIDAD HABITACIONAL,ZONA ESCOLAR ORIENTE,,,,07239,09,CIUDAD DE MÉXICO,005,Gustavo A. Madero,0001,Gustavo A. Madero                                                                                             ,3197,042,5556231163,C.DENTISTA.CLINICACUAUTEPEC@UNAM.MX,ODONTOLOGIA.IZTACALA.UNAM.MX,Fijo,19.53040864,-99.14322813,2010-07
1059364,09009611312000025001000000U9,CLINICA PERIFERICA MILPA ALTA FACULTAD DE ODONTOLOGIA,UNIVERSIDAD NACIONAL AUTONOMA DE MEXICO,611312,Escuelas de educación superior del sector público,31 a 50 personas,AVENIDA,NUEVO LEON,CERRADA,CAMPECHE,CALLE,ORIZABA,CALLE,ORIZABA,,SN,,,,,BARRIO,SANTA CRUZ,,,,12000,09,CIUDAD DE MÉXICO,009,Milpa Alta,0017,San Francisco Tecoxpa                                                                                         ,0365,051,,ADM_MILPAALTA@FO.ODONTO.UNAM.MX,WWW.ODONTOUNAM.MX,Fijo,19.19699509,-99.01705746,2014-12
913218,09012611312000076001000000U6,CLINICA PERIFERICA PADIERNA DE LA UNIVERSIDAD AUTONOMA DE MEXICO,UNIVERSIDAD AUTONOMA DE MEXICO,611312,Escuelas de educación superior del sector público,51 a 100 personas,CALLE,TEKAX,CALLE,SINANCHE,CALLE,POPOLNA,CALLE,TULUM,,SN,,,,,COLONIA,LOMAS DE PADIERNA,,,,14240,09,CIUDAD DE MÉXICO,012,Tlalpan,0001,Tlalpan                                                                                                       ,0318,009,,,,Fijo,19.29374666,-99.22711851,2014-12
10269515,09002611312000137000000000U7,COLEGIO DE CIENCIAS Y HUMANIDADES PLANTEL AZCAPOTZALCO UNAM,UNIVERSIDAD NACIONAL AUTONOMA DE MEXICO,611312,Escuelas de educación superior del sector público,251 y más personas,AVENIDA,AQUILES SERDAN,CALLE,HACIENDA SOTELO,CALLE,VICTOR HERNANDEZ COVARRUBIAS,CALLE,GUSTAVO J. GARMENDIA,2060,,,,,,COLONIA,EX-HACIENDA EL ROSARIO,,,,02420,09,CIUDAD DE MÉXICO,002,Azcapotzalco,0001,Azcapotzalco                                                                                                  ,0970,001,,,CCHAZC.UNAM.MX,Fijo,19.50082886,-99.20392514,2024-11
9288527,09007611312000123001000000U6,COLEGIO DE CIENCIAS Y HUMANIDADES PLANTEL ORIENTE,UNAM,611312,Escuelas de educación superior del sector público,251 y más personas,AVENIDA,UNIVERSIDAD,OTRO(ESPECIFIQUE),NINGUNO,AVENIDA,CENTRAL,AVENIDA,UNIVERSIDAD,,SN,,,,,COLONIA,UNIDAD EJÉRCITO CONSTITUCIONALISTA,,,,08500,09,CIUDAD DE MÉXICO,007,Iztapalapa,0001,Iztapalapa                                                                                                    ,0229,001,,,,Fijo,19.38557391,-99.05919442,2020-11
846451,09007611162000247010000000U2,COLEGIO DE CIENCIAS Y HUMANIDADES PLANTEL ORIENTE,,611312,Escuelas de educación superior del sector público,251 y más personas,AVENIDA,CENTRAL,OTRO(ESPECIFIQUE),NINGUNO,AVENIDA,UNIVERSIDAD,OTRO(ESPECIFIQUE),NINGUNO,,SN,,,,,COLONIA,UNIDAD EJÉRCITO CONSTITUCIONALISTA,,,,08500,09,CIUDAD DE MÉXICO,007,Iztapalapa,0001,Iztapalapa                                                                                                    ,0229,001,,,,Fijo,19.38393058,-99.05485379,2010-07
1059385,09003611162000107010000000U7,COLEGIO DE CIENCIAS Y HUMANIDADES PLANTEL SUR,UNIVERSIDAD NACIONAL AUTONOMA DE MEXICO,611312,Escuelas de educación superior del sector público,251 y más personas,CIRCUITO,MANZANA O EDIFICACION CONTIGUA,CIRCUITO,BARDA,OTRO(ESPECIFIQUE),NINGUNO,CALLE,NINGUNO,,SN,,,,,COLONIA,UNIVERSIDAD NACIONAL AUTÓNOMA DE MÉXICO CIUDAD UNIVERSITARIA,,,,04510,09,CIUDAD DE MÉXICO,003,Coyoacán,0001,Coyoacán                                                                                                      ,0770,022,,DIRECCION.SUR@CCH.UNAM.MX,WWW.CCH-SUR.UNAM.MX,Fijo,19.31154057,-99.1974034,2010-07
846450,09005611162000157010000000U7,COLEGIO DE CIENCIAS Y HUMANIDADES PLANTEL VALLEJO,UNAM,611312,Escuelas de educación superior del sector público,251 y más personas,EJE VIAL,CENTRAL LAZARO CARDENAS,CALLE,JOSE GUADALUPE LOPEZ VELARDE,EJE VIAL,4 NORTE (AVENIDA FORTUNA),AVENIDA,HOSPITAL JUAREZ (NORTE 1-C),,SN,,,,,COLONIA,MAGDALENA DE LAS SALINAS,,,,07760,09,CIUDAD DE MÉXICO,005,Gustavo A. Madero,0001,Gustavo A. Madero                                                                                             ,1256,001,5550972101,,WWW.CCH-VALLEJO.UNAM.MX,Fijo,19.48402349,-99.14218434,2010-07
686798,09016611312000106021000000U2,COLEGIO DE DEFENSA NACIONAL CAMPO 1B,SECRETARIA DE LA DEFENSA NACIONAL,611312,Escuelas de educación superior del sector público,51 a 100 personas,CALZADA,MEXICO TACUBA,CALLE,FELIPE CARRILLO PUERTO,CALLE,FERROCARRIL DE CUERNAVACA,CALLE,FELIPE CARRILLO PUERTO,,SN,,,,,COLONIA,POPOTLA,,,,11320,09,CIUDAD DE MÉXICO,016,Miguel Hidalgo,0001,Miguel Hidalgo                                                                                                ,0196,001,,S_PEDAG_CDN@UDEFA.GOB.MX,,Fijo,19.45097352,-99.17307072,2011-03
1061121,09003611312000633001000000U3,COLEGIO DE GEOGRAFIA OBSERVATORIO METEOROLOGICO,UNAM,611312,Escuelas de educación superior del sector público,101 a 250 personas,CIRCUITO,ESCOLAR,CIRCUITO,EXTERIOR,CIRCUITO,ESCOLAR,CIRCUITO,EXTERIOR,,SN,,,,,CIUDAD,UNIVERSIDAD NACIONAL AUTÓNOMA DE MÉXICO CIUDAD UNIVERSITARIA,,,,04510,09,CIUDAD DE MÉXICO,003,Coyoacán,0001,Coyoacán                                                                                                      ,0770,001,5556221824,GEOGRAFIAFILOS@GM.UNAM.MX,,Fijo,19.3303103,-99.18688142,2010-07
847209,09012611311000147011000000U7,COLEGIO DE MEXICO,EL COLEGIO DE MEXICO,611312,Escuelas de educación superior del sector público,251 y más personas,CALLE,BOULEVARD PICACHO AJUSCO,CALLE,BOULEVARD PICACHO AJUSCO,PERIFERICO,BOULEVARD ADOLFO RUIZ CORTINES,,NINGUNO,20,,,,,,COLONIA,FUENTES DEL PEDREGAL,,,,14140,09,CIUDAD DE MÉXICO,012,Tlalpan,0001,Tlalpan                                                                                                       ,2070,031,5554492914,,WWW.COLMEX.MX,Fijo,19.30416184,-99.20683059,2010-07
983616,09014611111000592012000000U4,COLEGIO NACIONAL DE CIENCIAS POLITOICAS Y ADMINISTRACION PUBLICA,GOBIERNO DE LA CIUDAD DE MEXICO,611312,Escuelas de educación superior del sector público,11 a 30 personas,CALLE,BRUNO TRAVEN,CALLE,GENERAL MANUEL RINCON,CALLE,PAZ MONTES DE OCA,CALLE,PAZ MONTES DE OCA,68,,,,,,COLONIA,GENERAL PEDRO MARÍA ANAYA,,,,03340,09,CIUDAD DE MÉXICO,014,Benito Juárez,0001,Benito Juárez                                                                                                 ,0986,014,,GOBCIENCIASPOL@GMAIL.COM,,Fijo,19.36108276,-99.15897055,2010-07
762840,09016611612000036002000000U4,CONSERVATORIO NACIONAL DE MUSICA,INSTITUTO NACIONAL DE BELLAS ARTES Y LITERATURA,611312,Escuelas de educación superior del sector público,101 a 250 personas,AVENIDA,PRESIDENTE MASARYK,CALLE,JORGE BERNAD SHAW,CALLE,FERROCARRIL DE CUERNAVACA (CICLOPISTA),AVENIDA,CAMPOS ELISEOS,582,,,,,,COLONIA,POLANCO II SECCIÓN,,,,11530,09,CIUDAD DE MÉXICO,016,Miguel Hidalgo,0001,Miguel Hidalgo                                                                                                ,0637,028,,CNM@INBA.GOB.MX,WWW.CONSERVATORIO.INBA.GOB.MX,Fijo,19.43261823,-99.20745991,2010-07
9229005,09005611312000534001000000U8,COORDINACION DE APOYO ACADEMICA,INSTITUTO POLITECNICO NACIONAL,611312,Escuelas de educación superior del sector público,11 a 30 personas,AVENIDA,JUAN DE DIOS BATIZ,AVENIDA,LUIS ENRIQUE ERRO,CALLE,MARIA LUISA ESTAMPA ORTIGOZA,AVENIDA,MIGUEL BERNARD,,SN,,,,,OTRO,NUEVA INDUSTRIAL VALLEJO,,,,07738,09,CIUDAD DE MÉXICO,005,Gustavo A. Madero,0001,Gustavo A. Madero                                                                                             ,0718,005,,CAEJPTM@IPN.MX,WWW.IPN.MX,Fijo,19.50486637,-99.14133084,2020-04
9229017,09005611312000654001000000U4,COORDINACION DE CENTROS DE DESARROLLO INFANTIL,INSTITUTO POLITECNICO NACIONAL,611312,Escuelas de educación superior del sector público,0 a 5 personas,AVENIDA,JUAN DE DIOS BATIZ,CALLE,NINGUNO,AVENIDA,LUIS ENRIQUE ERRO,AVENIDA,WILFRIDO MASSIEU,,SN,,,,,COLONIA,NUEVA INDUSTRIAL VALLEJO,,,,07700,09,CIUDAD DE MÉXICO,005,Gustavo A. Madero,0001,Gustavo A. Madero                                                                                             ,0718,003,,COCENDI@IPN.MX,,Fijo,19.50487301,-99.14335742,2020-04
9228985,09005611312000335001000000U0,COORDINACION DE COMUNICACION SOCIAL,INSTITUTO POLITECNICO NACIONAL,611312,Escuelas de educación superior del sector público,101 a 250 personas,AVENIDA,MIGUEL BERNARD,AVENIDA,MIGUEL OTHON DE MENDIZABAL ORIENTE,AVENIDA,LUIS ENRIQUE ERRO,AVENIDA,MIGUEL BERNARD,,SN,,,,,OTRO,NUEVA INDUSTRIAL VALLEJO,,,,07738,09,CIUDAD DE MÉXICO,005,Gustavo A. Madero,0001,Gustavo A. Madero                                                                                             ,0718,005,,DCYC@IPN.MX,WWW.IPN.MX,Fijo,19.50718339,-99.13750232,2020-04
9589698,09003611312002261000000000U1,COORDINACION DE ENSEÑANZA DE LENGUAS,UNIVERSIDAD AUTONOMA METROPOLITANA UNIDAD XOCHIMILCO,611312,Escuelas de educación superior del sector público,0 a 5 personas,CALZADA,CALZADA DEL HUESO,CALLE,HACIENDA XALPA,AVENIDA,CANAL NACIONAL,CALZADA,CALZADA DE LAS BOMBAS,1100,,,1,,,COLONIA,VILLA QUIETUD,OTRO,UNIVERSIDAD AUTONOMA METROPOLITANA,SN,04960,09,CIUDAD DE MÉXICO,003,Coyoacán,0001,Coyoacán                                                                                                      ,1092,021,,CEL@CORREO.XOC.UAM.MX,WWW.XOC.COM.MX,Fijo,19.29998628,-99.10271021,2024-11
10854986,09003611312002245000000000U4,COORDINACION DE ESPACIOS FISICOS,UNIVERSIDAD AUTONOMA METROPOLITANA,611312,Escuelas de educación superior del sector público,51 a 100 personas,CALZADA,CALZADA DEL HUESO,CALLE,HACIENDA XALPA,AVENIDA,CANAL NACIONAL,CALZADA,CALZADA DE LAS BOMBAS,1100,,,1,,,COLONIA,VILLA QUIETUD,OTRO,UNIVERSIDAD AUTONOMA METROPOLITANA,SN,04960,09,CIUDAD DE MÉXICO,003,Coyoacán,0001,Coyoacán                                                                                                      ,1092,021,,,WWW.XOC.MX,Fijo,19.29998628,-99.10271021,2024-11
907525,09003611312000827001000000U1,COORDINACION DE ESTUDIOS DE POSGRADO DE ECONOMIA,UNIVERSIDAD NACIONAL AUTONOMA DE MEXICO,611312,Escuelas de educación superior del sector público,6 a 10 personas,AVENIDA,AVENIDA DEL ASPIRANTE,CIRCUITO,ESCOLAR,AVENIDA,AVENIDA DEL ASPIRANTE,CALLE,CIRCUITO CENTRO CULTURAL,,SN,,1,,,CIUDAD,UNIVERSIDAD NACIONAL AUTÓNOMA DE MÉXICO CIUDAD UNIVERSITARIA,EDIFICIO COMERCIAL Y DE SERVICIOS,ZONA DE POSGRADO UNAM,F-1,04510,09,CIUDAD DE MÉXICO,003,Coyoacán,0001,Coyoacán                                                                                                      ,0770,020,,,,Fijo,19.30822726,-99.18499717,2014-12
1061113,09003611312000805002000000U7,COORDINACION DE ESTUDIOS DE POSGRADO DE GEOGRAFIA,UNIVERSIDAD NACIONAL AUTONOMA DE MEXICO,611312,Escuelas de educación superior del sector público,6 a 10 personas,AVENIDA,AVENIDA DEL ASPIRANTE,CIRCUITO,ESCOLAR,AVENIDA,AVENIDA DEL ASPIRANTE,CALLE,CIRCUITO CENTRO CULTURAL,,SN,,1,,,CIUDAD,UNIVERSIDAD NACIONAL AUTÓNOMA DE MÉXICO CIUDAD UNIVERSITARIA,EDIFICIO COMERCIAL Y DE SERVICIOS,ZONA DE POSGRADO UNAM,H,04510,09,CIUDAD DE MÉXICO,003,Coyoacán,0001,Coyoacán                                                                                                      ,0770,020,,,,Fijo,19.30822726,-99.18499717,2010-07
909765,09003931610001695010000000U1,COORDINACION DE EXTENSION UNIVERSITARIA,UNIVERSIDAD AUTONOMA METROPOLITANA UNIDAD XOCHIMILCO,611312,Escuelas de educación superior del sector público,51 a 100 personas,CALZADA,CALZADA DEL HUESO,CALLE,HACIENDA XALPA,AVENIDA,CANAL NACIONAL,CALZADA,CALZADA DE LAS BOMBAS,1100,,,1,,,COLONIA,VILLA QUIETUD,OTRO,UNIVERSIDAD AUTONOMA METROPOLITANA,SN,04960,09,CIUDAD DE MÉXICO,003,Coyoacán,0001,Coyoacán                                                                                                      ,1092,021,5554837000,,WWW.XOC.UAM.MX,Fijo,19.29998628,-99.10271021,2014-12
9131066,09003611312001916000000000U1,COORDINACION DE HUMANIDADES,UNIVERSIDAD NACIONAL AUTONOMA DE MEXICO,611312,Escuelas de educación superior del sector público,101 a 250 personas,CALLE,NINGUNO,CALLE,NINGUNO,CIRCUITO,MARIO DE LA CUEVA,CALLE,CIRCUITO CENTRO CULTURAL,,SN,,,,,CIUDAD,UNIVERSIDAD NACIONAL AUTÓNOMA DE MÉXICO CIUDAD UNIVERSITARIA,,,,04510,09,CIUDAD DE MÉXICO,003,Coyoacán,0001,Coyoacán                                                                                                      ,0770,018,,SCRETARIA.ADMINISTRATIVA@HUMANIDADESUNAM.UNAM.MX,WWW.HUMANIDADES.UNAM.MX,Fijo,19.31414179,-99.18179297,2019-11
1061174,09003931610000803011000000U2,COORDINACION DE PLANEACION PRESUPUESTACION Y EVALUACION,UNAM,611312,Escuelas de educación superior del sector público,101 a 250 personas,CIRCUITO,ESCOLAR,CIRCUITO,ESCOLAR,CIRCUITO,ESCOLAR,CIRCUITO,ESCOLAR,,SN,,,4,,COLONIA,UNIVERSIDAD NACIONAL AUTÓNOMA DE MÉXICO CIUDAD UNIVERSITARIA,,,,04510,09,CIUDAD DE MÉXICO,003,Coyoacán,0001,Coyoacán                                                                                                      ,0770,007,,,WWW.CPPE.UNAM.MX,Fijo,19.33073481,-99.18451422,2014-12
846440,09003931610000995011000000U6,COORDINACION DE PLATAFORMAS OCEANOGRAFICAS,UNAM,611312,Escuelas de educación superior del sector público,11 a 30 personas,CIRCUITO,ESCOLAR,CIRCUITO,INVESTIGACION CIENTIFICA,CIRCUITO,INTERIOR,CIRCUITO,INTERIOR,,SN,,,,,OTRO,UNIVERSIDAD NACIONAL AUTÓNOMA DE MÉXICO CIUDAD UNIVERSITARIA,,,,04510,09,CIUDAD DE MÉXICO,003,Coyoacán,0001,Coyoacán                                                                                                      ,0770,008,5556225207,EMILSSON@SERVIDOR.UNAM.MX,,Fijo,19.32896077,-99.17907523,2014-12
7717624,09003611312001551001000000U6,COORDINACION DE PROGRAMA DE POSGRADO DE ANTROPOLOGIA,UNIVERSIDAD NACIONAL AUTONOMA DE MEXICO,611312,Escuelas de educación superior del sector público,6 a 10 personas,AVENIDA,AVENIDA DEL ASPIRANTE,CIRCUITO,ESCOLAR,AVENIDA,AVENIDA DEL ASPIRANTE,CALLE,CIRCUITO CENTRO CULTURAL,,SN,,1,,,CIUDAD,UNIVERSIDAD NACIONAL AUTÓNOMA DE MÉXICO CIUDAD UNIVERSITARIA,EDIFICIO COMERCIAL Y DE SERVICIOS,ZONA DE POSGRADO UNAM,E,04510,09,CIUDAD DE MÉXICO,003,Coyoacán,0001,Coyoacán                                                                                                      ,0770,020,,,,Fijo,19.30822726,-99.18499717,2019-11
8631766,09003611312001722000000000U3,COORDINACION DE PROGRAMA DE POSGRADO DE ARQUITECTURA,UNIVERSIDAD NACIONAL AUTONOMA DE MEXICO,611312,Escuelas de educación superior del sector público,6 a 10 personas,AVENIDA,AVENIDA DEL ASPIRANTE,CIRCUITO,ESCOLAR,AVENIDA,AVENIDA DEL ASPIRANTE,CALLE,CIRCUITO CENTRO CULTURAL,,SN,,1,,,CIUDAD,UNIVERSIDAD NACIONAL AUTÓNOMA DE MÉXICO CIUDAD UNIVERSITARIA,EDIFICIO COMERCIAL Y DE SERVICIOS,ZONA DE POSGRADO UNAM,G,04510,09,CIUDAD DE MÉXICO,003,Coyoacán,0001,Coyoacán                                                                                                      ,0770,020,,,,Fijo,19.30822726,-99.18499717,2019-11
8631819,09003611312001831001000000U2,COORDINACION DE PROGRAMA DE POSGRADO DE ARTES Y DISEÑO,UNIVERSIDAD NACIONAL AUTONOMA DE MEXICO,611312,Escuelas de educación superior del sector público,11 a 30 personas,AVENIDA,AVENIDA DEL ASPIRANTE,CIRCUITO,ESCOLAR,AVENIDA,AVENIDA DEL ASPIRANTE,CALLE,CIRCUITO CENTRO CULTURAL,,SN,,1,,,CIUDAD,UNIVERSIDAD NACIONAL AUTÓNOMA DE MÉXICO CIUDAD UNIVERSITARIA,EDIFICIO COMERCIAL Y DE SERVICIOS,ZONA DE POSGRADO UNAM,E-1,04510,09,CIUDAD DE MÉXICO,003,Coyoacán,0001,Coyoacán                                                                                                      ,0770,020,,COORDINACION.PAD@POSGRADO.UNAM.MX,,Fijo,19.30822726,-99.18499717,2019-11
8631715,09003611312001601001000000U9,COORDINACION DE PROGRAMA DE POSGRADO DE ASTROFISICA,UNIVERSIDAD NACIONAL AUTONOMA DE MEXICO,611312,Escuelas de educación superior del sector público,6 a 10 personas,AVENIDA,AVENIDA DEL ASPIRANTE,CIRCUITO,ESCOLAR,AVENIDA,AVENIDA DEL ASPIRANTE,CALLE,CIRCUITO CENTRO CULTURAL,,SN,,1,,,CIUDAD,UNIVERSIDAD NACIONAL AUTÓNOMA DE MÉXICO CIUDAD UNIVERSITARIA,EDIFICIO COMERCIAL Y DE SERVICIOS,ZONA DE POSGRADO UNAM,D,04510,09,CIUDAD DE MÉXICO,003,Coyoacán,0001,Coyoacán                                                                                                      ,0770,020,,,,Fijo,19.30822726,-99.18499717,2019-11
8584100,09003611312001421001000000U2,COORDINACION DE PROGRAMA DE POSGRADO DE BIBLIOTECOLOGIA Y ESTUDIOS DE LA INFORMACION,UNIVERSIDAD NACIONAL AUTONOMA DE MEXICO,611312,Escuelas de educación superior del sector público,6 a 10 personas,AVENIDA,AVENIDA DEL ASPIRANTE,CALLE,NINGUNO,CALLE,NINGUNO,CALLE,CIRCUITO CENTRO CULTURAL,,SN,,,,,CIUDAD,UNIVERSIDAD NACIONAL AUTÓNOMA DE MÉXICO CIUDAD UNIVERSITARIA,,,,04510,09,CIUDAD DE MÉXICO,003,Coyoacán,0001,Coyoacán                                                                                                      ,0770,020,,,,Fijo,19.30821677,-99.18495059,2019-11
7923775,09003611312001352000000000U9,COORDINACION DE PROGRAMA DE POSGRADO DE CIENCIAS BIOLOGICAS,UNIVERSIDAD NACIONAL AUTONOMA DE MEXICO,611312,Escuelas de educación superior del sector público,6 a 10 personas,AVENIDA,AVENIDA DEL ASPIRANTE,CALLE,NINGUNO,CALLE,NINGUNO,CALLE,CIRCUITO CENTRO CULTURAL,,SN,,,,,CIUDAD,UNIVERSIDAD NACIONAL AUTÓNOMA DE MÉXICO CIUDAD UNIVERSITARIA,,,,04510,09,CIUDAD DE MÉXICO,003,Coyoacán,0001,Coyoacán                                                                                                      ,0770,020,,,,Fijo,19.30821409,-99.1849223,2019-11
8631719,09003611312001651001000000U4,COORDINACION DE PROGRAMA DE POSGRADO DE CIENCIAS BIOMEDICAS,UNIVERSIDAD NACIONAL AUTONOMA DE MEXICO,611312,Escuelas de educación superior del sector público,6 a 10 personas,AVENIDA,AVENIDA DEL ASPIRANTE,CIRCUITO,ESCOLAR,AVENIDA,AVENIDA DEL ASPIRANTE,CALLE,CIRCUITO CENTRO CULTURAL,,SN,,1,,,CIUDAD,UNIVERSIDAD NACIONAL AUTÓNOMA DE MÉXICO CIUDAD UNIVERSITARIA,EDIFICIO COMERCIAL Y DE SERVICIOS,ZONA DE POSGRADO UNAM,A,04510,09,CIUDAD DE MÉXICO,003,Coyoacán,0001,Coyoacán                                                                                                      ,0770,020,,,,Fijo,19.30822726,-99.18499717,2019-11
7717617,09003611312001482000000000U4,COORDINACION DE PROGRAMA DE POSGRADO DE CIENCIAS BIOQUIMICAS,UNIVERSIDAD NACIONAL AUTONOMA DE MEXICO,611312,Escuelas de educación superior del sector público,6 a 10 personas,AVENIDA,AVENIDA DEL ASPIRANTE,CIRCUITO,ESCOLAR,AVENIDA,AVENIDA DEL ASPIRANTE,CALLE,CIRCUITO CENTRO CULTURAL,,SN,,1,,,CIUDAD,UNIVERSIDAD NACIONAL AUTÓNOMA DE MÉXICO CIUDAD UNIVERSITARIA,EDIFICIO COMERCIAL Y DE SERVICIOS,ZONA DE POSGRADO UNAM,B,04510,09,CIUDAD DE MÉXICO,003,Coyoacán,0001,Coyoacán                                                                                                      ,0770,020,,,,Fijo,19.30822726,-99.18499717,2019-11
7717625,09003611312001562000000000U3,COORDINACION DE PROGRAMA DE POSGRADO DE CIENCIAS DE LA ADMINISTRACION,UNIVERSIDAD NACIONAL AUTONOMA DE MEXICO,611312,Escuelas de educación superior del sector público,6 a 10 personas,AVENIDA,AVENIDA DEL ASPIRANTE,CIRCUITO,ESCOLAR,AVENIDA,AVENIDA DEL ASPIRANTE,CALLE,CIRCUITO CENTRO CULTURAL,,SN,,1,,,CIUDAD,UNIVERSIDAD NACIONAL AUTÓNOMA DE MÉXICO CIUDAD UNIVERSITARIA,EDIFICIO COMERCIAL Y DE SERVICIOS,ZONA DE POSGRADO UNAM,F,04510,09,CIUDAD DE MÉXICO,003,Coyoacán,0001,Coyoacán                                                                                                      ,0770,020,,,,Fijo,19.30822726,-99.18499717,2019-11
8631717,09003611312001631001000000U6,COORDINACION DE PROGRAMA DE POSGRADO DE CIENCIAS DE LA TIERRA,UNIVERSIDAD NACIONAL AUTONOMA DE MEXICO,611312,Escuelas de educación superior del sector público,6 a 10 personas,AVENIDA,AVENIDA DEL ASPIRANTE,CIRCUITO,ESCOLAR,AVENIDA,AVENIDA DEL ASPIRANTE,CALLE,CIRCUITO CENTRO CULTURAL,,SN,,1,,,CIUDAD,UNIVERSIDAD NACIONAL AUTÓNOMA DE MÉXICO CIUDAD UNIVERSITARIA,EDIFICIO COMERCIAL Y DE SERVICIOS,ZONA DE POSGRADO UNAM,C,04510,09,CIUDAD DE MÉXICO,003,Coyoacán,0001,Coyoacán                                                                                                      ,0770,020,,,,Fijo,19.30822726,-99.18499717,2019-11
7717621,09003611312001522000000000U7,COORDINACION DE PROGRAMA DE POSGRADO DE CIENCIAS DEL MAR Y LIMNOLOGIA,UNIVERSIDAD NACIONAL AUTONOMA DE MEXICO,611312,Escuelas de educación superior del sector público,6 a 10 personas,AVENIDA,AVENIDA DEL ASPIRANTE,CIRCUITO,ESCOLAR,AVENIDA,AVENIDA DEL ASPIRANTE,CALLE,CIRCUITO CENTRO CULTURAL,,SN,,1,,,CIUDAD,UNIVERSIDAD NACIONAL AUTÓNOMA DE MÉXICO CIUDAD UNIVERSITARIA,EDIFICIO COMERCIAL Y DE SERVICIOS,ZONA DE POSGRADO UNAM,A,04510,09,CIUDAD DE MÉXICO,003,Coyoacán,0001,Coyoacán                                                                                                      ,0770,020,,,,Fijo,19.30822726,-99.18499717,2019-11
8584099,09003611312001413001000000U9,COORDINACION DE PROGRAMA DE POSGRADO DE CIENCIAS MEDICAS ODONTOLOGICAS Y DE LA SALUD,UNIVERSIDAD NACIONAL AUTONOMA DE MEXICO,611312,Escuelas de educación superior del sector público,6 a 10 personas,AVENIDA,AVENIDA DEL ASPIRANTE,CALLE,NINGUNO,CALLE,NINGUNO,CALLE,CIRCUITO CENTRO CULTURAL,,SN,,,,,CIUDAD,UNIVERSIDAD NACIONAL AUTÓNOMA DE MÉXICO CIUDAD UNIVERSITARIA,,,,04510,09,CIUDAD DE MÉXICO,003,Coyoacán,0001,Coyoacán                                                                                                      ,0770,020,,,,Fijo,19.30821265,-99.18487462,2019-11
7717626,09003611312001571001000000U4,COORDINACION DE PROGRAMA DE POSGRADO DE CIENCIAS POLITICAS,UNIVERSIDAD NACIONAL AUTONOMA DE MEXICO,611312,Escuelas de educación superior del sector público,6 a 10 personas,AVENIDA,AVENIDA DEL ASPIRANTE,CIRCUITO,ESCOLAR,AVENIDA,AVENIDA DEL ASPIRANTE,CALLE,CIRCUITO CENTRO CULTURAL,,SN,,1,,,CIUDAD,UNIVERSIDAD NACIONAL AUTÓNOMA DE MÉXICO CIUDAD UNIVERSITARIA,EDIFICIO COMERCIAL Y DE SERVICIOS,ZONA DE POSGRADO UNAM,F,04510,09,CIUDAD DE MÉXICO,003,Coyoacán,0001,Coyoacán                                                                                                      ,0770,020,,,,Fijo,19.30822726,-99.18499717,2019-11
7717619,09003611312001502000000000U9,COORDINACION DE PROGRAMA DE POSGRADO DE CIENCIAS QUIMICAS,UNIVERSIDAD NACIONAL AUTONOMA DE MEXICO,611312,Escuelas de educación superior del sector público,6 a 10 personas,AVENIDA,AVENIDA DEL ASPIRANTE,CIRCUITO,ESCOLAR,AVENIDA,AVENIDA DEL ASPIRANTE,CALLE,CIRCUITO CENTRO CULTURAL,,SN,,1,,,CIUDAD,UNIVERSIDAD NACIONAL AUTÓNOMA DE MÉXICO CIUDAD UNIVERSITARIA,EDIFICIO COMERCIAL Y DE SERVICIOS,ZONA DE POSGRADO UNAM,B,04510,09,CIUDAD DE MÉXICO,003,Coyoacán,0001,Coyoacán                                                                                                      ,0770,020,,,,Fijo,19.30822726,-99.18499717,2019-11
8631764,09003611312001702000000000U5,COORDINACION DE PROGRAMA DE POSGRADO DE DISEÑO INDUSTRIAL,UNIVERSIDAD NACIONAL AUTONOMA DE MEXICO,611312,Escuelas de educación superior del sector público,6 a 10 personas,AVENIDA,AVENIDA DEL ASPIRANTE,CIRCUITO,ESCOLAR,AVENIDA,AVENIDA DEL ASPIRANTE,CALLE,CIRCUITO CENTRO CULTURAL,,SN,,1,,,CIUDAD,UNIVERSIDAD NACIONAL AUTÓNOMA DE MÉXICO CIUDAD UNIVERSITARIA,EDIFICIO COMERCIAL Y DE SERVICIOS,ZONA DE POSGRADO UNAM,B,04510,09,CIUDAD DE MÉXICO,003,Coyoacán,0001,Coyoacán                                                                                                      ,0770,020,,,,Fijo,19.30822726,-99.18499717,2019-11
8631765,09003611312001712000000000U4,COORDINACION DE PROGRAMA DE POSGRADO DE DOCENCIA PARA LA EDUCACION,UNIVERSIDAD NACIONAL AUTONOMA DE MEXICO,611312,Escuelas de educación superior del sector público,6 a 10 personas,AVENIDA,AVENIDA DEL ASPIRANTE,CIRCUITO,ESCOLAR,AVENIDA,AVENIDA DEL ASPIRANTE,CALLE,CIRCUITO CENTRO CULTURAL,,SN,,1,,,CIUDAD,UNIVERSIDAD NACIONAL AUTÓNOMA DE MÉXICO CIUDAD UNIVERSITARIA,EDIFICIO COMERCIAL Y DE SERVICIOS,ZONA DE POSGRADO UNAM,E,04510,09,CIUDAD DE MÉXICO,003,Coyoacán,0001,Coyoacán                                                                                                      ,0770,020,,,,Fijo,19.30822726,-99.18499717,2019-11
8631763,09003611312001682000000000U9,COORDINACION DE PROGRAMA DE POSGRADO DE ESTUDIOS LATINOAMERICANOS,UNIVERSIDAD NACIONAL AUTONOMA DE MEXICO,611312,Escuelas de educación superior del sector público,6 a 10 personas,AVENIDA,AVENIDA DEL ASPIRANTE,CIRCUITO,ESCOLAR,AVENIDA,AVENIDA DEL ASPIRANTE,CALLE,CIRCUITO CENTRO CULTURAL,,SN,,1,,,CIUDAD,UNIVERSIDAD NACIONAL AUTÓNOMA DE MÉXICO CIUDAD UNIVERSITARIA,EDIFICIO COMERCIAL Y DE SERVICIOS,ZONA DE POSGRADO UNAM,H,04510,09,CIUDAD DE MÉXICO,003,Coyoacán,0001,Coyoacán                                                                                                      ,0770,020,,,,Fijo,19.30822726,-99.18499717,2019-11
8631767,09003611312001731001000000U4,COORDINACION DE PROGRAMA DE POSGRADO DE ESTUDIOS MESOAMERICANOS,UNIVERSIDAD NACIONAL AUTONOMA DE MEXICO,611312,Escuelas de educación superior del sector público,6 a 10 personas,AVENIDA,AVENIDA DEL ASPIRANTE,CIRCUITO,ESCOLAR,AVENIDA,AVENIDA DEL ASPIRANTE,CALLE,CIRCUITO CENTRO CULTURAL,,SN,,1,,,CIUDAD,UNIVERSIDAD NACIONAL AUTÓNOMA DE MÉXICO CIUDAD UNIVERSITARIA,EDIFICIO COMERCIAL Y DE SERVICIOS,ZONA DE POSGRADO UNAM,J,04510,09,CIUDAD DE MÉXICO,003,Coyoacán,0001,Coyoacán                                                                                                      ,0770,020,,,,Fijo,19.30822726,-99.18499717,2019-11
8631768,09003611312001741001000000U3,COORDINACION DE PROGRAMA DE POSGRADO DE FILOSOFIA,UNIVERSIDAD NACIONAL AUTONOMA DE MEXICO,611312,Escuelas de educación superior del sector público,6 a 10 personas,AVENIDA,AVENIDA DEL ASPIRANTE,CIRCUITO,ESCOLAR,AVENIDA,AVENIDA DEL ASPIRANTE,CALLE,CIRCUITO CENTRO CULTURAL,,SN,,1,,,CIUDAD,UNIVERSIDAD NACIONAL AUTÓNOMA DE MÉXICO CIUDAD UNIVERSITARIA,EDIFICIO COMERCIAL Y DE SERVICIOS,ZONA DE POSGRADO UNAM,B,04510,09,CIUDAD DE MÉXICO,003,Coyoacán,0001,Coyoacán                                                                                                      ,0770,020,,,,Fijo,19.30822726,-99.18499717,2019-11
8631769,09003611312001751001000000U2,COORDINACION DE PROGRAMA DE POSGRADO DE FILOSOFIA DE LA CIENCIA,UNIVERSIDAD NACIONAL AUTONOMA DE MEXICO,611312,Escuelas de educación superior del sector público,6 a 10 personas,AVENIDA,AVENIDA DEL ASPIRANTE,CIRCUITO,ESCOLAR,AVENIDA,AVENIDA DEL ASPIRANTE,CALLE,CIRCUITO CENTRO CULTURAL,,SN,,1,,,CIUDAD,UNIVERSIDAD NACIONAL AUTÓNOMA DE MÉXICO CIUDAD UNIVERSITARIA,EDIFICIO COMERCIAL Y DE SERVICIOS,ZONA DE POSGRADO UNAM,H,04510,09,CIUDAD DE MÉXICO,003,Coyoacán,0001,Coyoacán                                                                                                      ,0770,020,,,,Fijo,19.30822726,-99.18499717,2019-11
8631770,09003611312001761001000000U1,COORDINACION DE PROGRAMA DE POSGRADO DE HISTORIA,UNIVERSIDAD NACIONAL AUTONOMA DE MEXICO,611312,Escuelas de educación superior del sector público,6 a 10 personas,AVENIDA,AVENIDA DEL ASPIRANTE,CIRCUITO,ESCOLAR,AVENIDA,AVENIDA DEL ASPIRANTE,CALLE,CIRCUITO CENTRO CULTURAL,,SN,,1,,,CIUDAD,UNIVERSIDAD NACIONAL AUTÓNOMA DE MÉXICO CIUDAD UNIVERSITARIA,EDIFICIO COMERCIAL Y DE SERVICIOS,ZONA DE POSGRADO UNAM,G,04510,09,CIUDAD DE MÉXICO,003,Coyoacán,0001,Coyoacán                                                                                                      ,0770,020,,,,Fijo,19.30822726,-99.18499717,2019-11
907474,09003611312000106002000000U0,COORDINACION DE PROGRAMA DE POSGRADO DE INGENIERIA DE LA COMPUTACION,UNIVERSIDAD NACIONAL AUTONOMA DE MEXICO,611312,Escuelas de educación superior del sector público,6 a 10 personas,AVENIDA,AVENIDA DEL ASPIRANTE,CIRCUITO,ESCOLAR,AVENIDA,AVENIDA DEL ASPIRANTE,CALLE,CIRCUITO CENTRO CULTURAL,,SN,,1,,,CIUDAD,UNIVERSIDAD NACIONAL AUTÓNOMA DE MÉXICO CIUDAD UNIVERSITARIA,EDIFICIO COMERCIAL Y DE SERVICIOS,ZONA DE POSGRADO UNAM,D,04510,09,CIUDAD DE MÉXICO,003,Coyoacán,0001,Coyoacán                                                                                                      ,0770,020,,,,Fijo,19.30822726,-99.18499717,2014-12
8631771,09003611312001771001000000U0,COORDINACION DE PROGRAMA DE POSGRADO DE LETRAS,UNIVERSIDAD NACIONAL AUTONOMA DE MEXICO,611312,Escuelas de educación superior del sector público,6 a 10 personas,AVENIDA,AVENIDA DEL ASPIRANTE,CIRCUITO,ESCOLAR,AVENIDA,AVENIDA DEL ASPIRANTE,CALLE,CIRCUITO CENTRO CULTURAL,,SN,,1,,,CIUDAD,UNIVERSIDAD NACIONAL AUTÓNOMA DE MÉXICO CIUDAD UNIVERSITARIA,EDIFICIO COMERCIAL Y DE SERVICIOS,ZONA DE POSGRADO UNAM,G,04510,09,CIUDAD DE MÉXICO,003,Coyoacán,0001,Coyoacán                                                                                                      ,0770,020,,,,Fijo,19.30822726,-99.18499717,2019-11
8631772,09003611312001781001000000U9,COORDINACION DE PROGRAMA DE POSGRADO DE LINGUISTICA,UNIVERSIDAD NACIONAL AUTONOMA DE MEXICO,611312,Escuelas de educación superior del sector público,6 a 10 personas,AVENIDA,AVENIDA DEL ASPIRANTE,CIRCUITO,ESCOLAR,AVENIDA,AVENIDA DEL ASPIRANTE,CALLE,CIRCUITO CENTRO CULTURAL,,SN,,1,,,CIUDAD,UNIVERSIDAD NACIONAL AUTÓNOMA DE MÉXICO CIUDAD UNIVERSITARIA,EDIFICIO COMERCIAL Y DE SERVICIOS,ZONA DE POSGRADO UNAM,E,04510,09,CIUDAD DE MÉXICO,003,Coyoacán,0001,Coyoacán                                                                                                      ,0770,020,,,,Fijo,19.30822726,-99.18499717,2019-11
8631716,09003611312001621001000000U7,COORDINACION DE PROGRAMA DE POSGRADO DE MATERIALES,UNIVERSIDAD NACIONAL AUTONOMA DE MEXICO,611312,Escuelas de educación superior del sector público,6 a 10 personas,AVENIDA,AVENIDA DEL ASPIRANTE,CIRCUITO,ESCOLAR,AVENIDA,AVENIDA DEL ASPIRANTE,CALLE,CIRCUITO CENTRO CULTURAL,,SN,,1,,,CIUDAD,UNIVERSIDAD NACIONAL AUTÓNOMA DE MÉXICO CIUDAD UNIVERSITARIA,EDIFICIO COMERCIAL Y DE SERVICIOS,ZONA DE POSGRADO UNAM,D,04510,09,CIUDAD DE MÉXICO,003,Coyoacán,0001,Coyoacán                                                                                                      ,0770,020,,,,Fijo,19.30822726,-99.18499717,2019-11
8631773,09003611312001791001000000U8,COORDINACION DE PROGRAMA DE POSGRADO DE MUSICA,UNIVERSIDAD NACIONAL AUTONOMA DE MEXICO,611312,Escuelas de educación superior del sector público,6 a 10 personas,AVENIDA,AVENIDA DEL ASPIRANTE,CIRCUITO,ESCOLAR,AVENIDA,AVENIDA DEL ASPIRANTE,CALLE,CIRCUITO CENTRO CULTURAL,,SN,,1,,,CIUDAD,UNIVERSIDAD NACIONAL AUTÓNOMA DE MÉXICO CIUDAD UNIVERSITARIA,EDIFICIO COMERCIAL Y DE SERVICIOS,ZONA DE POSGRADO UNAM,E,04510,09,CIUDAD DE MÉXICO,003,Coyoacán,0001,Coyoacán                                                                                                      ,0770,020,,,,Fijo,19.30822726,-99.18499717,2019-11
8631774,09003611312001801001000000U5,COORDINACION DE PROGRAMA DE POSGRADO DE PEDAGOGIA,UNIVERSIDAD NACIONAL AUTONOMA DE MEXICO,611312,Escuelas de educación superior del sector público,6 a 10 personas,AVENIDA,AVENIDA DEL ASPIRANTE,CIRCUITO,ESCOLAR,AVENIDA,AVENIDA DEL ASPIRANTE,CALLE,CIRCUITO CENTRO CULTURAL,,SN,,1,,,CIUDAD,UNIVERSIDAD NACIONAL AUTÓNOMA DE MÉXICO CIUDAD UNIVERSITARIA,EDIFICIO COMERCIAL Y DE SERVICIOS,ZONA DE POSGRADO UNAM,B,04510,09,CIUDAD DE MÉXICO,003,Coyoacán,0001,Coyoacán                                                                                                      ,0770,020,,,,Fijo,19.30822726,-99.18499717,2019-11
7717618,09003611312001492000000000U3,COORDINACION DE PROGRAMA DE POSGRADO DE PRODUCCION Y SALUD ANIMAL,UNIVERSIDAD NACIONAL AUTONOMA DE MEXICO,611312,Escuelas de educación superior del sector público,6 a 10 personas,AVENIDA,AVENIDA DEL ASPIRANTE,CIRCUITO,ESCOLAR,AVENIDA,AVENIDA DEL ASPIRANTE,CALLE,CIRCUITO CENTRO CULTURAL,,SN,,1,,,CIUDAD,UNIVERSIDAD NACIONAL AUTÓNOMA DE MÉXICO CIUDAD UNIVERSITARIA,EDIFICIO COMERCIAL Y DE SERVICIOS,ZONA DE POSGRADO UNAM,B,04510,09,CIUDAD DE MÉXICO,003,Coyoacán,0001,Coyoacán                                                                                                      ,0770,020,,,,Fijo,19.30822726,-99.18499717,2019-11
7717620,09003611312001511001000000U0,COORDINACION DE PROGRAMA DE POSGRADO DE PSICOLOGIA,UNIVERSIDAD NACIONAL AUTONOMA DE MEXICO,611312,Escuelas de educación superior del sector público,6 a 10 personas,AVENIDA,AVENIDA DEL ASPIRANTE,CIRCUITO,ESCOLAR,AVENIDA,AVENIDA DEL ASPIRANTE,CALLE,CIRCUITO CENTRO CULTURAL,,SN,,1,,,CIUDAD,UNIVERSIDAD NACIONAL AUTÓNOMA DE MÉXICO CIUDAD UNIVERSITARIA,EDIFICIO COMERCIAL Y DE SERVICIOS,ZONA DE POSGRADO UNAM,B,04510,09,CIUDAD DE MÉXICO,003,Coyoacán,0001,Coyoacán                                                                                                      ,0770,020,,,,Fijo,19.30822726,-99.18499717,2019-11
7717622,09003611312001531001000000U8,COORDINACION DE PROGRAMA DE POSGRADO DE SOSTENIBILIDAD,UNIVERSIDAD NACIONAL AUTONOMA DE MEXICO,611312,Escuelas de educación superior del sector público,6 a 10 personas,AVENIDA,AVENIDA DEL ASPIRANTE,CIRCUITO,ESCOLAR,AVENIDA,AVENIDA DEL ASPIRANTE,CALLE,CIRCUITO CENTRO CULTURAL,,SN,,1,,,CIUDAD,UNIVERSIDAD NACIONAL AUTÓNOMA DE MÉXICO CIUDAD UNIVERSITARIA,EDIFICIO COMERCIAL Y DE SERVICIOS,ZONA DE POSGRADO UNAM,D,04510,09,CIUDAD DE MÉXICO,003,Coyoacán,0001,Coyoacán                                                                                                      ,0770,020,,,,Fijo,19.30822726,-99.18499717,2019-11
7717623,09003611312001541001000000U7,COORDINACION DE PROGRAMA DE POSGRADO DE TRABAJO SOCIAL,UNIVERSIDAD NACIONAL AUTONOMA DE MEXICO,611312,Escuelas de educación superior del sector público,6 a 10 personas,AVENIDA,AVENIDA DEL ASPIRANTE,CIRCUITO,ESCOLAR,AVENIDA,AVENIDA DEL ASPIRANTE,CALLE,CIRCUITO CENTRO CULTURAL,,SN,,1,,,CIUDAD,UNIVERSIDAD NACIONAL AUTÓNOMA DE MÉXICO CIUDAD UNIVERSITARIA,EDIFICIO COMERCIAL Y DE SERVICIOS,ZONA DE POSGRADO UNAM,E,04510,09,CIUDAD DE MÉXICO,003,Coyoacán,0001,Coyoacán                                                                                                      ,0770,020,,,,Fijo,19.30822726,-99.18499717,2019-11
8631775,09003611312001811001000000U4,COORDINACION DE PROGRAMA DE POSGRADO DE URBANISMO,UNIVERSIDAD NACIONAL AUTONOMA DE MEXICO,611312,Escuelas de educación superior del sector público,6 a 10 personas,AVENIDA,AVENIDA DEL ASPIRANTE,CIRCUITO,ESCOLAR,AVENIDA,AVENIDA DEL ASPIRANTE,CALLE,CIRCUITO CENTRO CULTURAL,,SN,,1,,,CIUDAD,UNIVERSIDAD NACIONAL AUTÓNOMA DE MÉXICO CIUDAD UNIVERSITARIA,EDIFICIO COMERCIAL Y DE SERVICIOS,ZONA DE POSGRADO UNAM,H,04510,09,CIUDAD DE MÉXICO,003,Coyoacán,0001,Coyoacán                                                                                                      ,0770,020,,,,Fijo,19.30822726,-99.18499717,2019-11
8631714,09003611312001592000000000U0,COORDINACION DE PROGRAMA DE POSTGRADO DE INGENIERIA,UNIVERSIDAD NACIONAL AUTONOMA DE MEXICO,611312,Escuelas de educación superior del sector público,6 a 10 personas,AVENIDA,AVENIDA DEL ASPIRANTE,CIRCUITO,ESCOLAR,AVENIDA,AVENIDA DEL ASPIRANTE,CALLE,CIRCUITO CENTRO CULTURAL,,SN,,1,,,CIUDAD,UNIVERSIDAD NACIONAL AUTÓNOMA DE MÉXICO CIUDAD UNIVERSITARIA,EDIFICIO COMERCIAL Y DE SERVICIOS,ZONA DE POSGRADO UNAM,D-1,04510,09,CIUDAD DE MÉXICO,003,Coyoacán,0001,Coyoacán                                                                                                      ,0770,020,,,,Fijo,19.30822726,-99.18499717,2019-11
8631713,09003611312001581000000000U3,COORDINACION DE PROGRAMA POSGRADO DE MATEMATICAS,UNIVERSIDAD NACIONAL AUTONOMA DE MEXICO,611312,Escuelas de educación superior del sector público,0 a 5 personas,AVENIDA,AVENIDA DEL ASPIRANTE,CIRCUITO,ESCOLAR,AVENIDA,AVENIDA DEL ASPIRANTE,CALLE,CIRCUITO CENTRO CULTURAL,,SN,,1,,,CIUDAD,UNIVERSIDAD NACIONAL AUTÓNOMA DE MÉXICO CIUDAD UNIVERSITARIA,EDIFICIO COMERCIAL Y DE SERVICIOS,ZONA DE POSGRADO UNAM,C-1,04510,09,CIUDAD DE MÉXICO,003,Coyoacán,0001,Coyoacán                                                                                                      ,0770,020,,,,Fijo,19.30822726,-99.18499717,2019-11
8631718,09003611312001641001000000U5,COORDINACION DE PROGRAMAS DE POSGRADO DE CIENCIAS FISICAS,UNIVERSIDAD NACIONAL AUTONOMA DE MEXICO,611312,Escuelas de educación superior del sector público,6 a 10 personas,AVENIDA,AVENIDA DEL ASPIRANTE,CIRCUITO,ESCOLAR,AVENIDA,AVENIDA DEL ASPIRANTE,CALLE,CIRCUITO CENTRO CULTURAL,,SN,,1,,,CIUDAD,UNIVERSIDAD NACIONAL AUTÓNOMA DE MÉXICO CIUDAD UNIVERSITARIA,EDIFICIO COMERCIAL Y DE SERVICIOS,ZONA DE POSGRADO UNAM,C,04510,09,CIUDAD DE MÉXICO,003,Coyoacán,0001,Coyoacán                                                                                                      ,0770,020,,PFC@POSGRADO.UNAM.MX,,Fijo,19.30822726,-99.18499717,2019-11
7717616,09003611312001471001000000U7,COORDINACION DE PROGRAMAS DE POSGRADO DE ENFERMERIA,UNIVERSIDAD NACIONAL AUTONOMA DE MEXICO,611312,Escuelas de educación superior del sector público,6 a 10 personas,AVENIDA,AVENIDA DEL ASPIRANTE,CIRCUITO,ESCOLAR,AVENIDA,AVENIDA DEL ASPIRANTE,CALLE,CIRCUITO CENTRO CULTURAL,,SN,,1,,,CIUDAD,UNIVERSIDAD NACIONAL AUTÓNOMA DE MÉXICO CIUDAD UNIVERSITARIA,EDIFICIO COMERCIAL Y DE SERVICIOS,ZONA DE POSGRADO UNAM,B,04510,09,CIUDAD DE MÉXICO,003,Coyoacán,0001,Coyoacán                                                                                                      ,0770,020,,COORD-MAESTRIA@ENEO.UNAM.MX,,Fijo,19.30822726,-99.18499717,2019-11
909769,09003931610000605011000000U1,COORDINACION DE RECURSOS HUMANOS,UNIVERSIDAD AUTONOMA METROPOLITANA UNIDAD XOCHIMILCO,611312,Escuelas de educación superior del sector público,11 a 30 personas,CALZADA,CALZADA DEL HUESO,CALLE,HACIENDA XALPA,AVENIDA,CANAL NACIONAL,CALZADA,CALZADA DE LAS BOMBAS,1100,,,1,,,COLONIA,VILLA QUIETUD,OTRO,UNIVERSIDAD AUTONOMA METROPOLITANA,SN,04960,09,CIUDAD DE MÉXICO,003,Coyoacán,0001,Coyoacán                                                                                                      ,1092,021,,RECURSOSHUMANOS@CORREO.XOC.UAM.MX,WWW.XOC.UAM.MX,Fijo,19.29998628,-99.10271021,2014-12
909761,09003931610000776011000000U0,COORDINACION DE SERVICIOS ADMINISTRATIVOS,UNIVERSIDAD AUTONOMA METROPOLITANA UNIDAD XOCHIMILCO,611312,Escuelas de educación superior del sector público,51 a 100 personas,CALZADA,CALZADA DEL HUESO,CALLE,HACIENDA XALPA,AVENIDA,CANAL NACIONAL,CALZADA,CALZADA DE LAS BOMBAS,1100,,,1,,,COLONIA,VILLA QUIETUD,OTRO,UNIVERSIDAD AUTONOMA METROPOLITANA,SN,04960,09,CIUDAD DE MÉXICO,003,Coyoacán,0001,Coyoacán                                                                                                      ,1092,021,,,WWW.XOC.UAM.MX,Fijo,19.29998628,-99.10271021,2014-12
909766,09003624112000044011000000U2,COORDINACION DE SERVICIOS DE COMPUTO,UNIVERSIDAD AUTONOMA METROPOLITANA UNIDAD XOCHIMILCO,611312,Escuelas de educación superior del sector público,51 a 100 personas,CALZADA,CALZADA DEL HUESO,CALLE,HACIENDA XALPA,AVENIDA,CANAL NACIONAL,CALZADA,CALZADA DE LAS BOMBAS,1100,,,1,,,COLONIA,VILLA QUIETUD,OTRO,UNIVERSIDAD AUTONOMA METROPOLITANA,SN,04960,09,CIUDAD DE MÉXICO,003,Coyoacán,0001,Coyoacán                                                                                                      ,1092,021,5554837342,,WWW.XOC.UAM.MX,Fijo,19.29998628,-99.10271021,2014-12
909762,09003931610000697010000000U8,COORDINACION DE SERVICIOS GENERALES,UNIVERSIDAD AUTONOMA METROPOLITANA UNIDAD XOCHIMILCO,611312,Escuelas de educación superior del sector público,251 y más personas,CALZADA,CALZADA DEL HUESO,CALLE,HACIENDA XALPA,AVENIDA,CANAL NACIONAL,CALZADA,CALZADA DE LAS BOMBAS,1100,,,1,,,COLONIA,VILLA QUIETUD,OTRO,UNIVERSIDAD AUTONOMA METROPOLITANA,SN,04960,09,CIUDAD DE MÉXICO,003,Coyoacán,0001,Coyoacán                                                                                                      ,1092,021,5554837000,,WWW.XOC.UAM.MX,Fijo,19.29998628,-99.10271021,2014-12
909767,09003931610001966010000000U6,COORDINACION DE SERVICIOS PARA LA CONVIVENCIA INTEGRAL,UNIVERSIDAD AUTONOMA METROPOLITANA UNIDAD XOCHIMILCO,611312,Escuelas de educación superior del sector público,101 a 250 personas,CALZADA,CALZADA DEL HUESO,CALLE,HACIENDA XALPA,AVENIDA,CANAL NACIONAL,CALZADA,CALZADA DE LAS BOMBAS,1100,,,1,,,COLONIA,VILLA QUIETUD,OTRO,UNIVERSIDAD AUTONOMA METROPOLITANA,SN,04960,09,CIUDAD DE MÉXICO,003,Coyoacán,0001,Coyoacán                                                                                                      ,1092,021,,COSECI@CORREO.XOC.UAM.MX,WWW.XOC.UAM.MX,Fijo,19.29998628,-99.10271021,2014-12
909768,09003931610000494011000000U0,COORDINACION DE SISTEMAS ESCOLARES,UNIVERSIDAD AUTONOMA METROPOLITANA UNIDAD XOCHIMILCO,611312,Escuelas de educación superior del sector público,11 a 30 personas,CALZADA,CALZADA DEL HUESO,CALLE,HACIENDA XALPA,AVENIDA,CANAL NACIONAL,CALZADA,CALZADA DE LAS BOMBAS,1100,,,1,,,COLONIA,VILLA QUIETUD,OTRO,UNIVERSIDAD AUTONOMA METROPOLITANA,SN,04960,09,CIUDAD DE MÉXICO,003,Coyoacán,0001,Coyoacán                                                                                                      ,1092,021,5554837270,COSIES@CORREO.XOC.UAM.MX,WWW.XOC.UAM.MX,Fijo,19.29998628,-99.10271021,2014-12
9124619,09003611312001884001000000U1,COORDINACION DE UNIVERSIDAD ABIERTA Y EDUCACION A DISTANCIA,UNIVERSIDAD NACIONAL AUTONOMA DE MEXICO,611312,Escuelas de educación superior del sector público,11 a 30 personas,CIRCUITO,EXTERIOR,CALLE,NINGUNO,CIRCUITO,ESCOLAR,CIRCUITO,EXTERIOR,,SN,,,,,CIUDAD,UNIVERSIDAD NACIONAL AUTÓNOMA DE MÉXICO CIUDAD UNIVERSITARIA,,,,04510,09,CIUDAD DE MÉXICO,003,Coyoacán,0001,Coyoacán                                                                                                      ,0770,001,5556220406,ALBERTO_PEDRAZA@CUADE.UNAM.MX,WWW.EVALUACION.UNAM.MX,Fijo,19.32894885,-99.18896478,2019-11
1061142,09003931610000504011000000U6,COORDINACION DE VINCULACION CON EL CONSEJO UNIVERSITARIO,UNAM,611312,Escuelas de educación superior del sector público,51 a 100 personas,CIRCUITO,ESCOLAR,CIRCUITO,ESCOLAR,CIRCUITO,ESCOLAR,CIRCUITO,ESCOLAR,,SN,,,,,COLONIA,UNIVERSIDAD NACIONAL AUTÓNOMA DE MÉXICO CIUDAD UNIVERSITARIA,,,,04510,09,CIUDAD DE MÉXICO,003,Coyoacán,0001,Coyoacán                                                                                                      ,0770,007,5556221591,GAMULA@UNAM.MX,,Fijo,19.33205477,-99.1893492,2014-12
7717615,09003611312001461001000000U8,COORDINACION DEL PROGRAMA DE POSGRADO DE NEUROBIOLOGIA,UNIVERSIDAD NACIONAL AUTONOMA DE MEXICO,611312,Escuelas de educación superior del sector público,6 a 10 personas,AVENIDA,AVENIDA DEL ASPIRANTE,CIRCUITO,ESCOLAR,AVENIDA,AVENIDA DEL ASPIRANTE,CALLE,CIRCUITO CENTRO CULTURAL,,SN,,1,,,CIUDAD,UNIVERSIDAD NACIONAL AUTÓNOMA DE MÉXICO CIUDAD UNIVERSITARIA,EDIFICIO COMERCIAL Y DE SERVICIOS,ZONA DE POSGRADO UNAM,A,04510,09,CIUDAD DE MÉXICO,003,Coyoacán,0001,Coyoacán                                                                                                      ,0770,020,,,,Fijo,19.30822726,-99.18499717,2019-11
9228968,09005611312000165001000000U1,COORDINACION GENERAL DE FORMACION E INNOVACION EDUCATIVA CGFIE,INSTITUTO POLITECNICO NACIONAL,611312,Escuelas de educación superior del sector público,101 a 250 personas,AVENIDA,WILFRIDO MASSIEU,AVENIDA,LUIS ENRIQUE ERRO,CERRADA,MANUEL L. STAMPA,AVENIDA,JUAN DE DIOS BATIZ,,SN,,1,,,COLONIA,NUEVA INDUSTRIAL VALLEJO,OTRO,INSTITUTO POLITECNICO NACIONAL,1,07700,09,CIUDAD DE MÉXICO,005,Gustavo A. Madero,0001,Gustavo A. Madero                                                                                             ,0718,003,,DFIE@IPN.MX,,Fijo,19.49788159,-99.143801,2020-04
9229008,09005611312000563001000000U7,COORDINACION GENERAL DE SERVICIOS INFORMATICOS,INSTITUTO POLITECNICO NACIONAL,611312,Escuelas de educación superior del sector público,101 a 250 personas,AVENIDA,JUAN DE DIOS BATIZ,AVENIDA,LUIS ENRIQUE ERRO,CALLE,MARIA LUISA ESTAMPA ORTIGOZA,AVENIDA,MIGUEL BERNARD,,SN,,,,,OTRO,NUEVA INDUSTRIAL VALLEJO,,,,07738,09,CIUDAD DE MÉXICO,005,Gustavo A. Madero,0001,Gustavo A. Madero                                                                                             ,0718,005,,DSI@IPN.MX,WWW.IPN.MX,Fijo,19.50498328,-99.14204602,2020-04
9230664,09016611312000222000000000U7,COORDINACION INSTITUCIONAL DE TUTORIA POLITECNICA CITP,INSTITUTO POLITECNICO NACIONAL,611312,Escuelas de educación superior del sector público,6 a 10 personas,AVENIDA,LUIS ENRIQUE ERRO,AVENIDA,JUAN DE DIOS BATIZ,AVENIDA,MIGUEL BERNARD,AVENIDA,MIGUEL BERNARD,,SN,,,,,OTRO,NUEVA INDUSTRIAL VALLEJO,,,,07738,09,CIUDAD DE MÉXICO,005,Gustavo A. Madero,0001,Gustavo A. Madero                                                                                             ,0718,005,,CPE@IPN.MX,WWW.IPN.MX,Fijo,19.50583545,-99.13888413,2020-04
1061165,09003931610001471011000000U7,COORDINACION PARA LA IGUALDAD DE GENERO,UNAM,611312,Escuelas de educación superior del sector público,11 a 30 personas,CIRCUITO,ESCOLAR,CIRCUITO,ESCOLAR,CIRCUITO,ESCOLAR,CIRCUITO,ESCOLAR,,SN,,,,,COLONIA,UNIVERSIDAD NACIONAL AUTÓNOMA DE MÉXICO CIUDAD UNIVERSITARIA,,,,04510,09,CIUDAD DE MÉXICO,003,Coyoacán,0001,Coyoacán                                                                                                      ,0770,007,,,,Fijo,19.33215409,-99.18936111,2014-12
9930301,09016611312000373000000000U8,COORDINACION POLITECNICA PARA LA SUSTENTABILIDAD,INSTITUTO NACIONAL POLITECNICO,611312,Escuelas de educación superior del sector público,11 a 30 personas,CALLE,MANUEL CARPIO,CIRCUITO,INTERIOR (INSTITUTO TECNICO INDUSTRIAL),CALLE,LAURO AGUIRRE,CALLE,SALVADOR DIAZ MIRON,,SN,,,,,COLONIA,AGRICULTURA,,,,11360,09,CIUDAD DE MÉXICO,016,Miguel Hidalgo,0001,Miguel Hidalgo                                                                                                ,0213,024,,CPS@IPN.CM,,Fijo,19.45185713,-99.16484785,2024-11
9228981,09005611312000293001000000U1,COORDINACION POLITECNICA PARA LA SUSTENTABILIDAD CPS,INSTITUTO POLITECNICO NACIONAL,611312,Escuelas de educación superior del sector público,31 a 50 personas,AVENIDA,INSTITUTO POLITECNICO NACIONAL,AVENIDA,JUAN DE DIOS BATIZ,AVENIDA,WILFRIDO MASSIEU,CALLE,MANUEL DE ANDA Y BARREDO,1936,,,1,,,COLONIA,NUEVA INDUSTRIAL VALLEJO,OTRO,INSTITUTO POLITECNICO NACIONAL,1,07738,09,CIUDAD DE MÉXICO,005,Gustavo A. Madero,0001,Gustavo A. Madero                                                                                             ,0718,002,,CPC@IPM.MX,,Fijo,19.49923352,-99.13248068,2020-04
8631776,09003611312001821001000000U3,COORDINACIONDE PROGRAMA DE POSGRADO DE HISTORIA DEL ARTE,UNIVERSIDAD NACIONAL AUTONOMA DE MEXICO,611312,Escuelas de educación superior del sector público,6 a 10 personas,AVENIDA,AVENIDA DEL ASPIRANTE,CIRCUITO,ESCOLAR,AVENIDA,AVENIDA DEL ASPIRANTE,CALLE,CIRCUITO CENTRO CULTURAL,,SN,,1,,,CIUDAD,UNIVERSIDAD NACIONAL AUTÓNOMA DE MÉXICO CIUDAD UNIVERSITARIA,EDIFICIO COMERCIAL Y DE SERVICIOS,ZONA DE POSGRADO UNAM,H,04510,09,CIUDAD DE MÉXICO,003,Coyoacán,0001,Coyoacán                                                                                                      ,0770,020,,,,Fijo,19.30822726,-99.18499717,2019-11
8631720,09003611312001662000000000U1,COORDINACIONN DE PROGRAMA DE POSGRADO DE DERECHO,UNIVERSIDAD NACIONAL AUTONOMA DE MEXICO,611312,Escuelas de educación superior del sector público,6 a 10 personas,AVENIDA,AVENIDA DEL ASPIRANTE,CIRCUITO,ESCOLAR,AVENIDA,AVENIDA DEL ASPIRANTE,CALLE,CIRCUITO CENTRO CULTURAL,,SN,,1,,,CIUDAD,UNIVERSIDAD NACIONAL AUTÓNOMA DE MÉXICO CIUDAD UNIVERSITARIA,EDIFICIO COMERCIAL Y DE SERVICIOS,ZONA DE POSGRADO UNAM,F,04510,09,CIUDAD DE MÉXICO,003,Coyoacán,0001,Coyoacán                                                                                                      ,0770,020,,,,Fijo,19.30822726,-99.18499717,2019-11
9229026,09005611312000743001000000U5,DEFENSORIA DE LOS DERECHOS POLITECNICOS,INSTITUTO POLITECNICO NACIONAL,611312,Escuelas de educación superior del sector público,251 y más personas,AVENIDA,WILFRIDO MASSIEU,AVENIDA,LUIS ENRIQUE ERRO,CERRADA,MANUEL L. STAMPA,AVENIDA,JUAN DE DIOS BATIZ,,SN,,1,,,COLONIA,NUEVA INDUSTRIAL VALLEJO,OTRO,INSTITUTO POLITECNICO NACIONAL,1,07700,09,CIUDAD DE MÉXICO,005,Gustavo A. Madero,0001,Gustavo A. Madero                                                                                             ,0718,003,,DAP@IPN.MX,,Fijo,19.49788159,-99.143801,2020-04
1059440,09003611312000643001000000U2,DEFENSORIA DE LOS DERECHOS UNIVERSITARIOS IGUALDAD Y ATENCION,UNIVERSIDAD NACIONAL AUTONOMA DE MEXICO,611312,Escuelas de educación superior del sector público,51 a 100 personas,CALLE,CIRCUITO CENTRO CULTURAL,CIRCUITO,ESCOLAR,AVENIDA,AVENIDA DEL ASPIRANTE,CALLE,CIRCUITO CENTRO CULTURAL,,SN,,,,,CIUDAD,UNIVERSIDAD NACIONAL AUTÓNOMA DE MÉXICO CIUDAD UNIVERSITARIA,,,,04510,09,CIUDAD DE MÉXICO,003,Coyoacán,0001,Coyoacán                                                                                                      ,0770,020,,JULA.SANTIAGO@DEFENSORIA.UNAM.MX,WWW.DDU.UNAM.MX,Fijo,19.31021612,-99.18071613,2010-07
1059404,09003931610000892001000000U7,DEPARTAMENTO DE FIRMA ELECTRONICA AVANZADA,UNAM,611312,Escuelas de educación superior del sector público,51 a 100 personas,CIRCUITO,INVESTIGACION CIENTIFICA,CIRCUITO,INTERIOR,CIRCUITO,ESCOLAR,CIRCUITO,INVESTIGACION CIENTIFICA,,SN,,,,,OTRO,UNIVERSIDAD NACIONAL AUTÓNOMA DE MÉXICO CIUDAD UNIVERSITARIA,,,,04510,09,CIUDAD DE MÉXICO,003,Coyoacán,0001,Coyoacán                                                                                                      ,0770,008,,DUDAS_FIRMA@UNAM.MX,WWW.FEA.UNAM.MX,Fijo,19.3248558,-99.17567098,2014-12
9229000,09005611312000487000000000U9,DIRECCION DE ACTIVIDADES DEPORTIVAS,INSTITUTO POLITECNICO NACIONAL,611312,Escuelas de educación superior del sector público,251 y más personas,AVENIDA,LUIS ENRIQUE ERRO,AVENIDA,WILFRIDO MASSIEU,AVENIDA,JUAN DE DIOS BATIZ,CALLE,MANUEL DE ANDA Y BARREDO,,SN,,,,,COLONIA,NUEVA INDUSTRIAL VALLEJO,,,,07700,09,CIUDAD DE MÉXICO,005,Gustavo A. Madero,0001,Gustavo A. Madero                                                                                             ,0718,001,,DAD@IPN.MX,,Fijo,19.50057496,-99.13965034,2020-04
9228999,09005611312000476001000000U2,DIRECCION DE ADMINISTRACION ESCOLAR,INSTITUTO POLITECNICO NACIONAL,611312,Escuelas de educación superior del sector público,51 a 100 personas,AVENIDA,INSTITUTO POLITECNICO NACIONAL,AVENIDA,JUAN DE DIOS BATIZ,AVENIDA,WILFRIDO MASSIEU,CALLE,MANUEL DE ANDA Y BARREDO,1936,,,1,,,COLONIA,NUEVA INDUSTRIAL VALLEJO,OTRO,INSTITUTO POLITECNICO NACIONAL,1,07738,09,CIUDAD DE MÉXICO,005,Gustavo A. Madero,0001,Gustavo A. Madero                                                                                             ,0718,002,,OFICIOSDAE@IPN.MX,,Fijo,19.49923352,-99.13248068,2020-04
9228994,09005611312000426001000000U7,DIRECCION DE BIBLIOTECAS,INSTITUTO POLITECNICO NACIONAL,611312,Escuelas de educación superior del sector público,6 a 10 personas,AVENIDA,INSTITUTO POLITECNICO NACIONAL,AVENIDA,JUAN DE DIOS BATIZ,AVENIDA,WILFRIDO MASSIEU,CALLE,MANUEL DE ANDA Y BARREDO,1936,,,1,,,COLONIA,NUEVA INDUSTRIAL VALLEJO,OTRO,INSTITUTO POLITECNICO NACIONAL,1,07738,09,CIUDAD DE MÉXICO,005,Gustavo A. Madero,0001,Gustavo A. Madero                                                                                             ,0718,002,,DPB@IPN.MX,,Fijo,19.49923352,-99.13248068,2020-04
1059411,09003611312001034002000000U3,DIRECCION DE CINEMATOGRAFIA,UNIVERSIDAD NACIONAL AUTONOMA DE MEXICO,611312,Escuelas de educación superior del sector público,31 a 50 personas,CALLE,NINGUNO,CALLE,NINGUNO,CIRCUITO,MARIO DE LA CUEVA,CALLE,CIRCUITO CENTRO CULTURAL,,SN,,,,,CIUDAD,UNIVERSIDAD NACIONAL AUTÓNOMA DE MÉXICO CIUDAD UNIVERSITARIA,,,,04510,09,CIUDAD DE MÉXICO,003,Coyoacán,0001,Coyoacán                                                                                                      ,0770,018,,,WWW.CUT.UNAM.MX,Fijo,19.31414212,-99.18217488,2010-07
9229020,09005611312000686000000000U6,DIRECCION DE COMPUTO Y COMUNICACIONES,INSTITUTO POLITECNICO NACIONAL,611312,Escuelas de educación superior del sector público,101 a 250 personas,AVENIDA,JUAN DE DIOS BATIZ,AVENIDA,LUIS ENRIQUE ERRO,CALLE,MARIA LUISA ESTAMPA ORTIGOZA,AVENIDA,LUIS ENRIQUE ERRO,,SN,,,,,OTRO,NUEVA INDUSTRIAL VALLEJO,,,,07738,09,CIUDAD DE MÉXICO,005,Gustavo A. Madero,0001,Gustavo A. Madero                                                                                             ,0718,005,,DCYC@IPN.MX,WWW.IPN.MX,Fijo,19.5049848,-99.14205534,2020-04
1059419,09003611312000222001000000U5,DIRECCION DE DANZA,UNIVERSIDAD NACIONAL AUTONOMA DE MEXICO,611312,Escuelas de educación superior del sector público,31 a 50 personas,CALLE,NINGUNO,CALLE,NINGUNO,CIRCUITO,MARIO DE LA CUEVA,CALLE,CIRCUITO CENTRO CULTURAL,,SN,,,,,CIUDAD,UNIVERSIDAD NACIONAL AUTÓNOMA DE MÉXICO CIUDAD UNIVERSITARIA,,,,04510,09,CIUDAD DE MÉXICO,003,Coyoacán,0001,Coyoacán                                                                                                      ,0770,018,,EFRAIN@UNAM.MX,,Fijo,19.31267177,-99.18569028,2010-07
9229027,09005611312000756001000000U7,DIRECCION DE DIFUSION Y FOMENTO A LA CULTURA,INSTITUTO POLITECNICO NACIONAL,611312,Escuelas de educación superior del sector público,11 a 30 personas,AVENIDA,WILFRIDO MASSIEU,CALLE,MANUEL DE ANDA Y BARREDO,PRIVADA,NINGUNO,AVENIDA,JUAN DE DIOS BATIZ,,SN,,,,,COLONIA,NUEVA INDUSTRIAL VALLEJO,,,,07738,09,CIUDAD DE MÉXICO,005,Gustavo A. Madero,0001,Gustavo A. Madero                                                                                             ,0718,002,,DDC@IPN.MX,,Fijo,19.49534443,-99.1365625,2020-04
9228988,09005611312000365001000000U7,DIRECCION DE EDUCACION SUPERIOR,INSTITUTO POLITECNICO NACIONAL,611312,Escuelas de educación superior del sector público,101 a 250 personas,AVENIDA,LUIS ENRIQUE ERRO,AVENIDA,WILFRIDO MASSIEU,AVENIDA,JUAN DE DIOS BATIZ,CALLE,NINGUNO,,SN,,1,,,COLONIA,NUEVA INDUSTRIAL VALLEJO,OTRO,INSTITUTO POLITECNICO NACIONAL,1,07700,09,CIUDAD DE MÉXICO,005,Gustavo A. Madero,0001,Gustavo A. Madero                                                                                             ,0718,003,,DES@IPN.MX,,Fijo,19.50035765,-99.14012495,2020-04
9229019,09005611312000675001000000U9,DIRECCION DE EGRESADOS Y SERVICIO SOCIAL,INSTITUTO POLITECNICO NACIONAL,611312,Escuelas de educación superior del sector público,31 a 50 personas,AVENIDA,LUIS ENRIQUE ERRO,AVENIDA,JUAN DE DIOS BATIZ,AVENIDA,MIGUEL BERNARD,AVENIDA,MIGUEL BERNARD,,SN,,,,,OTRO,NUEVA INDUSTRIAL VALLEJO,,,,07738,09,CIUDAD DE MÉXICO,005,Gustavo A. Madero,0001,Gustavo A. Madero                                                                                             ,0718,005,,DESS@IPN.MX,WWW.IPN.MX,Fijo,19.50519609,-99.13916936,2020-04
9229011,09005611312000594000000000U2,DIRECCION DE EVALUACION,INSTITUTO POLITECNICO NACIONAL,611312,Escuelas de educación superior del sector público,31 a 50 personas,AVENIDA,MIGUEL OTHON DE MENDIZABAL ORIENTE,CALLE,MARIA LUISA ESTAMPA ORTIGOZA,AVENIDA,MIGUEL BERNARD,AVENIDA,MIGUEL BERNARD,,SN,,,,,OTRO,NUEVA INDUSTRIAL VALLEJO,,,,07738,09,CIUDAD DE MÉXICO,005,Gustavo A. Madero,0001,Gustavo A. Madero                                                                                             ,0718,005,,DPO@IPN.MX,WWW.IPN.MX,Fijo,19.50912213,-99.14005845,2020-04
9229018,09005611312000662001000000U7,DIRECCION DE FORMACION EN LENGUAS EXTRANJERAS,INSTITUTO POLITECNICO NACIONAL,611312,Escuelas de educación superior del sector público,31 a 50 personas,AVENIDA,LUIS ENRIQUE ERRO,AVENIDA,WILFRIDO MASSIEU,AVENIDA,JUAN DE DIOS BATIZ,CALLE,NINGUNO,,SN,,1,,,COLONIA,NUEVA INDUSTRIAL VALLEJO,OTRO,INSTITUTO POLITECNICO NACIONAL,1,07700,09,CIUDAD DE MÉXICO,005,Gustavo A. Madero,0001,Gustavo A. Madero                                                                                             ,0718,003,,DFLE@IPN.MX,,Fijo,19.50035765,-99.14012495,2020-04
9228991,09005611312000393001000000U9,DIRECCION DE INFORMACION INSTITUCIONAL,INSTITUTO POLITECNICO NACIONAL,611312,Escuelas de educación superior del sector público,51 a 100 personas,AVENIDA,LUIS ENRIQUE ERRO,AVENIDA,WILFRIDO MASSIEU,AVENIDA,JUAN DE DIOS BATIZ,CALLE,NINGUNO,,SN,,,,,COLONIA,NUEVA INDUSTRIAL VALLEJO,,,,07700,09,CIUDAD DE MÉXICO,005,Gustavo A. Madero,0001,Gustavo A. Madero                                                                                             ,0718,003,,DII@IPN.MX,,Fijo,19.49809073,-99.14056993,2020-04
1061149,09003931610001504010000000U5,DIRECCION DE LITERATURA Y FOMENTO A LECTURA,UNAM,611312,Escuelas de educación superior del sector público,31 a 50 personas,CALLE,CIRCUITO CENTRO CULTURAL,CIRCUITO,ESCOLAR,AVENIDA,AVENIDA DEL ASPIRANTE,CALLE,CIRCUITO CENTRO CULTURAL,,SN,,,,,CIUDAD,UNIVERSIDAD NACIONAL AUTÓNOMA DE MÉXICO CIUDAD UNIVERSITARIA,,,,04510,09,CIUDAD DE MÉXICO,003,Coyoacán,0001,Coyoacán                                                                                                      ,0770,020,5556226246,ADRIANZL@UNAM.MX,,Fijo,19.31090885,-99.18239275,2010-07
9228997,09005611312000454000000000U9,DIRECCION DE PLANEACION,INSTITUTO POLITECNICO NACIONAL,611312,Escuelas de educación superior del sector público,31 a 50 personas,AVENIDA,JUAN DE DIOS BATIZ,AVENIDA,LUIS ENRIQUE ERRO,CALLE,MARIA LUISA ESTAMPA ORTIGOZA,AVENIDA,MIGUEL BERNARD,,SN,,,,,OTRO,NUEVA INDUSTRIAL VALLEJO,,,,07738,09,CIUDAD DE MÉXICO,005,Gustavo A. Madero,0001,Gustavo A. Madero                                                                                             ,0718,005,,DPO@IPN.MX,WWW.IPN.MX,Fijo,19.50469982,-99.14031209,2020-04
9228996,09005611312000447001000000U3,DIRECCION DE POSGRADO,INSTITUTO POLITECNICO NACIONAL,611312,Escuelas de educación superior del sector público,11 a 30 personas,AVENIDA,MIGUEL OTHON DE MENDIZABAL ORIENTE,CALLE,MARIA LUISA ESTAMPA ORTIGOZA,AVENIDA,MIGUEL BERNARD,AVENIDA,MIGUEL BERNARD,,SN,,,,,OTRO,NUEVA INDUSTRIAL VALLEJO,,,,07738,09,CIUDAD DE MÉXICO,005,Gustavo A. Madero,0001,Gustavo A. Madero                                                                                             ,0718,005,,DIRECCIONPOSGRADO@IPN.MX,WWW.IPN.MX,Fijo,19.50893284,-99.14054076,2020-04
9229013,09005611312000614000000000U8,DIRECCION DE PROGRAMACION Y PRESUPUESTO,INSTITUTO POLITECNICO NACIONAL,611312,Escuelas de educación superior del sector público,31 a 50 personas,AVENIDA,LUIS ENRIQUE ERRO,AVENIDA,WILFRIDO MASSIEU,AVENIDA,JUAN DE DIOS BATIZ,CALLE,MANUEL DE ANDA Y BARREDO,,SN,,,,,COLONIA,NUEVA INDUSTRIAL VALLEJO,,,,07700,09,CIUDAD DE MÉXICO,005,Gustavo A. Madero,0001,Gustavo A. Madero                                                                                             ,0718,001,,DPPR@IPN.MX,,Fijo,19.500224,-99.13966227,2020-04
9228975,09005611312000233001000000U7,DIRECCION DE PROSPECTIVA E INTELIGENCIA TECNOLOGICA TECNOPOLI,INSTITUTO POLITECNICO NACIONAL,611312,Escuelas de educación superior del sector público,51 a 100 personas,AVENIDA,WILFRIDO MASSIEU,AVENIDA,LUIS ENRIQUE ERRO,CERRADA,MANUEL L. STAMPA,AVENIDA,JUAN DE DIOS BATIZ,,SN,,1,,,COLONIA,NUEVA INDUSTRIAL VALLEJO,OTRO,INSTITUTO POLITECNICO NACIONAL,1,07700,09,CIUDAD DE MÉXICO,005,Gustavo A. Madero,0001,Gustavo A. Madero                                                                                             ,0718,003,,TECNOPOLI@IPN.MX,,Fijo,19.49788159,-99.143801,2020-04
9229023,09005611312000715001000000U3,DIRECCION DE RECURSOS FINANCIEROS,INSTITUTO POLITECNICO NACIONAL,611312,Escuelas de educación superior del sector público,11 a 30 personas,AVENIDA,MIGUEL OTHON DE MENDIZABAL ORIENTE,CALLE,MARIA LUISA ESTAMPA ORTIGOZA,AVENIDA,MIGUEL BERNARD,AVENIDA,MIGUEL BERNARD,,SN,,,,,OTRO,NUEVA INDUSTRIAL VALLEJO,,,,07738,09,CIUDAD DE MÉXICO,005,Gustavo A. Madero,0001,Gustavo A. Madero                                                                                             ,0718,005,,OFICILIA_DRF@IPN.MX,WWW.IPN.MX,Fijo,19.5089374,-99.14052913,2020-04
9228995,09005611312000436000000000U6,DIRECCION DE RECURSOS MATERIALES Y SERVICIOS,INSTITUTO POLITECNICO NACIONAL,611312,Escuelas de educación superior del sector público,101 a 250 personas,AVENIDA,MIGUEL OTHON DE MENDIZABAL ORIENTE,CALLE,MARIA LUISA ESTAMPA ORTIGOZA,AVENIDA,MIGUEL BERNARD,AVENIDA,MIGUEL BERNARD,,SN,,,,,OTRO,NUEVA INDUSTRIAL VALLEJO,,,,07738,09,CIUDAD DE MÉXICO,005,Gustavo A. Madero,0001,Gustavo A. Madero                                                                                             ,0718,005,,DRMI@IPN.MX,WWW.IPN.MX,Fijo,19.50894058,-99.14052104,2020-04
9229021,09005611312000695001000000U7,DIRECCION DE RELACIONES INTERNACIONALES,INSTITUTO POLITECNICO NACIONAL,611312,Escuelas de educación superior del sector público,6 a 10 personas,AVENIDA,LUIS ENRIQUE ERRO,AVENIDA,JUAN DE DIOS BATIZ,AVENIDA,MIGUEL BERNARD,CALLE,MARIA LUISA ESTAMPA ORTIGOZA,,SN,,,,,OTRO,NUEVA INDUSTRIAL VALLEJO,,,,07738,09,CIUDAD DE MÉXICO,005,Gustavo A. Madero,0001,Gustavo A. Madero                                                                                             ,0718,005,,DIRECCION.DRI@IPN.MX,WWW.IPN.MX,Fijo,19.5061476,-99.13863824,2020-04
9228979,09005611312000275001000000U8,DIRECCION DE SERVICIOS EMPRESARIALES Y TRANFERENCIA TECNOLOGICA DSETT,INSTITUTO POLITECNICO NACIONAL,611312,Escuelas de educación superior del sector público,6 a 10 personas,AVENIDA,WILFRIDO MASSIEU,AVENIDA,LUIS ENRIQUE ERRO,CERRADA,MANUEL L. STAMPA,AVENIDA,JUAN DE DIOS BATIZ,,SN,,1,,,COLONIA,NUEVA INDUSTRIAL VALLEJO,OTRO,INSTITUTO POLITECNICO NACIONAL,1,07700,09,CIUDAD DE MÉXICO,005,Gustavo A. Madero,0001,Gustavo A. Madero                                                                                             ,0718,003,,DSETT@IPN.MX,,Fijo,19.49788159,-99.143801,2020-04
9229010,09005611312000587001000000U6,DIRECCION DE SERVICIOS ESTUDIANTILES,INSTITUTO POLITECNICO NACIONAL,611312,Escuelas de educación superior del sector público,31 a 50 personas,AVENIDA,MIGUEL OTHON DE MENDIZABAL ORIENTE,CALLE,MARIA LUISA ESTAMPA ORTIGOZA,AVENIDA,MIGUEL BERNARD,CALLE,MARIA LUISA ESTAMPA ORTIGOZA,,SN,,,,,OTRO,NUEVA INDUSTRIAL VALLEJO,,,,07738,09,CIUDAD DE MÉXICO,005,Gustavo A. Madero,0001,Gustavo A. Madero                                                                                             ,0718,005,,CEACA@IPN.MX,WWW.IPN.MX,Fijo,19.50875585,-99.14099172,2020-04
1061104,09003611312000396001000000U7,DIRECCION DE SISTEMAS,UNIVERSIDAD NACIONAL AUTONOMA DE MEXICO,611312,Escuelas de educación superior del sector público,51 a 100 personas,CIRCUITO,EXTERIOR,CERRADA,NINGUNO,CERRADA,NINGUNO,CIRCUITO,MARIO DE LA CUEVA,,SN,,,,,CIUDAD,UNIVERSIDAD NACIONAL AUTÓNOMA DE MÉXICO CIUDAD UNIVERSITARIA,,,,04510,09,CIUDAD DE MÉXICO,003,Coyoacán,0001,Coyoacán                                                                                                      ,0770,009,,,,Fijo,19.32240791,-99.18614637,2010-07
9229006,09005611312000544001000000U7,DIRECCION DE VINCULACION Y DESARROLLO REGIONAL,INSTITUTO POLITECNICO NACIONAL,611312,Escuelas de educación superior del sector público,101 a 250 personas,CALLE,MARIA LUISA ESTAMPA ORTIGOZA,AVENIDA,MIGUEL OTHON DE MENDIZABAL ORIENTE,AVENIDA,JUAN DE DIOS BATIZ,AVENIDA,MIGUEL BERNARD,,SN,,,,,OTRO,NUEVA INDUSTRIAL VALLEJO,,,,07738,09,CIUDAD DE MÉXICO,005,Gustavo A. Madero,0001,Gustavo A. Madero                                                                                             ,0718,005,,DIUDYDER@IPN.MX,WWW.IPN.MX,Fijo,19.50651212,-99.14266924,2020-04
1059415,09003931610001703011000000U3,DIRECCION GENERAL DE ACTIVIDADES CINEMATOGRAFICAS,UNIVERSIDAD NACIONAL AUTONOMA DE MEXICO,611312,Escuelas de educación superior del sector público,101 a 250 personas,CIRCUITO,MARIO DE LA CUEVA,CALLE,NINGUNO,AVENIDA,ANTONIO DELFIN MADRIGAL,CIRCUITO,MARIO DE LA CUEVA,,SN,,,,,CIUDAD,UNIVERSIDAD NACIONAL AUTÓNOMA DE MÉXICO CIUDAD UNIVERSITARIA,,,,04510,09,CIUDAD DE MÉXICO,003,Coyoacán,0001,Coyoacán                                                                                                      ,0770,017,,,WWW.FILMOTECA.UNAM.MX,Fijo,19.3207912,-99.17618422,2010-07
1061140,09003931610000876010000000U8,DIRECCION GENERAL DE ASUNTOS DEL PERSONAL ACADEMICO,UNIVERSIDAD NACIONAL AUTONOMA DE MEXICO,611312,Escuelas de educación superior del sector público,101 a 250 personas,AVENIDA,AVENIDA DEL ASPIRANTE,CIRCUITO,ESCOLAR,AVENIDA,AVENIDA DEL ASPIRANTE,CALLE,CIRCUITO CENTRO CULTURAL,,SN,,,,,CIUDAD,UNIVERSIDAD NACIONAL AUTÓNOMA DE MÉXICO CIUDAD UNIVERSITARIA,,,,04510,09,CIUDAD DE MÉXICO,003,Coyoacán,0001,Coyoacán                                                                                                      ,0770,020,5556652788,JROQUE@DGAPA.UNAM.MX,WWW.DGAPA.UNAM.MX,Fijo,19.30908133,-99.18589062,2010-07
9176763,09003611312001936000000000U9,DIRECCION GENERAL DE ASUNTOS JURIDICOS,UNIVERSIDAD NACIONAL AUTONOMA DE MEXICO,611312,Escuelas de educación superior del sector público,101 a 250 personas,CALLE,CIRCUITO CENTRO CULTURAL,CIRCUITO,ESCOLAR,AVENIDA,AVENIDA DEL ASPIRANTE,CALLE,CIRCUITO CENTRO CULTURAL,,SN,,,,,CIUDAD,UNIVERSIDAD NACIONAL AUTÓNOMA DE MÉXICO CIUDAD UNIVERSITARIA,,,,04510,09,CIUDAD DE MÉXICO,003,Coyoacán,0001,Coyoacán                                                                                                      ,0770,020,,DGAJUADMVA@UNAM.MX,,Fijo,19.31134712,-99.18609078,2019-11
1061145,09003931610001626010000000U6,DIRECCION GENERAL DE ATENCION A LA COMUNIDAD UNIVERSITARIA,UNAM,611312,Escuelas de educación superior del sector público,101 a 250 personas,CALLE,CIRCUITO CENTRO CULTURAL,CIRCUITO,ESCOLAR,AVENIDA,AVENIDA DEL ASPIRANTE,CALLE,CIRCUITO CENTRO CULTURAL,,SN,,,,,CIUDAD,UNIVERSIDAD NACIONAL AUTÓNOMA DE MÉXICO CIUDAD UNIVERSITARIA,,,,04510,09,CIUDAD DE MÉXICO,003,Coyoacán,0001,Coyoacán                                                                                                      ,0770,020,5556226174,UADMINISTRATIVA@DGACO.UNAM.MX,,Fijo,19.31057861,-99.18155881,2010-07
1059403,09003519122000132011000000U2,DIRECCION GENERAL DE BIBLIOTECAS,UNAM,611312,Escuelas de educación superior del sector público,251 y más personas,CIRCUITO,ESCOLAR,CIRCUITO,ESCOLAR,CIRCUITO,ESCOLAR,CIRCUITO,ESCOLAR,,SN,,,,,COLONIA,UNIVERSIDAD NACIONAL AUTÓNOMA DE MÉXICO CIUDAD UNIVERSITARIA,,,,04510,09,CIUDAD DE MÉXICO,003,Coyoacán,0001,Coyoacán                                                                                                      ,0770,007,5556221603,SUBCENTRAL@DGB.UNAM.MX,WWW.DGBIBLIO.UNAM.MX,Fijo,19.33215409,-99.18936111,2010-07
1059429,09003931610001916012000000U1,DIRECCION GENERAL DE COLEGIO DE CIENCIAS Y HUMANIDADES,UNIVERSIDAD NACIONAL AUTONOMA DE MEXICO,611312,Escuelas de educación superior del sector público,0 a 5 personas,AVENIDA,UNIVERSIDAD,CIRCUITO,ESCOLAR,CIRCUITO,ESCOLAR,CIRCUITO,ESCOLAR,3000,,,,,,OTRO,UNIVERSIDAD NACIONAL AUTÓNOMA DE MÉXICO CIUDAD UNIVERSITARIA,,,,04510,09,CIUDAD DE MÉXICO,003,Coyoacán,0001,Coyoacán                                                                                                      ,0770,005,5556220024,ROCIO.CARRILLO@CCH.UNAM.MX,WWW.CCH.UNAM.MX,Fijo,19.3368343,-99.18701325,2010-07
1061161,09003931610000486011000000U6,DIRECCION GENERAL DE CONTROL PRESUPUESTAL E INFORMATICA,UNAM,611312,Escuelas de educación superior del sector público,11 a 30 personas,CALLE,CIRCUITO CENTRO CULTURAL,CIRCUITO,ESCOLAR,AVENIDA,AVENIDA DEL ASPIRANTE,CALLE,CIRCUITO CENTRO CULTURAL,,SN,,,,,CIUDAD,UNIVERSIDAD NACIONAL AUTÓNOMA DE MÉXICO CIUDAD UNIVERSITARIA,,,,04510,09,CIUDAD DE MÉXICO,003,Coyoacán,0001,Coyoacán                                                                                                      ,0770,020,5556220000,ADMINRED@PATRONATO.UNAM.MX,HTTPWWW.DGCPI.NAM.MXHTTPWWW.DGCPI.NAM.MX,Fijo,19.31161593,-99.18419976,2010-07
11032832,09014611171000985000000000U4,DIRECCION GENERAL DE COOPERACION INTERNACIONALIZACION DE LA UNAM,UNAM,611312,Escuelas de educación superior del sector público,51 a 100 personas,AVENIDA,SAN FRANCISCO,CALLE,PEDRO ROMERO DE TERREROS,CALLE,LUZ SAVIÑON,AVENIDA,MAGDALENA,323,,,,,,COLONIA,DEL VALLE NORTE,,,,03103,09,CIUDAD DE MÉXICO,014,Benito Juárez,0001,Benito Juárez                                                                                                 ,0238,024,,,WWW.UNAMINTERNACIONAL.UNAM.MX,Fijo,19.39499817,-99.17026004,2024-11
9166360,09003611312001927000000000U8,DIRECCION GENERAL DE DIVULGACION DE LA CIENCIA,UNIVERSIDAD NACIONAL AUTONOMA DE MEXICO,611312,Escuelas de educación superior del sector público,251 y más personas,CIRCUITO,CIRCUITO CULTURAL,CALLE,NINGUNO,CALLE,NINGUNO,CIRCUITO,CIRCUITO CULTURAL,,SN,,,,,CIUDAD,UNIVERSIDAD NACIONAL AUTÓNOMA DE MÉXICO CIUDAD UNIVERSITARIA,,,,04510,09,CIUDAD DE MÉXICO,003,Coyoacán,0001,Coyoacán                                                                                                      ,0770,019,,CONTACTO@UNIVERSUM.UNAM.MX,WWW.DGDC.UNAM.MX,Fijo,19.31065767,-99.18109031,2019-11
1061154,09003931610000625011000000U9,DIRECCION GENERAL DE ESTUDIOS DE LEGISLACION UNIVERSITARIA,UNIVERSIDAD NACIONAL AUTONOMA DE MEXICO,611312,Escuelas de educación superior del sector público,11 a 30 personas,CALLE,CIRCUITO CENTRO CULTURAL,CIRCUITO,ESCOLAR,CALLE,CIRCUITO CENTRO CULTURAL,AVENIDA,AVENIDA DEL ASPIRANTE,,SN,,,,,CIUDAD,UNIVERSIDAD NACIONAL AUTÓNOMA DE MÉXICO CIUDAD UNIVERSITARIA,,,,04510,09,CIUDAD DE MÉXICO,003,Coyoacán,0001,Coyoacán                                                                                                      ,0770,020,,UNIDADADMINISTRATI_DGELU@UNAM.MX,WWW.DGELU.UNAM.MX,Fijo,19.31146594,-99.18382031,2010-07
8584101,09003611312001431001000000U1,DIRECCION GENERAL DE ESTUDIOS DE POSGRADO,UNIVERSIDAD NACIONAL AUTONOMA DE MEXICO,611312,Escuelas de educación superior del sector público,6 a 10 personas,CALLE,CIRCUITO CENTRO CULTURAL,CIRCUITO,ESCOLAR,AVENIDA,AVENIDA DEL ASPIRANTE,CALLE,CIRCUITO CENTRO CULTURAL,,SN,,,,,CIUDAD,UNIVERSIDAD NACIONAL AUTÓNOMA DE MÉXICO CIUDAD UNIVERSITARIA,,,,04510,09,CIUDAD DE MÉXICO,003,Coyoacán,0001,Coyoacán                                                                                                      ,0770,020,,,,Fijo,19.31056785,-99.18153097,2019-11
1059390,09003931610001586010000000U2,DIRECCION GENERAL DE INCORPORACION Y REVALIDACION DE ESTUDIOS,UNIVERSIDAD NACIONAL AUTONOMA DE MEXICO,611312,Escuelas de educación superior del sector público,101 a 250 personas,CALLE,CIRCUITO CENTRO CULTURAL,CIRCUITO,ESCOLAR,AVENIDA,AVENIDA DEL ASPIRANTE,CALLE,CIRCUITO CENTRO CULTURAL,,SN,,,,,CIUDAD,UNIVERSIDAD NACIONAL AUTÓNOMA DE MÉXICO CIUDAD UNIVERSITARIA,,,,04510,09,CIUDAD DE MÉXICO,003,Coyoacán,0001,Coyoacán                                                                                                      ,0770,020,,LLILIANA_GOMEZ@DGIRE.UNAM.MX,WWW.DGIRE.UNAM.MX,Fijo,19.31167376,-99.18437108,2010-07
11430565,09014611312000207000000000U3,DIRECCION GENERAL DE LA ESCUELA NACIONAL PREPARATORIA,UNIVERSIDAD NACIONAL AUTONOMA DE MEXICO,611312,Escuelas de educación superior del sector público,251 y más personas,AVENIDA,COYOACAN,CALLE,TORRES ADALID,AVENIDA,COLONIA DEL VALLE,CALLE,TORRES ADALID,515,,EDIFICIO SIN NOMBRE,1,,,COLONIA,DEL VALLE NORTE,EDIFICIO COMERCIAL Y DE SERVICIOS,SIN NOMBRE,SN,03103,09,CIUDAD DE MÉXICO,014,Benito Juárez,0001,Benito Juárez                                                                                                 ,0238,013,,MIGUEL.CRUZ@ENP.UNAM.MX,,Fijo,19.39020545,-99.16640858,2024-11
1059431,09003931610000461011000000U9,DIRECCION GENERAL DE NORMATIVIDAD Y SISTEMAS ADMINISTRATIVOS,UNAM,611312,Escuelas de educación superior del sector público,6 a 10 personas,CALLE,CIRCUITO CENTRO CULTURAL,CIRCUITO,ESCOLAR,AVENIDA,AVENIDA DEL ASPIRANTE,CALLE,CIRCUITO CENTRO CULTURAL,,SN,,,,,CIUDAD,UNIVERSIDAD NACIONAL AUTÓNOMA DE MÉXICO CIUDAD UNIVERSITARIA,,,,04510,09,CIUDAD DE MÉXICO,003,Coyoacán,0001,Coyoacán                                                                                                      ,0770,020,,,,Fijo,19.3117343,-99.18469605,2010-07
849697,09003931610001865011000000U0,DIRECCION GENERAL DE ORIENTACION Y ATENCION EDUCATIVA,UNAM,611312,Escuelas de educación superior del sector público,101 a 250 personas,CIRCUITO,ESCOLAR,CIRCUITO,ESCOLAR,CIRCUITO,ESCOLAR,CIRCUITO,ESCOLAR,,SN,,,,,COLONIA,UNIVERSIDAD NACIONAL AUTÓNOMA DE MÉXICO CIUDAD UNIVERSITARIA,,,,04510,09,CIUDAD DE MÉXICO,003,Coyoacán,0001,Coyoacán                                                                                                      ,0770,007,,,WWW.DGOAE.UNAM.MX,Fijo,19.33369129,-99.18838623,2010-07
10683806,09014931610001736000000000U0,DIRECCION GENERAL DE PERSONAL SISTEMAS CAPACITACION Y EVALUACION,UNIVERSIDAD NACIONAL AUTONOMA DE MEXICO,611312,Escuelas de educación superior del sector público,101 a 250 personas,CALLE,MATIAS ROMERO,CALLE,PESTALOZZI,CALLE,PITAGORAS,EJE VIAL,6 SUR (ANGEL URRAZA),1220,,,,,,COLONIA,DEL VALLE CENTRO,,,,03100,09,CIUDAD DE MÉXICO,014,Benito Juárez,0001,Benito Juárez                                                                                                 ,0613,009,5517542255,,,Fijo,19.37910341,-99.16048073,2024-11
1059427,09003931610000475011000000U9,DIRECCION GENERAL DE PLANEACION,UNIVERSIDAD NACIONAL AUTONOMA DE MEXICO,611312,Escuelas de educación superior del sector público,11 a 30 personas,CALLE,CIRCUITO CENTRO CULTURAL,CIRCUITO,ESCOLAR,AVENIDA,AVENIDA DEL ASPIRANTE,CALLE,CIRCUITO CENTRO CULTURAL,,SN,,,,,CIUDAD,UNIVERSIDAD NACIONAL AUTÓNOMA DE MÉXICO CIUDAD UNIVERSITARIA,,,,04510,09,CIUDAD DE MÉXICO,003,Coyoacán,0001,Coyoacán                                                                                                      ,0770,020,,JRIVERA@UNAM.MX,WWW.DGP.UNAM.MX,Fijo,19.31153768,-99.18400182,2010-07
1059428,09003931610001956010000000U7,DIRECCION GENERAL DE PRESUPUESTO,UNAM,611312,Escuelas de educación superior del sector público,101 a 250 personas,CALLE,CIRCUITO CENTRO CULTURAL,CIRCUITO,ESCOLAR,AVENIDA,AVENIDA DEL ASPIRANTE,CALLE,CIRCUITO CENTRO CULTURAL,,SN,,,,,CIUDAD,UNIVERSIDAD NACIONAL AUTÓNOMA DE MÉXICO CIUDAD UNIVERSITARIA,,,,04510,09,CIUDAD DE MÉXICO,003,Coyoacán,0001,Coyoacán                                                                                                      ,0770,020,,PATRICIAGR@PRESUPUESTO.UNAM.MX,,Fijo,19.31141909,-99.18370064,2010-07
1059432,09003931610001716011000000U5,DIRECCION GENERAL DE PROVEEDURIA,UNIVERSIDAD NACIONAL AUTONOMA DE MEXICO,611312,Escuelas de educación superior del sector público,251 y más personas,CALLE,ESCOLAR CU 1,AVENIDA,REVOLUCION,CALLE,ESCOLAR CU 1,CALLE,ESCOLAR CU 1,3500,,,,,,OTRO,UNIVERSIDAD NACIONAL AUTÓNOMA DE MÉXICO CIUDAD UNIVERSITARIA,,,,04510,09,CIUDAD DE MÉXICO,003,Coyoacán,0001,Coyoacán                                                                                                      ,0770,015,5556222725,AMADO.OSTOS@PROVEEDURIA.UNAM.MX,WWW.PROVEEDURIA.UNAM.MX,Fijo,19.33498193,-99.19179485,2014-12
1059423,09003931610000566011000000U5,DIRECCION GENERAL DE PUBLICACIONES Y FOMENTO EDITORIAL,UNIVERSIDAD NACIONAL AUTONOMA DE MEXICO,611312,Escuelas de educación superior del sector público,251 y más personas,AVENIDA,AVENIDA DEL IMAN,OTRO(ESPECIFIQUE),MANZANA O EDIFICACION CONTIGUA,CALLE,NINGUNO,CIRCUITO,ESCOLAR,5,,,,,,COLONIA,UNIVERSIDAD NACIONAL AUTÓNOMA DE MÉXICO CIUDAD UNIVERSITARIA,,,,04510,09,CIUDAD DE MÉXICO,003,Coyoacán,0001,Coyoacán                                                                                                      ,0770,023,,DAVID.GOMEZ@LIBROS.UNAM.MX,WWW.PUBLICACIONES.UNAM.MX,Fijo,19.30701911,-99.18199866,2014-12
10293450,09003611312002336000000000U1,DIRECCION GENERAL DE RELACIONES LABORALES,DIRECCION GENERAL DE RELACIONES LABORALES,611312,Escuelas de educación superior del sector público,101 a 250 personas,CALLE,ESCOLAR CU 1,RETORNO,NINGUNO,CALLE,ESCOLAR,CALLE,ESCOLAR,3500,,,,,,CIUDAD,UNIVERSIDAD NACIONAL AUTÓNOMA DE MÉXICO CIUDAD UNIVERSITARIA,,,,04510,09,CIUDAD DE MÉXICO,003,Coyoacán,0001,Coyoacán                                                                                                      ,0770,029,,,,Fijo,19.33479693,-99.19130992,2024-11
1059445,09003931610001165011000000U5,DIRECCION GENERAL DE SERVICIOS ADMINISTRATIVOS,UNIVERSIDAD NACIONAL AUTONOMA DE MEXICO,611312,Escuelas de educación superior del sector público,251 y más personas,CIRCUITO,MARIO DE LA CUEVA,CALLE,NINGUNO,AVENIDA,ANTONIO DELFIN MADRIGAL,CIRCUITO,MARIO DE LA CUEVA,,SN,,,,,CIUDAD,UNIVERSIDAD NACIONAL AUTÓNOMA DE MÉXICO CIUDAD UNIVERSITARIA,,,,04510,09,CIUDAD DE MÉXICO,003,Coyoacán,0001,Coyoacán                                                                                                      ,0770,017,,LAURA.GODFREY@DGSA.UNAM.MX,WWW.DGSA.UNAM.MX,Fijo,19.32111873,-99.17624288,2010-07
1059388,09003931610001277010000000U8,DIRECCION GENERAL DE SERVICIOS DE COMPUTO Y DE TECNOLOGIAS DE INFORMACION Y COMUNICACION,UNIVERSIDAD NACIONAL AUTONOMA DE MEXICO,611312,Escuelas de educación superior del sector público,251 y más personas,CIRCUITO,EXTERIOR,CERRADA,NINGUNO,CIRCUITO,INVESTIGACION CIENTIFICA,CIRCUITO,MARIO DE LA CUEVA,,SN,,,,,CIUDAD,UNIVERSIDAD NACIONAL AUTÓNOMA DE MÉXICO CIUDAD UNIVERSITARIA,,,,04510,09,CIUDAD DE MÉXICO,003,Coyoacán,0001,Coyoacán                                                                                                      ,0770,009,5556228516,UADM.DGTIC@UNAM.MX,WWW.TIC.UNAM.MX,Fijo,19.32303953,-99.18388236,2010-07
1059441,09003931610000927010000000U9,DIRECCION GENERAL DE SERVICIOS GENERALES Y MOVILIDAD,UNIVERSIDAD NACIONAL AUTONOMA DE MEXICO,611312,Escuelas de educación superior del sector público,251 y más personas,CALLE,CIRCUITO CENTRO CULTURAL,CIRCUITO,ESCOLAR,AVENIDA,AVENIDA DEL ASPIRANTE,CALLE,CIRCUITO CENTRO CULTURAL,,SN,,,,,CIUDAD,UNIVERSIDAD NACIONAL AUTÓNOMA DE MÉXICO CIUDAD UNIVERSITARIA,,,,04510,09,CIUDAD DE MÉXICO,003,Coyoacán,0001,Coyoacán                                                                                                      ,0770,020,,UNIDAADMINISTRATIVA@DGSGM.UNAM.MX,WWW.DGSG.UNAM.MX,Fijo,19.31038552,-99.18106756,2010-07
1059425,09003931610001066011000000U5,DIRECCION GENERAL DE TELEVISION UNIVERSITARIA,UNIVERSIDAD NACIONAL AUTONOMA DE MEXICO,611312,Escuelas de educación superior del sector público,251 y más personas,AVENIDA,ANTONIO DELFIN MADRIGAL,CALLE,NINGUNO,CIRCUITO,MARIO DE LA CUEVA,CIRCUITO,MARIO DE LA CUEVA,1000,,,,,,CIUDAD,UNIVERSIDAD NACIONAL AUTÓNOMA DE MÉXICO CIUDAD UNIVERSITARIA,,,,04510,09,CIUDAD DE MÉXICO,003,Coyoacán,0001,Coyoacán                                                                                                      ,0770,017,,ENRIQUE.HERRERA@TVUNAMA.MX,WWW.TVUNAM.UNAM.MX,Fijo,19.3179177,-99.17469568,2014-12
1059394,09003931610001007010000000U9,DIRECCION GENERAL DEL DEPORTE UNIVERSITARIO,UNAM,611312,Escuelas de educación superior del sector público,251 y más personas,CALLE,ESCOLAR CU 1,CALLE,NINGUNO,CALLE,ESCOLAR CU 2,CALLE,ESCOLAR CU 2,,SN,,,,,CIUDAD,UNIVERSIDAD NACIONAL AUTÓNOMA DE MÉXICO CIUDAD UNIVERSITARIA,,,,04510,09,CIUDAD DE MÉXICO,003,Coyoacán,0001,Coyoacán                                                                                                      ,0770,013,5556222958,CONTACTO@DEPORTE.UNAM.MX,DGDU.COM,Fijo,19.33285125,-99.19518687,2010-07
1061158,09003931610001556011000000U5,DIRECCION GENERAL DEL PATRIMONIO UNIVERSITARIO CORDINACION ADMINISTRATIVA DEL PATRONATO UNIVERSITARIO,UNIVERSIDAD NACIONAL AUTONOMA DE MEXICO,611312,Escuelas de educación superior del sector público,31 a 50 personas,CALLE,CIRCUITO CENTRO CULTURAL,CIRCUITO,ESCOLAR,AVENIDA,AVENIDA DEL ASPIRANTE,CALLE,CIRCUITO CENTRO CULTURAL,,SN,,,,,CIUDAD,UNIVERSIDAD NACIONAL AUTÓNOMA DE MÉXICO CIUDAD UNIVERSITARIA,,,,04510,09,CIUDAD DE MÉXICO,003,Coyoacán,0001,Coyoacán                                                                                                      ,0770,020,,PATRIMONIO@PATRONATO.UNAM.MX,WWW.PATRIMONIO.UNAM.MX,Fijo,19.31126263,-99.183301,2010-07
909772,09003611312001337001000000U0,DIVISION DE CIENCIAS BIOLOGICAS Y DE LA SALUD DCBS,UNIVERSIDAD AUTONOMA METROPOLITANA UNIDAD XOCHIMILCO,611312,Escuelas de educación superior del sector público,101 a 250 personas,CALZADA,CALZADA DEL HUESO,CALLE,HACIENDA XALPA,AVENIDA,CANAL NACIONAL,CALZADA,CALZADA DE LAS BOMBAS,1100,,,1,,,COLONIA,VILLA QUIETUD,EDIFICIO COMERCIAL Y DE SERVICIOS,UNIVERSIDAD AUTONOMA METROPOLITANA,SN,04960,09,CIUDAD DE MÉXICO,003,Coyoacán,0001,Coyoacán                                                                                                      ,1092,021,,DCBS@CORREO.XOC.UAM.MX,WWW.XOC.UAM.MX,Fijo,19.29998628,-99.10271021,2014-12
909770,09003611312000557000000000U4,DIVISION DE CIENCIAS SOCIALES Y HUMANIDADES DCSH,UNIVERSIDAD AUTONOMA METROPOLITANA UNIDAD XOCHIMILCO,611312,Escuelas de educación superior del sector público,251 y más personas,CALZADA,CALZADA DEL HUESO,CALLE,HACIENDA XALPA,AVENIDA,CANAL NACIONAL,CALZADA,CALZADA DE LAS BOMBAS,1100,,,1,,,COLONIA,VILLA QUIETUD,OTRO,UNIVERSIDAD AUTONOMA METROPOLITANA,SN,04960,09,CIUDAD DE MÉXICO,003,Coyoacán,0001,Coyoacán                                                                                                      ,1092,021,5554837000,,WWW.XOC.UAM.MX,Fijo,19.29998628,-99.10271021,2014-12
909771,09003611312000565000000000U7,DIVISION DE CIENCIAS Y ARTES PARA EL DISEÑO CYAD,UNIVERSIDAD AUTONOMA METROPOLITANA UNIDAD XOCHIMILCO,611312,Escuelas de educación superior del sector público,51 a 100 personas,CALZADA,CALZADA DEL HUESO,CALLE,HACIENDA XALPA,AVENIDA,CANAL NACIONAL,CALZADA,CALZADA DE LAS BOMBAS,1100,,,1,24,,COLONIA,VILLA QUIETUD,OTRO,UNIVERSIDAD AUTONOMA METROPOLITANA,SN,04960,09,CIUDAD DE MÉXICO,003,Coyoacán,0001,Coyoacán                                                                                                      ,1092,021,5554837123,SACYAD@CORREO.XOC.UAM.MX,WWW.XOC.UAM.MX,Fijo,19.29998628,-99.10271021,2014-12
1059368,09014611312000105002000000U9,DIVISION DE EDUCACION CONTINUA DE PSICOLOGIA,UNAM,611312,Escuelas de educación superior del sector público,6 a 10 personas,CALLE,SATURNINO HERRAN,CALLE,JOSE MARIA VELASCO,CALLE,MERCADERES,CALLE,SAGREDO,135,,,,,,COLONIA,SAN JOSÉ INSURGENTES,,,,03900,09,CIUDAD DE MÉXICO,014,Benito Juárez,0001,Benito Juárez                                                                                                 ,090A,011,5555936001,ADMINIS@UNAM.MX,WWW.DEC.PSICOL.UNAM.MX,Fijo,19.36509558,-99.18672793,2014-12
1059360,09015611312000095002000000U9,DIVISION DE EDUCACION CONTINUA PALACIO DE MINERIA,PALACIO DE MINERIA UNAM,611312,Escuelas de educación superior del sector público,101 a 250 personas,CALLE,TACUBA,CALLE,CONDESA,CALLE,FILOMENO MATA,CALLE,5 DE MAYO,5,,,,,,COLONIA,CENTRO,,,,06000,09,CIUDAD DE MÉXICO,015,Cuauhtémoc,0001,Cuauhtémoc                                                                                                    ,0767,007,,EAGUILAR@MINERIA.UNAM.MX,WWW.MINERIA.UNAM.MX,Fijo,19.43586701,-99.13975357,2010-07
875290,09014611312000011002000000U9,DIVISION DE EDUCACION CONTINUA Y EXTENSION UNIVERSITARIA FENO UNAM,DIVISION DE EDUCACION CONTINUA Y EXTENSION UNIVERSITARIA FENO UNAM,611312,Escuelas de educación superior del sector público,11 a 30 personas,CIRCUITO,INTERIOR AVENIDA RIO MIXCOAC,CALLE,MINERVA,CALLE,CERES,CALLE,CERES,21,,,,,,COLONIA,CRÉDITO CONSTRUCTOR,,,,03940,09,CIUDAD DE MÉXICO,014,Benito Juárez,0001,Benito Juárez                                                                                                 ,0929,004,5556626629,,WWW.ENEOUNAM.COM.MX,Fijo,19.36714173,-99.18006375,2011-03
849638,09003611312000066002000000U6,DIVISION DE ESTUDIOS DE POSGRADO DE INGENIERIA,UNIVERSIDAD NACIONAL AUTONOMA DE MEXICO,611312,Escuelas de educación superior del sector público,251 y más personas,CIRCUITO,ESCOLAR,CIRCUITO,EXTERIOR,CIRCUITO,ESCOLAR,CIRCUITO,EXTERIOR,,SN,,,,,CIUDAD,UNIVERSIDAD NACIONAL AUTÓNOMA DE MÉXICO CIUDAD UNIVERSITARIA,,,,04510,09,CIUDAD DE MÉXICO,003,Coyoacán,0001,Coyoacán                                                                                                      ,0770,001,5556228867,PABLO.CERVANTES@ZAFI.UNAM.MX,,Fijo,19.32735627,-99.18087027,2010-07
1061126,09003611312001253001000000U9,DIVISION DE ESTUDIOS DE POSGRADO DE LA FACULTAD DE CIENCIAS,UNIVERSIDAD NACIONAL AUTONOMA DE MEXICO,611312,Escuelas de educación superior del sector público,6 a 10 personas,CIRCUITO,INVESTIGACION CIENTIFICA,CIRCUITO,INTERIOR,CIRCUITO,ESCOLAR,CIRCUITO,INTERIOR,,SN,,,,,OTRO,UNIVERSIDAD NACIONAL AUTÓNOMA DE MÉXICO CIUDAD UNIVERSITARIA,,,,04510,09,CIUDAD DE MÉXICO,003,Coyoacán,0001,Coyoacán                                                                                                      ,0770,008,,DIRECCION@ENACIF.UNAM.MX,,Fijo,19.32295532,-99.18010034,2014-12
11360874,09010611312000094000000000U3,EDIFICIO ADOLFO SANCHEZ VAZQUEZ,UNIVERSIDAD NACIONAL AUTONOMA DE MEXICO,611312,Escuelas de educación superior del sector público,31 a 50 personas,CALLE,ESCOLAR CU 2,CALLE,ESCOLAR CU 2,AVENIDA,CIUDAD UNIVERSITARIA,CALLE,FUEGO,22,,,,,,COLONIA,UNIVERSIDAD NACIONAL AUTÓNOMA DE MÉXICO CIUDAD UNIVERSITARIA,,,,01900,09,CIUDAD DE MÉXICO,010,Álvaro Obregón,0001,Álvaro Obregón                                                                                                ,1275,002,,,,Fijo,19.33226323,-99.19608466,2024-11
1059410,09015611312000184000000000U1,EDIFICIO DE LOS MASCARONES,UNAM,611312,Escuelas de educación superior del sector público,31 a 50 personas,AVENIDA,RIBERA DE SAN COSME,CALLE,NARANJO,CALLE,JAIME TORRES BODET,CALLE,AMADO NERVO,71,,,,,,COLONIA,SANTA MARÍA LA RIBERA,,,,06400,09,CIUDAD DE MÉXICO,015,Cuauhtémoc,0001,Cuauhtémoc                                                                                                    ,0593,020,5556227962,EPTORRES@UNAM.MX,,Fijo,19.44179887,-99.16016586,2014-12
1059374,09012611312000087001000000U3,ENEO ANEXO DEPORTIVO,UNAM GOBIERNO,611312,Escuelas de educación superior del sector público,0 a 5 personas,CALLE,CAMINO REAL,PERIFERICO,BOULEVARD ADOLFO RUIZ CORTINES,CALLE,MEXICO-XOCHIMILCO,PERIFERICO,BOULEVARD ADOLFO RUIZ CORTINES,20,,,,,,COLONIA,SAN LORENZO HUIPULCO,,,,14080,09,CIUDAD DE MÉXICO,012,Tlalpan,0001,Tlalpan                                                                                                       ,0430,004,,INFO.ENEO@GMAIL.COM,WWW.ENEO.UNAM.MX,Fijo,19.29417571,-99.15318993,2010-07
8458968,09014611312000166001000000U1,ENSEÑANZA E INVESTIGACION CENTRO MEDICO NACIONAL 20 DE NOVIEMBRE,INSTITUTO DE SEGURIDAD Y SERVICIOS SOCIALES DE LOS TRABAJADORES DEL ESTADO,611312,Escuelas de educación superior del sector público,6 a 10 personas,CALLE,SAN LORENZO,CALLE,DOCTOR ROBERTO GAYOL,EJE VIAL,3 PONIENTE (AVENIDA COYOACAN),CALLE,CERRADA COYOACAN,502,BIS,,,,,COLONIA,DEL VALLE SUR,,,,03100,09,CIUDAD DE MÉXICO,014,Benito Juárez,0001,Benito Juárez                                                                                                 ,0740,016,,JAVIR.CASTELLANOS@ISSTE.GOB.MX,WWW.ISSTE-CMN20N.GOB.MX,Fijo,19.37402591,-99.17068929,2019-11
1059365,09013611312000043000000000U4,ESCUELA CLINICA PERIFERICA DE ODONTOLOGIA UNAM XOMILCO,UNAM,611312,Escuelas de educación superior del sector público,11 a 30 personas,CALLE,CAPULINES,CALLE,CAMINO A SAN LUCAS,CALLE,MAIZ,CALLE,NUEVA CARRETERA XOCHIMILCO-TULYEHUALCO (16 DE SEPTIEMBRE),,SN,,,,,BARRIO,SAN PEDRO,,,,16090,09,CIUDAD DE MÉXICO,013,Xochimilco,0001,Xochimilco                                                                                                    ,0404,002,,,,Fijo,19.25107516,-99.10978108,2010-07
10157215,09015611312000411000000000U8,ESCUELA DE ADMINISTRACION PUBLICA DE LA CIUDAD DE MEXICO,CONTRALORIA DE LA CIUDAD DE MEXICO,611312,Escuelas de educación superior del sector público,0 a 5 personas,CALLE,REPUBLICA DE PERU,CALLE,REPUBLICA DE BRASIL,CALLE,ALTUNA,CALLE,REPUBLICA DE HONDURAS,88,2P,,,,,COLONIA,CENTRO,,,,06010,09,CIUDAD DE MÉXICO,015,Cuauhtémoc,0001,Cuauhtémoc                                                                                                    ,0644,001,5518002520,MGONZALEZM@CDMX.GOB.MX,WWW.EAP.CDMX.GOB.MX,Fijo,19.43977286,-99.13431391,2024-11
10738898,09015611312000432000000000U4,ESCUELA DE ADMINISTRACION PUBLICA DE LA CIUDAD DEMEXICO,SECRETARIA DE LA EDUCACION CIENCIA TECNOLOGIA E INOVACION,611312,Escuelas de educación superior del sector público,6 a 10 personas,CALLE,REPUBLICA DE CUBA,CALLE,REPUBLICA DE CHILE,CALLE,ALLENDE,CALLE,DONCELES,43,,,,,,COLONIA,CENTRO,,,,06010,09,CIUDAD DE MÉXICO,015,Cuauhtémoc,0001,Cuauhtémoc                                                                                                    ,0752,010,,,,Fijo,19.43731804,-99.13764967,2024-11
912727,09012611312000176001000000U4,ESCUELA DE DIETETICA Y NUTRICION,INSTITUTO DE SEGURIDAD Y SERVICIOS SOCIALES DE LOS TRABAJADORES DEL ESTADO,611312,Escuelas de educación superior del sector público,31 a 50 personas,PRIVADA,SAN FERNANDO,CALLE,ONCE MARTIRES,CALLE,SABINO,CALLE,ZAPOTE,12,,,,,,COLONIA,SAN FERNANDO,,,,14060,09,CIUDAD DE MÉXICO,012,Tlalpan,0001,Tlalpan                                                                                                       ,1903,031,5556667278,LUZ.PALE@ISSSTE.GOB.MX,WWW.EDN.ISSSTE.GOB.MX,Fijo,19.29571122,-99.17600732,2014-12
1044401,09015611312000206000000000U2,ESCUELA DE DISEÑO DEL INBA,ESCUELA DE DISEÑO DEL INSTITUTO NACIONAL DE BELLAS ARTES Y LITERATURA,611312,Escuelas de educación superior del sector público,101 a 250 personas,CALLE,XOCONGO,CALLEJON,AGUSTIN DELGADO,CALLE,LORENZO BOTURINI,CALLE,FRANCISCO J. CLAVIJERO,138,,,17,,,COLONIA,TRÁNSITO,OTRO,INBA,138,06820,09,CIUDAD DE MÉXICO,015,Cuauhtémoc,0001,Cuauhtémoc                                                                                                    ,106A,003,,EDINBA@INBA.GO.MX,EDINBA.INBA.GOB.MX,Fijo,19.41814063,-99.13173666,2010-07
8896426,09012611312000203000000000U6,ESCUELA DE ENFERMERIA AURELIA SALDIERNA RODRIGUEZ,ESCUELA DE ENFERMERIA AURELIA SALDIERNA RODRIGUEZ,611312,Escuelas de educación superior del sector público,11 a 30 personas,CALZADA,CALZADA DE TLALPAN,CALZADA,CALZADA DE TLALPAN,AVENIDA,SAN FERNANDO,CALLE,CASINO CASAHONDA,4502,,,,,,COLONIA,BELISARIO DOMÍNGUEZ SECCIÓN XVI,,,,14080,09,CIUDAD DE MÉXICO,012,Tlalpan,0001,Tlalpan                                                                                                       ,0426,007,,EFSALDIERNA@INER.GOB.MX,WWW.INER.GOB.MX,Fijo,19.291808,-99.1598041,2019-11
755261,09016611412000015020000000U3,ESCUELA DE ENFERMERIA DEL GDF,GOBIERNO DEL DF,611312,Escuelas de educación superior del sector público,51 a 100 personas,CALZADA,MEXICO TACUBA,AVENIDA,CUITLAHUAC,CALLE,MAR HUDSON,CALLE,MAR MEDITERRANEO,595,,,,,,COLONIA,POPOTLA,,,,11400,09,CIUDAD DE MÉXICO,016,Miguel Hidalgo,0001,Miguel Hidalgo                                                                                                ,0054,011,5553421251,ESCUELADEENFERMERIA_55@HOTMAIL.COM,,Fijo,19.45735173,-99.18151567,2010-07
989991,09003931810000031011000000U6,ESCUELA DE POSGRADO EN SANIDAD NAVAL,,611312,Escuelas de educación superior del sector público,0 a 5 personas,CALZADA,CALZADA DE LA VIRGEN,EJE VIAL,3 ORIENTE (AVENIDA ARMADA DE MEXICO),EJE VIAL,2 ORIENTE (HEROICA ESCUELA NAVAL MILITAR),CALLE,VIRGILIO URIBE,1800,,,,,,COLONIA,EX EJIDO DE SAN PABLO TEPETLAPA,,,,04900,09,CIUDAD DE MÉXICO,003,Coyoacán,0001,Coyoacán                                                                                                      ,0906,045,5559799026,WEBMASTER@SEMAR.GOB.MX,WWW.SEMAR.GOB.MX,Fijo,19.32061346,-99.11384608,2010-07
1059517,09003611312000057001000000U5,ESCUELA MEDICO NAVAL,,611312,Escuelas de educación superior del sector público,0 a 5 personas,CALZADA,CALZADA DE LA VIRGEN,EJE VIAL,3 ORIENTE (AVENIDA ARMADA DE MEXICO),EJE VIAL,2 ORIENTE (HEROICA ESCUELA NAVAL MILITAR),CALLE,VIRGILIO URIBE,1800,,,,,,COLONIA,EX EJIDO DE SAN PABLO TEPETLAPA,,,,04900,09,CIUDAD DE MÉXICO,003,Coyoacán,0001,Coyoacán                                                                                                      ,0906,045,56246500,WEBMASTER@SEMAR.GOB.MX,WWW.SEMAR.GOB.MX,Fijo,19.32061346,-99.11384608,2010-07
760383,09016931810000261011000000U1,ESCUELA MILITAR DE INGENIERIA,SECRETARIA DE LA DEFENSA NACIONAL,611312,Escuelas de educación superior del sector público,101 a 250 personas,AVENIDA,INDUSTRIA MILITAR,AVENIDA,PUENTE DE TECAMACHALCO,CALLE,GENERAL CESAREO CASTRO,AVENIDA,CANTIL,261,,,,,,COLONIA,LOMAS DE SAN ISIDRO,,,,11600,09,CIUDAD DE MÉXICO,016,Miguel Hidalgo,0001,Miguel Hidalgo                                                                                                ,0800,001,,,,Fijo,19.4329842,-99.2238078,2011-03
689515,09016611312000147001000000U6,ESCUELA MILITAR DE MEDICINA,SECRETARIA DE LA DEFENSA NACIONAL,611312,Escuelas de educación superior del sector público,101 a 250 personas,CALLE,GENERAL DIEGO GARCIA CONDE PALOMAS,CALLE,GENERAL DIEGO GARCIA CONDE PALOMAS,CALLE,GENERAL ILDEFONSO VAZQUEZ,PERIFERICO,BOULEVARD MANUEL AVILA CAMACHO,,SN,,,,,COLONIA,RESIDENCIAL MILITAR,,,,11650,09,CIUDAD DE MÉXICO,016,Miguel Hidalgo,0001,Miguel Hidalgo                                                                                                ,0618,002,5555202121,ESCUELADEMEDICINA53@GMAIL.COM,WWW.SEDENA.GOB.MX,Fijo,19.43415781,-99.21406949,2014-12
689476,09016611312000116001000000U1,ESCUELA MILITAR DE ODONTOLOGIA,SECRETARIA DE LA DEFENSA NACIONAL,611312,Escuelas de educación superior del sector público,251 y más personas,CALLE,BATALLA DE CELAYA,CALLE,BATALLA DE CELAYA,CALLE,GENERAL ILDEFONSO VAZQUEZ,CALLE,GENERAL DIEGO GARCIA CONDE PALOMAS,,SN,,,,,COLONIA,RESIDENCIAL MILITAR,,,,11600,09,CIUDAD DE MÉXICO,016,Miguel Hidalgo,0001,Miguel Hidalgo                                                                                                ,1368,019,,,SEDENA.COM.MX,Fijo,19.43449824,-99.21653483,2014-12
856878,09012611312000056001000000U8,ESCUELA NACIONAL DE ANTROPOLOGIA E HISTORIA,INSTITUTO NACIONAL DE ANTROPOLOGIA E HISTORIA,611312,Escuelas de educación superior del sector público,251 y más personas,CALLE,ZAPOTE,ANDADOR,PIEDRA FILOSOFAL,PERIFERICO,BOULEVARD ADOLFO RUIZ CORTINES,CALLE,ZAPOTE,,SN,,,,,COLONIA,ISIDRO FABELA,,,,14030,09,CIUDAD DE MÉXICO,012,Tlalpan,0001,Tlalpan                                                                                                       ,0106,001,,DIRECCIONENA@INA.GOB.MX,,Fijo,19.30151633,-99.17944629,2010-07
988948,09003611612000065001000000U1,ESCUELA NACIONAL DE ARTE TEATRAL,ESCUELA NACIONAL DE ARTE TEATRAL,611312,Escuelas de educación superior del sector público,101 a 250 personas,CIRCUITO,INTERIOR AVENIDA RIO CHURUBUSCO,EJE VIAL,1 ORIENTE (AVENIDA CANAL DE MIRAMONTES),CALZADA,CALZADA DE TLALPAN,CALLE,ATLETAS,79,,,1,,,COLONIA,CHURUBUSCO COUNTRY CLUB,OTRO,ESTUDIOS CHURUBUSCO,2,06800,09,CIUDAD DE MÉXICO,003,Coyoacán,0001,Coyoacán                                                                                                      ,0075,002,,ENAT.DIRECCION@INBA.EDU.MX,WWW.ENAT.INBA.GOB.MX,Fijo,19.35658265,-99.1409426,2010-07
660826,09005611312000076000000000U0,ESCUELA NACIONAL DE BIBLIOTECONOMIA Y ARCHIVONOMIA,SECRETARIA DE EDUCACION PUBLICA,611312,Escuelas de educación superior del sector público,101 a 250 personas,CALZADA,TICOMAN,CALLE,CALLE DEL PAIS,OTRO(ESPECIFIQUE),MANZANA O EDIFICACION CONTIGUA,OTRO(ESPECIFIQUE),MANZANA O EDIFICACION CONTIGUA,645,,,,,,COLONIA,LA LAGUNA TICOMÁN,,,,07330,09,CIUDAD DE MÉXICO,005,Gustavo A. Madero,0001,Gustavo A. Madero                                                                                             ,3110,001,5536011000,,,Fijo,19.51100602,-99.13317795,2010-07
10253246,09016611312000347000000000U2,ESCUELA NACIONAL DE CIENCIAS BIOLOGICAS,INSTITUTO POLITECNICO NACIONAL,611312,Escuelas de educación superior del sector público,251 y más personas,CALLE,MANUEL CARPIO,CALLE,PLAN DE AYALA,CALLE,FERROCARRIL DE CUERNAVACA,CALLE,ELIGIO ANCONA,,SN,,,,,COLONIA,PLUTARCO ELÍAS CALLES,,,,11350,09,CIUDAD DE MÉXICO,016,Miguel Hidalgo,0001,Miguel Hidalgo                                                                                                ,0088,003,,DIRECCION.ENCB@IPN.MX,,Fijo,19.45304531,-99.17201658,2024-11
9228998,09005611312000467000000000U1,ESCUELA NACIONAL DE CIENCIAS BIOLOGICAS ENCB,INSTITUTO POLITECNICO NACIONAL,611312,Escuelas de educación superior del sector público,251 y más personas,CERRADA,MANUEL L STAMPA,CERRADA,CERRADA DE CHIQUIHUITE,AVENIDA,WILFRIDO MASSIEU,AVENIDA,JUAN DE DIOS BATIZ,,SN,,,,,COLONIA,NUEVA INDUSTRIAL VALLEJO,,,,07700,09,CIUDAD DE MÉXICO,005,Gustavo A. Madero,0001,Gustavo A. Madero                                                                                             ,0718,003,,DIRECCION.ENCB@IPN.MX,,Fijo,19.50052371,-99.14606598,2020-04
983749,09003611312000046002000000U8,ESCUELA NACIONAL DE CONSERVACION Y RESTAURACION Y MUSEOGRAFIA MANUEL DEL CASTILLO NEGRETE,INSTITUTO NACIONAL DE ANTROPOLOGIA E HISTORIA,611312,Escuelas de educación superior del sector público,101 a 250 personas,CALZADA,GENERAL PEDRO ANAYA,CALLE,COROCO,CALLE,20 DE AGOSTO,AVENIDA,DIVISION DEL NORTE,187,,,,,,COLONIA,SAN DIEGO CHURUBUSCO,,,,04120,09,CIUDAD DE MÉXICO,003,Coyoacán,0001,Coyoacán                                                                                                      ,0060,015,,,WWW.INAH.GOB.MX,Fijo,19.35453832,-99.14984572,2010-07
988950,09003611612000116000000000U2,ESCUELA NACIONAL DE DANZA CLASICA Y CONTEMPORANEA,ESCUELA NACIONAL DE DANZA CLASICA Y CONTEMPORANEA,611312,Escuelas de educación superior del sector público,101 a 250 personas,CIRCUITO,INTERIOR AVENIDA RIO CHURUBUSCO,EJE VIAL,1 ORIENTE (AVENIDA CANAL DE MIRAMONTES),CALZADA,CALZADA DE TLALPAN,CALLE,ATLETAS,79,,,1,,,COLONIA,CHURUBUSCO COUNTRY CLUB,OTRO,ESTUDIOS CHURUBUSCO,A,06800,09,CIUDAD DE MÉXICO,003,Coyoacán,0001,Coyoacán                                                                                                      ,0075,002,,FGOMEZ@INBA.GOB.MX,WWW.ENDCC.INBA.GOB.MX,Fijo,19.35658265,-99.1409426,2010-07
766199,09016611612000046002000000U3,ESCUELA NACIONAL DE DANZA FOLKLORICA DEL INBAL,INSTITUTO NACIONAL DE BELLAS ARTES Y LITERATURA INBAL,611312,Escuelas de educación superior del sector público,51 a 100 personas,CALLE,AUDITORIO NACIONAL,AVENIDA,PASEO DE LA REFORMA,CALLE,NINGUNO,CALLE,NINGUNO,,SN,,,,,COLONIA,BOSQUE DE CHAPULTEPEC,,,,11550,09,CIUDAD DE MÉXICO,016,Miguel Hidalgo,0001,Miguel Hidalgo                                                                                                ,0798,037,,ENDF@INBA.GOB.MX,WWW.INBA.GOB.MX,Fijo,19.42377184,-99.19425453,2010-07
768478,09016611612000055010000000U4,ESCUELA NACIONAL DE DANZA NELLIE Y GLORIA CAMPOBELLO,INSTITUTO NACIONAL DE BELLAS ARTES Y LITERATURA,611312,Escuelas de educación superior del sector público,51 a 100 personas,AVENIDA,CAMPOS ELISEOS,CALLE,ANDADOR JESUS CAMACHO MORELOS,CALLE,MOLIERE,PERIFERICO,BOULEVARD MANUEL AVILA CAMACHO,400,,,,,,COLONIA,POLANCO II SECCIÓN,,,,11530,09,CIUDAD DE MÉXICO,016,Miguel Hidalgo,0001,Miguel Hidalgo                                                                                                ,0849,019,,ENDGS@INBA.GOB.MX,WWW.ENDGCAMPOBELLO.BELLASARTES.GOB.MX,Fijo,19.43089538,-99.20582226,2011-03
708624,09006611312000016002000000U4,ESCUELA NACIONAL DE ENTRENADORES DEPORTIVOS,CONADE COMISION NACIONAL DE CULTURA FISICA Y DEPORTE,611312,Escuelas de educación superior del sector público,101 a 250 personas,EJE VIAL,3 SUR AÑIL,CIRCUITO,INTERIOR (AVENIDA RIO CHURUBUSCO),EJE VIAL,3 SUR (VAINILLA),VIADUCTO,RIO DE LA PIEDAD,,SN,,,,,COLONIA,GRANJAS MÉXICO,,,,08400,09,CIUDAD DE MÉXICO,006,Iztacalco,0001,Iztacalco                                                                                                     ,0151,001,5559275200,ADMINISTRACION.ENED@CONADE.GOB.MX,ENED.CONADE.GOB.MX,Fijo,19.40230738,-99.09327215,2014-12
9230667,09016611312000257000000000U3,ESCUELA NACIONAL DE MEDICINA Y HOMEOPATIA ENMH,INSTITUTO POLITECNICO NACIONAL,611312,Escuelas de educación superior del sector público,251 y más personas,PRIVADA,3,PRIVADA,2,ANDADOR,4,CALLEJON,MANZANA O EDIFICACION CONTIGUA,56,,,,,,COLONIA,LA PURÍSIMA TICOMÁN,,,,07330,09,CIUDAD DE MÉXICO,005,Gustavo A. Madero,0001,Gustavo A. Madero                                                                                             ,2860,001,,,ENMH.IPN.MX,Fijo,19.51346096,-99.13671581,2020-04
1059376,09003611312001097000000000U0,ESCUELA NACIONAL DE MUSICA,UNIVERSIDAD NACIONAL AUTONOMA DE MEXICO,611312,Escuelas de educación superior del sector público,251 y más personas,CALLE,XICOTENCATL,CALLE,CORINA,AVENIDA,DIVISION DEL NORTE,CALZADA,GENERAL PEDRO ANAYA,126,,,1,,,COLONIA,DEL CARMEN,EDIFICIO COMERCIAL Y DE SERVICIOS,FACULTAD DE MUSICA,SN,04100,09,CIUDAD DE MÉXICO,003,Coyoacán,0001,Coyoacán                                                                                                      ,0056,010,5556040778,CLS@FAM.UNAM.MX,WWW.FAM.UNAM.MX,Fijo,19.35477403,-99.153583,2014-12
988951,09003611612000075000000000U0,ESCUELA NACIONAL DE PINTURA ESCULTURA Y GRABADO LA ESMERALDA,INSTITUTO NACIONAL DE BELLAS ARTES Y LITERATURA,611312,Escuelas de educación superior del sector público,101 a 250 personas,CIRCUITO,INTERIOR AVENIDA RIO CHURUBUSCO,EJE VIAL,1 ORIENTE (AVENIDA CANAL DE MIRAMONTES),CALZADA,CALZADA DE TLALPAN,CALLE,ATLETAS,79,,,1,,,COLONIA,CHURUBUSCO COUNTRY CLUB,OTRO,ESTUDIOS CHURUBUSCO,A,06800,09,CIUDAD DE MÉXICO,003,Coyoacán,0001,Coyoacán                                                                                                      ,0075,002,5541550031,MMEZAB@INBA.GOB.MX,WWW.LAESMERALDA.EDU.MX,Fijo,19.35658265,-99.1409426,2010-07
1061124,09003611312001166002000000U3,ESCUELA NACIONAL DE TRABAJO SOCIAL,UNIVERSIDAD NACIONAL AUTONOMA DE MEXICO,611312,Escuelas de educación superior del sector público,11 a 30 personas,CIRCUITO,ESCOLAR,CIRCUITO,EXTERIOR,CIRCUITO,ESCOLAR,CIRCUITO,EXTERIOR,,SN,,,,,CIUDAD,UNIVERSIDAD NACIONAL AUTÓNOMA DE MÉXICO CIUDAD UNIVERSITARIA,,,,04510,09,CIUDAD DE MÉXICO,003,Coyoacán,0001,Coyoacán                                                                                                      ,0770,001,5556228771,CANASOR@UNAM.COM,WWW.TRABAJOSOCIAL.UNAM.MX,Fijo,19.32398559,-99.18404499,2010-07
1059556,09010611312000036000000000U4,ESCUELA NACIONAL PARA MAESTRAS DE JARDINES DE NIÑOS,SECRETARIA DE EDUCACION PUBLICA,611312,Escuelas de educación superior del sector público,101 a 250 personas,CALLE,GUSTAVO E CAMPA,CALLE,MACEDONIO ALCALA,CALLE,MANUEL M. PONCE,CALLE,FELIPE VILLANUEVA,94,,,,,,COLONIA,GUADALUPE INN,,,,01020,09,CIUDAD DE MÉXICO,010,Álvaro Obregón,0001,Álvaro Obregón                                                                                                ,0987,003,,,,Fijo,19.36115453,-99.18726196,2014-12
762847,09016611312000056002000000U9,ESCUELA NORMAL DE ESPECIALIZACION DR ROBERTO SOLIS QUIROGA,ESCUELA NORMAL DE ESPECIALIZACION DR ROBERTO SOLIS QUIROGA,611312,Escuelas de educación superior del sector público,101 a 250 personas,AVENIDA,CAMPOS ELISEOS,CALLE,JORGE BERNAD SHAW,CALLE,FERROCARRIL DE CUERNAVACA (CICLOPISTA),AVENIDA,PRESIDENTE MASARYK,467,,,,,,COLONIA,POLANCO II SECCIÓN,,,,11530,09,CIUDAD DE MÉXICO,016,Miguel Hidalgo,0001,Miguel Hidalgo                                                                                                ,0637,028,,DIRECCION.N@AEFCM.GOB.MX,,Fijo,19.43064782,-99.20510114,2010-07
639611,09002611312000027001000000U0,ESCUELA NORMAL SUPERIOR DE MEXICO,SECRETARIA DE EDUCACION PUBLICA,611312,Escuelas de educación superior del sector público,101 a 250 personas,CALLE,HACIENDA SOTELO,CALLE,ZEMPOALTECAS,CALLE,HACIENDA DEL ROSARIO,AVENIDA,CALZADA DE LAS ARMAS,201,,,,,,COLONIA,EX-HACIENDA EL ROSARIO,,,,02410,09,CIUDAD DE MÉXICO,002,Azcapotzalco,0001,Azcapotzalco                                                                                                  ,0148,007,5553943379,,,Fijo,19.49870576,-99.20638974,2010-07
9230668,09016611312000267000000000U2,ESCUELA SUPERIOR DE COMERCIO Y ADMINISTRACION ESCA UNIDAD SANTO TOMAS,INSTITUTO POLITECNICO NACIONAL,611312,Escuelas de educación superior del sector público,251 y más personas,CALLE,MANUEL CARPIO,CALLE,PLAN DE AYALA,CALLE,PLAN DE AGUA PRIETA,CALZADA,CALZADA DE LOS GALLOS,471,,,,,,COLONIA,PLUTARCO ELÍAS CALLES,,,,11350,09,CIUDAD DE MÉXICO,016,Miguel Hidalgo,0001,Miguel Hidalgo                                                                                                ,0088,001,,AROJASRO@IPN.MX,,Fijo,19.45235693,-99.16726399,2020-04
9229797,09012611312000277000000000U0,ESCUELA SUPERIOR DE COMERCIO Y ADMINISTRACION ESCA UNIDAD TEPEPAN,INSTITUTO POLITECNICO NACIONAL,611312,Escuelas de educación superior del sector público,251 y más personas,PERIFERICO,BOULEVARD ADOLFO RUIZ CORTINES,CONTINUACION,VIADUCTO TLALPAN,CALLE,CERRADA RIO BUENAVENTURA,CALZADA,ARENAL,4863,,,,,,COLONIA,ARENAL TEPEPAN,,,,14610,09,CIUDAD DE MÉXICO,012,Tlalpan,0001,Tlalpan                                                                                                       ,0977,001,5557296000,,WWW.IPN.MX.COM,Fijo,19.28590825,-99.14845143,2020-04
9228983,09005611312000317000000000U8,ESCUELA SUPERIOR DE COMPUTO ESCOM,INSTITUTO POLITECNICO NACIONAL,611312,Escuelas de educación superior del sector público,251 y más personas,AVENIDA,JUAN DE DIOS BATIZ,CALLE,NINGUNO,AVENIDA,LUIS ENRIQUE ERRO,AVENIDA,WILFRIDO MASSIEU,,SN,,,,,COLONIA,NUEVA INDUSTRIAL VALLEJO,,,,07700,09,CIUDAD DE MÉXICO,005,Gustavo A. Madero,0001,Gustavo A. Madero                                                                                             ,0718,003,,DIRECCION_ESCOM@IPN.MX,,Fijo,19.50558613,-99.14561482,2020-04
9230670,09016611312000287001000000U0,ESCUELA SUPERIOR DE ECONOMIA ESE,INSTITUTO POLITECNICO NACIONAL,611312,Escuelas de educación superior del sector público,51 a 100 personas,CALLE,PLAN DE AGUA PRIETA,CALZADA,CALZADA DE LOS GALLOS,CALLE,MANUEL CARPIO,CALLE,PLAN DE AYALA,66,,,,,,COLONIA,PLUTARCO ELÍAS CALLES,,,,11350,09,CIUDAD DE MÉXICO,016,Miguel Hidalgo,0001,Miguel Hidalgo                                                                                                ,0088,001,,MORTEGAH@IPN.MX,,Fijo,19.45425591,-99.16694591,2020-04
9229022,09005611312000706001000000U2,ESCUELA SUPERIOR DE ENFERMERIA Y OBSTETRICIA ESEO,INSTITUTO POLITECNICO NACIONAL,611312,Escuelas de educación superior del sector público,251 y más personas,CERRADA,MANUEL L STAMPA,CERRADA,CERRADA DE CHIQUIHUITE,AVENIDA,WILFRIDO MASSIEU,AVENIDA,JUAN DE DIOS BATIZ,,SN,,,,,COLONIA,NUEVA INDUSTRIAL VALLEJO,,,,07700,09,CIUDAD DE MÉXICO,005,Gustavo A. Madero,0001,Gustavo A. Madero                                                                                             ,0718,003,,ESEO@IPN.MX,,Fijo,19.500118,-99.1462711,2020-04
9228966,09005611312000147001000000U9,ESCUELA SUPERIOR DE FISICA Y MATEMATICAS ESFM,INSTITUTO POLITECNICO NACIONAL,611312,Escuelas de educación superior del sector público,101 a 250 personas,AVENIDA,INSTITUTO POLITECNICO NACIONAL,AVENIDA,JUAN DE DIOS BATIZ,AVENIDA,WILFRIDO MASSIEU,CALLE,MANUEL DE ANDA Y BARREDO,1936,,,1,,,COLONIA,NUEVA INDUSTRIAL VALLEJO,OTRO,INSTITUTO POLITECNICO NACIONAL,1,07738,09,CIUDAD DE MÉXICO,005,Gustavo A. Madero,0001,Gustavo A. Madero                                                                                             ,0718,002,,DIRECCIONESFM@IPN.MX,,Fijo,19.49923352,-99.13248068,2020-04
1020768,09008931810000027010000000U3,ESCUELA SUPERIOR DE GUERRA,SECRETARIA DE LA DEFENSA NACIONAL,611312,Escuelas de educación superior del sector público,251 y más personas,CALLE,BENITO JUAREZ,CALLE,FERROCARRIL DE CUERNAVACA,PRIVADA,CORREGIDORA,CALLE,FERROCARRIL DE CUERNAVACA,,SN,,,,,COLONIA,SAN JERÓNIMO LÍDICE,,,,10200,09,CIUDAD DE MÉXICO,008,La Magdalena Contreras,0001,La Magdalena Contreras                                                                                        ,0160,014,,,,Fijo,19.31972841,-99.23131486,2011-03
9229028,09005611312000767000000000U4,ESCUELA SUPERIOR DE INGENIERIA MECANICA Y ELECTRICA ESIME UNIDAD AZCAPOTZALCO,INSTITUTO POLITECNICO NACIONAL,611312,Escuelas de educación superior del sector público,251 y más personas,CALZADA,TICOMAN,AVENIDA,INSTITUTO POLITECNICO NACIONAL,CALLE,30 DE JUNIO DE 1520,AVENIDA,ACUEDUCTO DE GUADALUPE,682,,,,80,,COLONIA,LA LAGUNA TICOMÁN,,,,07360,09,CIUDAD DE MÉXICO,005,Gustavo A. Madero,0001,Gustavo A. Madero                                                                                             ,3356,001,,DIRECCION.ESIMEAZC@IPN.MX,,Fijo,19.50794891,-99.13110115,2020-04
9228671,09003611312002227000000000U2,ESCUELA SUPERIOR DE INGENIERIA MECANICA Y ELECTRICA ESIME UNIDAD CULHUACAN,INSTITUTO POLITECNICO NACIONAL,611312,Escuelas de educación superior del sector público,251 y más personas,AVENIDA,SANTA ANA,CALLE,CAFETALES,EJE VIAL,3 ORIENTE (AVENIDA CARLOTA ARMERO),EJE VIAL,3 ORIENTE (AVENIDA CARLOTA ARMERO),1000,,,,,,COLONIA,CULHUACÁN CTM SECCIÓN V,,,,04440,09,CIUDAD DE MÉXICO,003,Coyoacán,0001,Coyoacán                                                                                                      ,0605,003,,DIRECCION_ESIMECU@IPN.MX,,Fijo,19.32835325,-99.11085784,2020-04
9229007,09005611312000557001000000U9,ESCUELA SUPERIOR DE INGENIERIA MECANICA Y ELECTRICA ESIME UNIDAD TICOMAN,INSTITUTO POLITECNICO NACIONAL,611312,Escuelas de educación superior del sector público,6 a 10 personas,CALZADA,TICOMAN,CALLE,CONSTITUCION DE 1857,AVENIDA,GUILLERMO MASSIEU H.,CALLE,NINGUNO,,SN,,,,,COLONIA,SAN JOSÉ TICOMÁN,,,,07340,09,CIUDAD DE MÉXICO,005,Gustavo A. Madero,0001,Gustavo A. Madero                                                                                             ,3356,002,,ESIMETICOMAN@IPN.MX,,Fijo,19.5095312,-99.13237811,2020-04
9228993,09005611312000417001000000U6,ESCUELA SUPERIOR DE INGENIERIA MECANICA Y ELECTRICA ESIME UNIDAD ZACATENCO,INSTITUTO POLITECNICO NACIONAL,611312,Escuelas de educación superior del sector público,51 a 100 personas,AVENIDA,WILFRIDO MASSIEU,CALLE,MANUEL DE ANDA Y BARREDO,PRIVADA,NINGUNO,AVENIDA,JUAN DE DIOS BATIZ,,SN,,,,,COLONIA,NUEVA INDUSTRIAL VALLEJO,,,,07738,09,CIUDAD DE MÉXICO,005,Gustavo A. Madero,0001,Gustavo A. Madero                                                                                             ,0718,002,,CONTACTOSESIMEZ@IPN.MX,,Fijo,19.49538048,-99.13670347,2020-04
9228974,09005611312000227000000000U9,ESCUELA SUPERIOR DE INGENIERIA QUIMICA E INDUSTRIAS EXTRACTIVAS ESIQIE,INSTITUTO POLITECNICO NACIONAL,611312,Escuelas de educación superior del sector público,251 y más personas,AVENIDA,INSTITUTO POLITECNICO NACIONAL,AVENIDA,JUAN DE DIOS BATIZ,AVENIDA,WILFRIDO MASSIEU,CALLE,MANUEL DE ANDA Y BARREDO,1936,,,1,,,COLONIA,NUEVA INDUSTRIAL VALLEJO,OTRO,INSTITUTO POLITECNICO NACIONAL,1,07738,09,CIUDAD DE MÉXICO,005,Gustavo A. Madero,0001,Gustavo A. Madero                                                                                             ,0718,002,,DIRECCION_ESIQIE@IPN.MX,,Fijo,19.49923352,-99.13248068,2020-04
9228973,09005611312000216000000000U2,ESCUELA SUPERIOR DE INGENIERIA TEXTIL ESIT,INSTITUTO POLITECNICO NACIONAL,611312,Escuelas de educación superior del sector público,101 a 250 personas,AVENIDA,INSTITUTO POLITECNICO NACIONAL,AVENIDA,JUAN DE DIOS BATIZ,AVENIDA,WILFRIDO MASSIEU,CALLE,MANUEL DE ANDA Y BARREDO,1936,,,1,,,COLONIA,NUEVA INDUSTRIAL VALLEJO,OTRO,INSTITUTO POLITECNICO NACIONAL,1,07738,09,CIUDAD DE MÉXICO,005,Gustavo A. Madero,0001,Gustavo A. Madero                                                                                             ,0718,002,,ESIT@IPN.MX,,Fijo,19.49923352,-99.13248068,2020-04
9229014,09005611312000627000000000U0,ESCUELA SUPERIOR DE INGENIERIA Y ARQUITECTURA ESIA UNIDAD TICOMAN,INSTITUTO POLITECNICO NACIONAL,611312,Escuelas de educación superior del sector público,251 y más personas,CALZADA,TICOMAN,CALLE,CONSTITUCION DE 1857,AVENIDA,GUILLERMO MASSIEU H.,CALLE,NINGUNO,600,,,,,,COLONIA,SAN JOSÉ TICOMÁN,,,,07340,09,CIUDAD DE MÉXICO,005,Gustavo A. Madero,0001,Gustavo A. Madero                                                                                             ,3356,002,,DIRECCION_ESIATIC@IPN.MX,,Fijo,19.50862151,-99.13179764,2020-04
9229024,09005611312000727001000000U8,ESCUELA SUPERIOR DE INGENIERIA Y ARQUITECTURA ESIA UNIDAD ZACATENCO,INSTITUTO POLITECNICO NACIONAL,611312,Escuelas de educación superior del sector público,11 a 30 personas,AVENIDA,JUAN DE DIOS BATIZ,AVENIDA,LUIS ENRIQUE ERRO,AVENIDA,MIGUEL BERNARD,AVENIDA,MIGUEL BERNARD,,SN,,,,,OTRO,NUEVA INDUSTRIAL VALLEJO,,,,07738,09,CIUDAD DE MÉXICO,005,Gustavo A. Madero,0001,Gustavo A. Madero                                                                                             ,0718,008,,DIRESIAIC@IPN.MX,WWW.IPN.MX,Fijo,19.50401157,-99.1365229,2020-04
10888962,09002611312000103000000000U9,ESCUELA SUPERIOR DE INGENIERIA Y MECANICA ELECTRICA POSGRADO Y CAMP VIRTUAL,INSTITUTO POLITECNICON NACIONAL,611312,Escuelas de educación superior del sector público,11 a 30 personas,EJE VIAL,4 NORTE CALZADA AZCAPOTZALCO LA VILLA,CALLE,CERRADA DE LAS GRANJAS,AVENIDA,AVENIDA DE LAS GRANJAS,EJE VIAL,4 NORTE (CALZADA AZCAPOTZALCO-LA VILLA),,SN,,,,,COLONIA,EL JAGÜEY,,,,02519,09,CIUDAD DE MÉXICO,002,Azcapotzalco,0001,Azcapotzalco                                                                                                  ,035A,010,,DIRECCIONESIMEAZC@IPN.MX,,Fijo,19.49071325,-99.17306094,2024-11
9230671,09016611312000297000000000U9,ESCUELA SUPERIOR DE MEDICINA ESM,INSTITUTO POLITECNICO NACIONAL,611312,Escuelas de educación superior del sector público,251 y más personas,CALLE,SALVADOR DIAZ MIRON,CALLE,PLAN DE SAN LUIS,CALLE,SALVADOR DIAZ MIRON,CALLE,MANUEL CARPIO,,SN,,,,,COLONIA,SANTO TOMÁS,,,,11350,09,CIUDAD DE MÉXICO,016,Miguel Hidalgo,0001,Miguel Hidalgo                                                                                                ,0088,007,,,WWW.ESM.IPN.MX,Fijo,19.45081197,-99.16858083,2020-04
1014930,09003611612000055000000000U2,ESCUELA SUPERIOR DE MUSICA,INSTITUTO NACIONAL DE BELLAS ARTES Y LITERATURA,611312,Escuelas de educación superior del sector público,51 a 100 personas,CALLE,FERNANDEZ LEAL,CALLE,PLAZA DE LA CONCHITA,AVENIDA,MIGUEL HIDALGO,CALLE,VALLARTA,31,,,19,,,COLONIA,LA CONCEPCIÓN,,,,04020,09,CIUDAD DE MÉXICO,003,Coyoacán,0001,Coyoacán                                                                                                      ,0145,006,,,WWW.ESCUELASUPERIORDEMUSICA.BELLASARTES.GOP.MX,Fijo,19.34889804,-99.15833505,2010-07
988952,09003611612000096000000000U6,ESCUELA SUPERIOR DE MUSICA,INSTITUTO NACIONAL DE BELLAS ARTES Y LITERATURA,611312,Escuelas de educación superior del sector público,101 a 250 personas,CIRCUITO,INTERIOR AVENIDA RIO CHURUBUSCO,EJE VIAL,1 ORIENTE (AVENIDA CANAL DE MIRAMONTES),CALZADA,CALZADA DE TLALPAN,CALLE,ATLETAS,79,,,1,,,COLONIA,CHURUBUSCO COUNTRY CLUB,OTRO,ESTUDIOS CHURUBUSCO,5,06800,09,CIUDAD DE MÉXICO,003,Coyoacán,0001,Coyoacán                                                                                                      ,0075,002,,ESM@INBA.GOB.MX,WWW.ESCUELASUPERIORDEMUSICA.INBA.GOB.MX,Fijo,19.35658265,-99.1409426,2010-07
9040530,09012611312000223001000000U4,ESCUELA SUPERIOR DE REHABILITACION,INSTITUTO NACIONAL DE REHABILITACION LUIS GUILLERMO IBARRA IBARRA,611312,Escuelas de educación superior del sector público,51 a 100 personas,CALZADA,MEXICO XOCHIMILCO,CALLE,FORESTAL,CONTINUACION,BOULEVARD ADOLFO RUIZ CORTINES,PERIFERICO,BOULEVARD ADOLFO RUIZ CORTINES,289,,,,,,COLONIA,ARENAL DE GUADALUPE,,,,14389,09,CIUDAD DE MÉXICO,012,Tlalpan,0001,Tlalpan                                                                                                       ,0695,001,,GGARCIA@INR.GOB.MX,,Fijo,19.29018768,-99.1487079,2019-11
9228970,09005611312000187000000000U5,ESCUELA SUPERIOR DE TURISMO EST,INSTITUTO POLITECNICO NACIONAL,611312,Escuelas de educación superior del sector público,251 y más personas,AVENIDA,MIGUEL BERNARD,OTRO(ESPECIFIQUE),MANZANA O EDIFICACION CONTIGUA,CALLE,PLAN DE SAN LUIS,CALLE,PLAN DE SAN LUIS,39,,,,,,BARRIO,LA PURÍSIMA TICOMÁN,,,,07320,09,CIUDAD DE MÉXICO,005,Gustavo A. Madero,0001,Gustavo A. Madero                                                                                             ,2856,015,,DIRECCIONEST@IPN.MX,,Fijo,19.51303627,-99.14133718,2020-04
786574,09006611132000357001000000U4,ESEF,SECRETARIA DE EDUCACION PUBLICA,611312,Escuelas de educación superior del sector público,251 y más personas,CALLE,ATLETAS,CALLE,NINGUNO,CIRCUITO,INTERIOR (AVENIDA RIO CHURUBUSCO),CIRCUITO,INTERIOR (AVENIDA RIO CHURUBUSCO),4,,,,,,COLONIA,GRANJAS MÉXICO,,,,08400,09,CIUDAD DE MÉXICO,006,Iztacalco,0001,Iztacalco                                                                                                     ,0147,003,,,,Fijo,19.40650746,-99.09837816,2010-07
11465545,09002611312000157000000000U5,ESIME ESCUELA SUPERIOR DE INGENIERIA MECANICA Y ELECTRICA,INSTITUTO POLITECNICO NACIONAL,611312,Escuelas de educación superior del sector público,251 y más personas,AVENIDA,AVENIDA DE LAS GRANJAS,EJE VIAL,4 NORTE (CALZADA AZCAPOTZALCO-LA VILLA),CALZADA,SANTO TOMAS,AVENIDA,AVENIDA DE LAS GRANJAS,682,,,,,,COLONIA,SANTO TOMÁS,,,,02020,09,CIUDAD DE MÉXICO,002,Azcapotzalco,0001,Azcapotzalco                                                                                                  ,0330,001,,ESIMEAZC@IPN.MX,,Fijo,19.48609969,-99.17422021,2024-11
1059444,09003931410000352011000000U5,ESTACION DE BOMBEROS,UNAM,611312,Escuelas de educación superior del sector público,51 a 100 personas,CIRCUITO,CIRCUITO ZONA DEPORTIVA,CALLE,NINGUNO,CALLE,NINGUNO,CIRCUITO,CIRCUITO ZONA DEPPORTIVA,,SN,,,,,CIUDAD,UNIVERSIDAD NACIONAL AUTÓNOMA DE MÉXICO CIUDAD UNIVERSITARIA,,,,04510,09,CIUDAD DE MÉXICO,003,Coyoacán,0001,Coyoacán                                                                                                      ,0770,011,5556161560,PROTECCIONCIVIL@DGSG.UNAM.MX,,Fijo,19.32451596,-99.19126694,2010-07
1061115,09003611312000096002000000U3,FACULTAD DE ADMINISTRACION Y CONTABILIDAD DIVISION DE ESTUDIOS DE POSGRADO,UNIVERSIDAD NACIONAL AUTONOMA DE MEXICO,611312,Escuelas de educación superior del sector público,11 a 30 personas,CIRCUITO,EXTERIOR,CERRADA,NINGUNO,CERRADA,NINGUNO,CIRCUITO,MARIO DE LA CUEVA,,SN,,,,,CIUDAD,UNIVERSIDAD NACIONAL AUTÓNOMA DE MÉXICO CIUDAD UNIVERSITARIA,,,,04510,09,CIUDAD DE MÉXICO,003,Coyoacán,0001,Coyoacán                                                                                                      ,0770,009,,,,Fijo,19.3225542,-99.18555258,2010-07
8584102,09003611312001444001000000U4,FACULTAD DE ADMINISTRACION Y CONTABILIDAD DIVISION DE INVESTIGACION CENTRO DE DESARROLLO DOCENTE,UNIVERSIDAD NACIONAL AUTONOMA DE MEXICO,611312,Escuelas de educación superior del sector público,51 a 100 personas,CIRCUITO,EXTERIOR,CERRADA,NINGUNO,CIRCUITO,INVESTIGACION CIENTIFICA,CIRCUITO,MARIO DE LA CUEVA,,SN,,,,,CIUDAD,UNIVERSIDAD NACIONAL AUTÓNOMA DE MÉXICO CIUDAD UNIVERSITARIA,,,,04510,09,CIUDAD DE MÉXICO,003,Coyoacán,0001,Coyoacán                                                                                                      ,0770,009,,,,Fijo,19.32335023,-99.18330062,2019-11
849640,09003611312001304001000000U0,FACULTAD DE ARQUITECTURA,UNIVERSIDAD NACIONAL AUTONOMA DE MEXICO,611312,Escuelas de educación superior del sector público,251 y más personas,CIRCUITO,ESCOLAR,CIRCUITO,ESCOLAR,CIRCUITO,ESCOLAR,CIRCUITO,ESCOLAR,,SN,,,,,COLONIA,UNIVERSIDAD NACIONAL AUTÓNOMA DE MÉXICO CIUDAD UNIVERSITARIA,,,,04510,09,CIUDAD DE MÉXICO,003,Coyoacán,0001,Coyoacán                                                                                                      ,0770,007,5556220321,IDUARTE@IFICINA.UNAM.MX,ARQUITECTURA.UNAM.MX,Fijo,19.33485776,-99.18620512,2010-07
994766,09013611612000047010000000U8,FACULTAD DE ARTES Y DISEÑO,UNIVERSIDAD NACIONAL AUTONOMA DE MEXICO,611312,Escuelas de educación superior del sector público,251 y más personas,CALLE,PROLONGACION CONSTITUCION,CALLE,ACUEDUCTO,AVENIDA,CARRETERA XOCHIMILCO-SAN PABLO-TOPILEJO,PRIVADA,ACUEDUCTO,600,,,,,,PUEBLO,LA CONCHA,,,,16210,09,CIUDAD DE MÉXICO,013,Xochimilco,0001,Xochimilco                                                                                                    ,0391,003,,FAD@UNAM.MX,FAD.NET.MX,Fijo,19.2524122,-99.11807954,2010-07
1061111,09003611312001267001000000U9,FACULTAD DE CIENCIAS,UNIVERSIDAD NACIONAL AUTONOMA DE MEXICO,611312,Escuelas de educación superior del sector público,101 a 250 personas,CIRCUITO,INVESTIGACION CIENTIFICA,CIRCUITO,INTERIOR,CIRCUITO,ESCOLAR,CIRCUITO,INVESTIGACION CIENTIFICA,,SN,,,,,OTRO,UNIVERSIDAD NACIONAL AUTÓNOMA DE MÉXICO CIUDAD UNIVERSITARIA,,,,04510,09,CIUDAD DE MÉXICO,003,Coyoacán,0001,Coyoacán                                                                                                      ,0770,008,5552248978,SECRETARIA.ADMINISTRATIVA@CINCIAS.UNAM.MX,WWW.FCIENCIAS.UNAM.MX,Fijo,19.32298633,-99.18018813,2014-12
1061112,09003611312000535001000000U0,FACULTAD DE CIENCIAS POLITICAS Y SOCIALES DIVISION DE EDUCACION CONTINUA,UNIVERSIDAD NACIONAL AUTONOMA DE MEXICO,611312,Escuelas de educación superior del sector público,251 y más personas,CIRCUITO,MARIO DE LA CUEVA,CALLE,NINGUNO,CALLE,NINGUNO,CIRCUITO,MARIO DE LA CUEVA,,SN,,,,,CIUDAD,UNIVERSIDAD NACIONAL AUTÓNOMA DE MÉXICO CIUDAD UNIVERSITARIA,,,,04510,09,CIUDAD DE MÉXICO,003,Coyoacán,0001,Coyoacán                                                                                                      ,0770,009,,,WWW.DECYVPOLITICAS-UNAM.ORG,Fijo,19.31723988,-99.18105178,2010-07
849666,09003611312000797002000000U6,FACULTAD DE CIENCIAS POLITICAS Y SOCIALES DIVISION DE ESTUDIOS DE POSGRADO,UNIVERSIDAD NACIONAL AUTONOMA DE MEXICO,611312,Escuelas de educación superior del sector público,251 y más personas,CIRCUITO,MARIO DE LA CUEVA,CALLE,NINGUNO,CALLE,NINGUNO,CIRCUITO,MARIO DE LA CUEVA,,SN,,,,,CIUDAD,UNIVERSIDAD NACIONAL AUTÓNOMA DE MÉXICO CIUDAD UNIVERSITARIA,,,,04510,09,CIUDAD DE MÉXICO,003,Coyoacán,0001,Coyoacán                                                                                                      ,0770,009,,,DECYVPOLITICAS-UNAM.ORG,Fijo,19.31728654,-99.18162346,2010-07
1061127,09003611312000463002000000U5,FACULTAD DE CIENCIAS POLITICAS Y SOCIALES DIVISION DEL SUA,UNIVERSIDAD NACIONAL AUTONOMA DE MEXICO,611312,Escuelas de educación superior del sector público,6 a 10 personas,CALLE,NINGUNO,CIRCUITO,INVESTIGACION CIENTIFICA,CALLE,NINGUNO,CIRCUITO,MARIO DE LA CUEVA,,SN,,,,,CIUDAD,UNIVERSIDAD NACIONAL AUTÓNOMA DE MÉXICO CIUDAD UNIVERSITARIA,EDIFICIO COMERCIAL Y DE SERVICIOS,SIN NOMBRE,SN,04510,09,CIUDAD DE MÉXICO,003,Coyoacán,0001,Coyoacán                                                                                                      ,0770,009,,,,Fijo,19.31876814,-99.17895874,2010-07
1061114,09003611312000657000000000U2,FACULTAD DE CONTADURIA Y ADMINISTRACION,UNAM,611312,Escuelas de educación superior del sector público,251 y más personas,CIRCUITO,ESCOLAR,CIRCUITO,EXTERIOR,CIRCUITO,ESCOLAR,CIRCUITO,EXTERIOR,,SN,,,,,CIUDAD,UNIVERSIDAD NACIONAL AUTÓNOMA DE MÉXICO CIUDAD UNIVERSITARIA,,,,04510,09,CIUDAD DE MÉXICO,003,Coyoacán,0001,Coyoacán                                                                                                      ,0770,001,5556161561,,WWW.FCA.UNAM.MX,Fijo,19.32393096,-99.18414976,2010-07
1059358,09015611312000114000000000U8,FACULTAD DE CONTADURIA Y ADMINISTRACION DIVISION DE EDUCACION CONTINUA DE LA FACULTAD DE CONTADURIA Y ADMINISTRACION UNAM,UNIVERSIDAD NACIONAL AUTONOMA DE MEXICO,611312,Escuelas de educación superior del sector público,31 a 50 personas,CALLE,LIVERPOOL,CALLE,NAPOLES,CALLE,DINAMARCA,CALLE,MARSELLA,66,,,,,,COLONIA,JUÁREZ,,,,06600,09,CIUDAD DE MÉXICO,015,Cuauhtémoc,0001,Cuauhtémoc                                                                                                    ,0841,004,,INFORMES@DEC.FCA.UNAM.MX,WWW.DEC.FCA.UNAM.MX,Fijo,19.4264935,-99.1592284,2014-12
849645,09003611312000336002000000U3,FACULTAD DE CONTADURIA Y ADMINISTRACION DIVISION DEL SUA,UNIVERSIDAD NACIONAL AUTONOMA DE MEXICO,611312,Escuelas de educación superior del sector público,251 y más personas,CIRCUITO,ESCOLAR,CIRCUITO,EXTERIOR,CIRCUITO,ESCOLAR,CIRCUITO,EXTERIOR,,SN,,,,,CIUDAD,UNIVERSIDAD NACIONAL AUTÓNOMA DE MÉXICO CIUDAD UNIVERSITARIA,,,,04510,09,CIUDAD DE MÉXICO,003,Coyoacán,0001,Coyoacán                                                                                                      ,0770,001,5556228375,DALVAREZ@FCA.UNAM.MX,,Fijo,19.32417539,-99.1836862,2010-07
849670,09003611312000287000000000U8,FACULTAD DE DERECHO,UNIVERSIDAD NACIONAL AUTONOMA DE MEXICO,611312,Escuelas de educación superior del sector público,251 y más personas,CIRCUITO,ESCOLAR,CIRCUITO,ESCOLAR,CIRCUITO,ESCOLAR,CIRCUITO,ESCOLAR,,SN,,,,,COLONIA,UNIVERSIDAD NACIONAL AUTÓNOMA DE MÉXICO CIUDAD UNIVERSITARIA,,,,04510,09,CIUDAD DE MÉXICO,003,Coyoacán,0001,Coyoacán                                                                                                      ,0770,007,5556162264,RAZUARAM@DERECHO.UNAM.MX,WWW.DERECHO.UNAM.MX,Fijo,19.33078097,-99.18298616,2010-07
657633,09003611312000034002000000U4,FACULTAD DE DERECHO DIVISION DE ESTUDIOS DE POSGRADO JORGE CARPIZO,UNAM,611312,Escuelas de educación superior del sector público,251 y más personas,AVENIDA,UNIVERSIDAD,CALLE,NINGUNO,AVENIDA,INSURGENTES SUR,EJE VIAL,10 SUR (AVENIDA COPILCO),2219,,,,,,COLONIA,COPILCO EL BAJO,,,,04340,09,CIUDAD DE MÉXICO,003,Coyoacán,0001,Coyoacán                                                                                                      ,054A,022,5556162264,RAZUARAM@DERECHO.UNAM.MX,WWW.DERECHO.UNAM.MX,Fijo,19.33682681,-99.18892273,2012-06
1061116,09003611312000586001000000U3,FACULTAD DE DERECHO DIVISION DEL SUA,UNIVERSIDAD NACIONAL AUTONOMA DE MEXICO,611312,Escuelas de educación superior del sector público,251 y más personas,CIRCUITO,EXTERIOR,CERRADA,NINGUNO,CERRADA,NINGUNO,CIRCUITO,MARIO DE LA CUEVA,,SN,,,,,CIUDAD,UNIVERSIDAD NACIONAL AUTÓNOMA DE MÉXICO CIUDAD UNIVERSITARIA,,,,04510,09,CIUDAD DE MÉXICO,003,Coyoacán,0001,Coyoacán                                                                                                      ,0770,009,,RAZUARAM@DERECHO.UNAM.MX,,Fijo,19.32236978,-99.18630113,2010-07
847950,09003611312001006001000000U1,FACULTAD DE ECONOMIA,UNIVERSIDAD AUTONOMA DE MEXICO,611312,Escuelas de educación superior del sector público,11 a 30 personas,CIRCUITO,ESCOLAR,CIRCUITO,ESCOLAR,CIRCUITO,ESCOLAR,CIRCUITO,ESCOLAR,,SN,,,,,COLONIA,UNIVERSIDAD NACIONAL AUTÓNOMA DE MÉXICO CIUDAD UNIVERSITARIA,,,,04510,09,CIUDAD DE MÉXICO,003,Coyoacán,0001,Coyoacán                                                                                                      ,0770,007,5556222152,JMOSQUEDA@ECONOMIA.UNAM.MX,,Fijo,19.33497258,-99.18511466,2010-07
907526,09003611312000205001000000U0,FACULTAD DE ECONOMIA DIVISION DEL SUA,UNIVERSIDAD NACIONAL AUTONOMA DE MEXICO,611312,Escuelas de educación superior del sector público,11 a 30 personas,CIRCUITO,ESCOLAR,CIRCUITO,ESCOLAR,CIRCUITO,ESCOLAR,CIRCUITO,ESCOLAR,,SN,,,,,COLONIA,UNIVERSIDAD NACIONAL AUTÓNOMA DE MÉXICO CIUDAD UNIVERSITARIA,,,,04510,09,CIUDAD DE MÉXICO,003,Coyoacán,0001,Coyoacán                                                                                                      ,0770,007,,,,Fijo,19.3351628,-99.18348713,2014-12
846446,09007611312000017000000000U0,FACULTAD DE ESTUDIOS SUPERIORES FES ZARAGOZA,UNAM,611312,Escuelas de educación superior del sector público,251 y más personas,AVENIDA,BATALLON DE ZACAPOAXTLA,CALZADA,GENERAL IGNACIO ZARAGOZA,AVENIDA,GUELATAO,AVENIDA,GUELATAO,202,,EDIFICIO W,99,,,UNIDAD HABITACIONAL,EJÉRCITO DE ORIENTE,,,,09230,09,CIUDAD DE MÉXICO,007,Iztapalapa,0001,Iztapalapa                                                                                                    ,5592,001,,SECRETARIA.ADMINISTRATIVA@ZARAGOZA.UNAM.MX,,Fijo,19.38295718,-99.03700478,2010-07
907528,09003611312001286001000000U9,FACULTAD DE FILOSOFIA Y LETRAS DIVISION DE ESTUDIOS SUPERIORES,UNIVERSIDAD NACIONAL AUTONOMA DE MEXICO,611312,Escuelas de educación superior del sector público,251 y más personas,CIRCUITO,ESCOLAR,CIRCUITO,ESCOLAR,CIRCUITO,ESCOLAR,CIRCUITO,ESCOLAR,,SN,,,,,COLONIA,UNIVERSIDAD NACIONAL AUTÓNOMA DE MÉXICO CIUDAD UNIVERSITARIA,,,,04510,09,CIUDAD DE MÉXICO,003,Coyoacán,0001,Coyoacán                                                                                                      ,0770,007,,PROFESIONAES@FILOS.UNAM.MX,WWW.FILOS.UNAM.MX,Fijo,19.33497716,-99.18507581,2014-12
849674,09003611312000547000000000U5,FACULTAD DE INGENIERIA,UNIVERSIDAD AUTONOMA DE MEXICO,611312,Escuelas de educación superior del sector público,251 y más personas,CIRCUITO,ESCOLAR,CIRCUITO,ESCOLAR,CIRCUITO,ESCOLAR,CIRCUITO,ESCOLAR,,SN,,,,,COLONIA,UNIVERSIDAD NACIONAL AUTÓNOMA DE MÉXICO CIUDAD UNIVERSITARIA,,,,04510,09,CIUDAD DE MÉXICO,003,Coyoacán,0001,Coyoacán                                                                                                      ,0770,007,5555622867,PABLO.CERVANTEZ@SAFI.UNAM.MX,,Fijo,19.33497827,-99.18506644,2010-07
849676,09003611312000897000000000U4,FACULTAD DE MEDICINA,UNIVERSIDAD NACIONAL AUTONOMA DE MEXICO,611312,Escuelas de educación superior del sector público,251 y más personas,CIRCUITO,ESCOLAR,CIRCUITO,ESCOLAR,CIRCUITO,ESCOLAR,CIRCUITO,ESCOLAR,,SN,,,,,COLONIA,UNIVERSIDAD NACIONAL AUTÓNOMA DE MÉXICO CIUDAD UNIVERSITARIA,,,,04510,09,CIUDAD DE MÉXICO,003,Coyoacán,0001,Coyoacán                                                                                                      ,0770,007,5556230000,DIRECCIONFM@UNAM.MX,,Fijo,19.33245447,-99.18939708,2010-07
907532,09003611312001043002000000U4,FACULTAD DE MEDICINA VETERINARIA Y ZOOCTECNIA DIVISION DE ESTUDIOS DE POSGRADO,UNIVERSIDAD NACIONAL AUTONOMA DE MEXICO,611312,Escuelas de educación superior del sector público,51 a 100 personas,CIRCUITO,INTERIOR,CIRCUITO,ESCOLAR,CIRCUITO,INVESTIGACION CIENTIFICA,CIRCUITO,INTERIOR,1,,,,,,OTRO,UNIVERSIDAD NACIONAL AUTÓNOMA DE MÉXICO CIUDAD UNIVERSITARIA,,,,04510,09,CIUDAD DE MÉXICO,003,Coyoacán,0001,Coyoacán                                                                                                      ,0770,008,,,,Fijo,19.3304464,-99.17663477,2014-12
846455,09003611312000507001000000U9,FACULTAD DE MEDICINA VETERINARIA Y ZOOTECNIA,UNIVERSIDAD NACIONAL AUTONOMA DE MEXICO,611312,Escuelas de educación superior del sector público,51 a 100 personas,CIRCUITO,INTERIOR,CIRCUITO,ESCOLAR,CIRCUITO,INVESTIGACION CIENTIFICA,CIRCUITO,INTERIOR,,SN,,,,,OTRO,UNIVERSIDAD NACIONAL AUTÓNOMA DE MÉXICO CIUDAD UNIVERSITARIA,,,,04510,09,CIUDAD DE MÉXICO,003,Coyoacán,0001,Coyoacán                                                                                                      ,0770,008,,SA@FMVZ.UNAM.MX,FMVZ.UNAM.MX,Fijo,19.3304464,-99.17663477,2014-12
907533,09003611312000363001000000U7,FACULTAD DE MEDICINA VETERINARIA Y ZOOTECNIA DIVISION DEL SUA,UNIVERSIDAD NACIONAL AUTONOMA DE MEXICO,611312,Escuelas de educación superior del sector público,51 a 100 personas,CIRCUITO,INTERIOR,CIRCUITO,ESCOLAR,CIRCUITO,INVESTIGACION CIENTIFICA,CIRCUITO,INTERIOR,1,,,,,,OTRO,UNIVERSIDAD NACIONAL AUTÓNOMA DE MÉXICO CIUDAD UNIVERSITARIA,,,,04510,09,CIUDAD DE MÉXICO,003,Coyoacán,0001,Coyoacán                                                                                                      ,0770,008,5556225881,SA@FMVZ.UNAM.MX,,Fijo,19.3304464,-99.17663477,2014-12
849681,09003611312001247000000000U1,FACULTAD DE ODONTOLOGIA,UNIVERSIDAD NACIONAL AUTONOMA MEXICO,611312,Escuelas de educación superior del sector público,251 y más personas,CIRCUITO,ESCOLAR,CIRCUITO,ESCOLAR,CIRCUITO,ESCOLAR,CIRCUITO,ESCOLAR,,SN,,,,,COLONIA,UNIVERSIDAD NACIONAL AUTÓNOMA DE MÉXICO CIUDAD UNIVERSITARIA,,,,04510,09,CIUDAD DE MÉXICO,003,Coyoacán,0001,Coyoacán                                                                                                      ,0770,007,5556232201,SECRETARIAGENERAL@UNAM.MX,,Fijo,19.3351058,-99.18400459,2010-07
907524,09003611312000606002000000U9,FACULTAD DE ODONTOLOGIA DIVISION DE ESTUDIOS DE POSGRADO E INVESTIGACION,UNIVERSIDAD NACIONAL AUTONOMA DE MEXICO,611312,Escuelas de educación superior del sector público,101 a 250 personas,CIRCUITO,ESCOLAR,CIRCUITO,ESCOLAR,CIRCUITO,ESCOLAR,CIRCUITO,ESCOLAR,,SN,,,,,COLONIA,UNIVERSIDAD NACIONAL AUTÓNOMA DE MÉXICO CIUDAD UNIVERSITARIA,,,,04510,09,CIUDAD DE MÉXICO,003,Coyoacán,0001,Coyoacán                                                                                                      ,0770,007,5556225955,JEFATURA-DEPEI@FO.ODONTO.UNAM.MX,WWW.ODONTO.UNAM.MX,Fijo,19.33498177,-99.18156865,2014-12
11053875,09003611312002286000000000U8,FACULTAD DE PSICOLOGIA DIVISION DE EDUCACION CONTINUA,UNIVERSIDAD NACIONAL AUTONOMA DE MEXICO,611312,Escuelas de educación superior del sector público,101 a 250 personas,AVENIDA,UNIVERSIDAD,CIRCUITO,ESCOLAR,CIRCUITO,ESCOLAR,CIRCUITO,ESCOLAR,3004,,,,,,OTRO,COPILCO EL BAJO,,,,04510,09,CIUDAD DE MÉXICO,003,Coyoacán,0001,Coyoacán                                                                                                      ,0770,005,,DIRECCION.PSICOLOGIA@UNAM.MX,WWW.PSICOLOGIA.UNAM.MX,Fijo,19.33669326,-99.18821881,2024-11
907393,09003611312000217001000000U5,FACULTAD DE PSICOLOGIA ESTUDIOS DE POSGRADO E INVESTIGACION,UNIVERSIDAD NACIONAL AUTONOMA DE MEXICO,611312,Escuelas de educación superior del sector público,101 a 250 personas,AVENIDA,UNIVERSIDAD,CIRCUITO,ESCOLAR,CIRCUITO,ESCOLAR,CIRCUITO,ESCOLAR,3004,,,,,,OTRO,COPILCO EL BAJO,,,,04510,09,CIUDAD DE MÉXICO,003,Coyoacán,0001,Coyoacán                                                                                                      ,0770,005,,DIRECCION.PSICOLOGIA@UNAM.MX,WWW.PSICOLOGIA.UNAM.MX,Fijo,19.33664844,-99.18860192,2014-12
1059367,09003611312000475002000000U9,FACULTAD DE PSICOLOGIA SISTEMA DE UNIVERSIDAD ABIERTA,UNIVERSIDAD NACIONAL AUTONOMA DE MEXICO,611312,Escuelas de educación superior del sector público,51 a 100 personas,AVENIDA,UNIVERSIDAD,CIRCUITO,ESCOLAR,CIRCUITO,ESCOLAR,CIRCUITO,ESCOLAR,3004,,,,,,OTRO,COPILCO EL BAJO,,,,04510,09,CIUDAD DE MÉXICO,003,Coyoacán,0001,Coyoacán                                                                                                      ,0770,005,,,WWW.SUA.PSICOLOGIA.UNAM.MX,Fijo,19.33667194,-99.18840099,2010-07
1061147,09003611312000076002000000U5,FACULTAD DE PSICOLOGIA Y ESTUDIOS PROFESIONALES,UNIVERSIDAD NACIONAL AUTONOMA DE MEXICO,611312,Escuelas de educación superior del sector público,101 a 250 personas,AVENIDA,UNIVERSIDAD,CIRCUITO,ESCOLAR,CIRCUITO,ESCOLAR,CIRCUITO,ESCOLAR,3004,,,,,,OTRO,COPILCO EL BAJO,,,,04510,09,CIUDAD DE MÉXICO,003,Coyoacán,0001,Coyoacán                                                                                                      ,0770,005,,DIRCCION.PSICOLOGIA@UNAM.MX,WWW.PSICOLOGIA.UNAM.MX,Fijo,19.33662383,-99.18881221,2010-07
849678,09003611312000787000000000U7,FACULTAD DE QUIMICA,UNIVERSIDAD NACIONAL AUTONOMA DE MEXICO,611312,Escuelas de educación superior del sector público,251 y más personas,CIRCUITO,ESCOLAR,CIRCUITO,ESCOLAR,CIRCUITO,ESCOLAR,CIRCUITO,ESCOLAR,,SN,,,,,COLONIA,UNIVERSIDAD NACIONAL AUTÓNOMA DE MÉXICO CIUDAD UNIVERSITARIA,,,,04510,09,CIUDAD DE MÉXICO,003,Coyoacán,0001,Coyoacán                                                                                                      ,0770,007,,,,Fijo,19.33510373,-99.18402337,2010-07
8736117,09012611312000214000000000U3,FACULTAD DE VETERINARIA,UNAM,611312,Escuelas de educación superior del sector público,31 a 50 personas,AVENIDA,CRUZ BLANCA,PRIVADA,CRUZ BLANCA,CALLE,NINGUNO,CALLE,PROLONGACION MIRADOR CHAPULTEPEC,,SN,,,,,PUEBLO,SAN MIGUEL TOPILEJO,,,,14500,09,CIUDAD DE MÉXICO,012,Tlalpan,0027,San Miguel Topilejo                                                                                           ,1763,048,,,FMVZ.UNAM.MXFMVZCENTROSCEPISAACERCAHML,Fijo,19.20957246,-99.15257809,2019-11
1059372,09012611312000127000000000U7,FACULTAD NACIONAL DE ENFERMERIA Y OBSTETRICIA,UNAM,611312,Escuelas de educación superior del sector público,251 y más personas,CALLE,MEXICO XOCHIMILCO,CALLE,VIADUCTO TLALPAN,CALLE,CAMINO REAL,CALLE,CAMINO REAL,,SN,,,,,COLONIA,SAN LORENZO HUIPULCO,,,,14080,09,CIUDAD DE MÉXICO,012,Tlalpan,0001,Tlalpan                                                                                                       ,0430,004,,SEC-ADMON@FENO.UNAM.MX,WWW.FENO.UNAM.MX,Fijo,19.29246362,-99.15133429,2010-07
1059373,09012611312000185001000000U5,FENO DIVISION SUAYED,UNAM,611312,Escuelas de educación superior del sector público,51 a 100 personas,CALLE,VIADUCTO TLALPAN,CONTINUACION,VIADUCTO TLALPAN,CALLE,MEXICO XOCHIMILCO,CALLE,VIADUCTO TLALPAN,,SN,,,,,COLONIA,SAN LORENZO HUIPULCO,,,,14080,09,CIUDAD DE MÉXICO,012,Tlalpan,0001,Tlalpan                                                                                                       ,0430,004,,,WWW.SUAYED.ENEO.UNAM.MX,Fijo,19.2915763,-99.15079217,2010-07
1059397,09003611312000261002000000U3,FRONTON CERRADO,UNAM,611312,Escuelas de educación superior del sector público,51 a 100 personas,CIRCUITO,ESCOLAR,CIRCUITO,EXTERIOR,CIRCUITO,ESCOLAR,CIRCUITO,EXTERIOR,,SN,,,,,CIUDAD,UNIVERSIDAD NACIONAL AUTÓNOMA DE MÉXICO CIUDAD UNIVERSITARIA,,,,04510,09,CIUDAD DE MÉXICO,003,Coyoacán,0001,Coyoacán                                                                                                      ,0770,001,5556220560,CONTACTO@DEPORTE.UNAM.MX,WWW.DEPORTES.UNAM.MX,Fijo,19.32869834,-99.18343646,2010-07
10696135,09003611312002252000000000U0,GESTION AMBIENTAL,UNIVERSIDAD AUTONOMA METROPOLITANA UNIDAD XOCHIMILCO,611312,Escuelas de educación superior del sector público,6 a 10 personas,CALZADA,CALZADA DEL HUESO,CALLE,HACIENDA XALPA,AVENIDA,CANAL NACIONAL,CALZADA,CALZADA DE LAS BOMBAS,1100,,,1,,,COLONIA,VILLA QUIETUD,OTRO,UNIVERSIDAD AUTONOMA METROPOLITANA,SN,04960,09,CIUDAD DE MÉXICO,003,Coyoacán,0001,Coyoacán                                                                                                      ,1092,021,,GESTIONAMBIENTAL@CORREO.XOC.UAM.MX,WWW.XOC.COM.MX,Fijo,19.29998628,-99.10271021,2024-11
1059400,09003611312000841001000000U2,GIMNASIO DE HALTEROFILIA Y BA OS - VESTIDORES EN PISTA DE CALENTAMIENTO,UNAM,611312,Escuelas de educación superior del sector público,31 a 50 personas,CALLE,NINGUNO,CALLE,NINGUNO,CALLE,NINGUNO,CIRCUITO,CIRCUITO ZONA DEPPORTIVA,,SN,,,,,CIUDAD,UNIVERSIDAD NACIONAL AUTÓNOMA DE MÉXICO CIUDAD UNIVERSITARIA,,,,04510,09,CIUDAD DE MÉXICO,003,Coyoacán,0001,Coyoacán                                                                                                      ,0770,011,,HALTEROFILIAUNAM@GMAIL.COM,,Fijo,19.32399194,-99.19432865,2010-07
1059353,09003611312000876002000000U8,INSTITUTO DE BIOLOGIA,UNIVERSIDAD NACIONAL AUTONOMA DE MEXICO,611312,Escuelas de educación superior del sector público,251 y más personas,CIRCUITO,NINGUNO,CIRCUITO,MANZANA O EDIFICACION CONTIGUA,CALLE,NINGUNO,OTRO(ESPECIFIQUE),BARDA,,SN,,,,,COLONIA,UNIVERSIDAD NACIONAL AUTÓNOMA DE MÉXICO CIUDAD UNIVERSITARIA,,,,04510,09,CIUDAD DE MÉXICO,003,Coyoacán,0001,Coyoacán                                                                                                      ,0770,022,5556229067,CCANELA@IB.UNAM.MX,WWW.IB.UNAM.MX,Fijo,19.32043671,-99.19363899,2014-12
1059357,09003611312001066001000000U5,INSTITUTO DE ECOLOGIA,UNIVERSIDAD NACIONAL AUTONOMA DE MEXICO,611312,Escuelas de educación superior del sector público,51 a 100 personas,CALLE,NINGUNO,ANDADOR,NINGUNO,AVENIDA,INSURGENTES SUR,OTRO(ESPECIFIQUE),MANZANA O EDIFICACION CONTIGUA,,SN,,,,,CIUDAD,UNIVERSIDAD NACIONAL AUTÓNOMA DE MÉXICO CIUDAD UNIVERSITARIA,,,,04510,09,CIUDAD DE MÉXICO,003,Coyoacán,0001,Coyoacán                                                                                                      ,0770,010,,SRIAADMVA@IECOLOGIA.UNAM.MX,WWW.ECOLOGIA.UNAM.MX,Fijo,19.32257182,-99.19248149,2010-07
907523,09003611312001216002000000U6,INSTITUTO DE FISICA,UNIVERSIDAD NACIONAL AUTONOMA DE MEXICO,611312,Escuelas de educación superior del sector público,6 a 10 personas,CIRCUITO,ESCOLAR,CIRCUITO,INVESTIGACION CIENTIFICA,CIRCUITO,INTERIOR,CIRCUITO,INVESTIGACION CIENTIFICA,,SN,,,,,OTRO,UNIVERSIDAD NACIONAL AUTÓNOMA DE MÉXICO CIUDAD UNIVERSITARIA,,,,04510,09,CIUDAD DE MÉXICO,003,Coyoacán,0001,Coyoacán                                                                                                      ,0770,008,,,WWW.FISICA.UNAM.MX,Fijo,19.32686434,-99.18017669,2014-12
11612555,09002611312000113000000000U8,INSTITUTO DE FORMACION PROFESIONAL Y ESTUDIOS SUPERIORES,GOBIERNO DE LA CIUDAD DE MEXICO,611312,Escuelas de educación superior del sector público,11 a 30 personas,CALLE,CUARTA CERRADA JARDIN,CALLE,QUINTA CERRADA JARDIN,AVENIDA,JARDIN,CALLE,FERROCARRIL CENTRAL,,SN,,,,,COLONIA,DEL GAS,,,,02920,09,CIUDAD DE MÉXICO,002,Azcapotzalco,0001,Azcapotzalco                                                                                                  ,0542,001,,,,Fijo,19.47043631,-99.16020315,2024-11
1061098,09003611312000576002000000U4,INSTITUTO DE GEOFISICA,UNIVERSIDAD NACIONAL AUTONOMA DE MEXICO,611312,Escuelas de educación superior del sector público,101 a 250 personas,CIRCUITO,INVESTIGACION CIENTIFICA,CIRCUITO,INTERIOR,CIRCUITO,ESCOLAR,CIRCUITO,INTERIOR,,SN,,,,,OTRO,UNIVERSIDAD NACIONAL AUTÓNOMA DE MÉXICO CIUDAD UNIVERSITARIA,,,,04510,09,CIUDAD DE MÉXICO,003,Coyoacán,0001,Coyoacán                                                                                                      ,0770,008,5556162344,ADMINISTRATIVA@IGEOFISICA.UNAM.MX,WWW.GEOFISICA.UNAM.MX,Fijo,19.32895261,-99.17563878,2014-12
1061099,09003611312000766000000000U1,INSTITUTO DE GEOGRAFIA,UNIVERSIDAD NACIONAL AUTONOMA DE MEXICO,611312,Escuelas de educación superior del sector público,101 a 250 personas,CIRCUITO,INVESTIGACION CIENTIFICA,CIRCUITO,INTERIOR,CIRCUITO,ESCOLAR,CIRCUITO,INVESTIGACION CIENTIFICA,,SN,,,,,OTRO,UNIVERSIDAD NACIONAL AUTÓNOMA DE MÉXICO CIUDAD UNIVERSITARIA,,,,04510,09,CIUDAD DE MÉXICO,003,Coyoacán,0001,Coyoacán                                                                                                      ,0770,008,5556224341,MCOMI@GEOGRAFI.UNAM.MX,,Fijo,19.32894366,-99.17563995,2014-12
1061100,09003611312000916000000000U2,INSTITUTO DE GEOLOGIA,UNIVERSIDAD NACIONAL AUTONOMA DE MEXICO,611312,Escuelas de educación superior del sector público,101 a 250 personas,CIRCUITO,INVESTIGACION CIENTIFICA,CIRCUITO,INTERIOR,CIRCUITO,ESCOLAR,CIRCUITO,INTERIOR,,SN,,,,,OTRO,UNIVERSIDAD NACIONAL AUTÓNOMA DE MÉXICO CIUDAD UNIVERSITARIA,,,,04510,09,CIUDAD DE MÉXICO,003,Coyoacán,0001,Coyoacán                                                                                                      ,0770,008,5556224308,SEC-ADMONIGL@GEOLOGIA.UNAM.MX,,Fijo,19.32663058,-99.1754637,2014-12
1061105,09003611312000377001000000U7,INSTITUTO DE INGENIERIA,UNIVERSIDAD NACIONAL AUTONOMA DE MEXICO,611312,Escuelas de educación superior del sector público,101 a 250 personas,CIRCUITO,ESCOLAR,CIRCUITO,EXTERIOR,CIRCUITO,ESCOLAR,CIRCUITO,EXTERIOR,,SN,,,,,CIUDAD,UNIVERSIDAD NACIONAL AUTÓNOMA DE MÉXICO CIUDAD UNIVERSITARIA,,,,04510,09,CIUDAD DE MÉXICO,003,Coyoacán,0001,Coyoacán                                                                                                      ,0770,001,5556233600,DLOPEZN@IINGEN.UNAM.MX,WWW.IINGEN.UNAM.MX,Fijo,19.3305317,-99.181808,2010-07
849664,09003611312000746000000000U3,INSTITUTO DE INVESTIGACION EN MATEMATICAS APLICADAS Y EN SISTEMAS,UNIVERSIDAD NACIONAL AUTONOMA DE MEXICO,611312,Escuelas de educación superior del sector público,101 a 250 personas,CIRCUITO,ESCOLAR,CIRCUITO,EXTERIOR,CIRCUITO,ESCOLAR,CIRCUITO,EXTERIOR,,SN,,,,,CIUDAD,UNIVERSIDAD NACIONAL AUTÓNOMA DE MÉXICO CIUDAD UNIVERSITARIA,,,,04510,09,CIUDAD DE MÉXICO,003,Coyoacán,0001,Coyoacán                                                                                                      ,0770,001,5556223555,CONTACTO@IIMAS.UNAM.MX,WWW.IIMAS.UNAM.MX,Fijo,19.3269966,-99.18107614,2010-07
1059348,09003611312000085002000000U6,INSTITUTO DE INVESTIGACIONES BIBLIOTECOLOGICAS Y DE LAINFORMACION,UNIVERSIDAD NACIONAL AUTONOMA DE MEXICO,611312,Escuelas de educación superior del sector público,11 a 30 personas,CIRCUITO,MARIO DE LA CUEVA,CALLE,NINGUNO,CALLE,NINGUNO,CALLE,CIRCUITO CENTRO CULTURAL,,SN,,,,,CIUDAD,UNIVERSIDAD NACIONAL AUTÓNOMA DE MÉXICO CIUDAD UNIVERSITARIA,,,,04510,09,CIUDAD DE MÉXICO,003,Coyoacán,0001,Coyoacán                                                                                                      ,0770,018,,ADMINISTRATIVA@IIBI.UNAM.MX,CUIB.UNAM.MX,Fijo,19.31723434,-99.18310359,2010-07
1061101,09003611312001137002000000U4,INSTITUTO DE INVESTIGACIONES BIOMEDICAS,UNIVERSIDAD NACIONAL AUTONOMA DE MEXICO,611312,Escuelas de educación superior del sector público,251 y más personas,CIRCUITO,CIRCUITO ESCOLAR,CIRCUITO,MANZANA O EDIFICACION CONTIGUA,CALLE,NINGUNO,OTRO(ESPECIFIQUE),BARDA,,SN,,,,,COLONIA,UNIVERSIDAD NACIONAL AUTÓNOMA DE MÉXICO CIUDAD UNIVERSITARIA,,,,04510,09,CIUDAD DE MÉXICO,003,Coyoacán,0001,Coyoacán                                                                                                      ,0770,022,5556228906,MLARCOS@IIBIOMEDICAS.UNAM.MX,WWW.BIOMEDICAS.UNAM.MX,Fijo,19.32096918,-99.19356009,2014-12
1061153,09003611312000384001000000U3,INSTITUTO DE INVESTIGACIONES BIOMEDICAS,UNIVERSIDAD NACIONAL AUTONOMA DE MEXICO,611312,Escuelas de educación superior del sector público,251 y más personas,CALLE,CIRCUITO CENTRO CULTURAL,CIRCUITO,ESCOLAR,AVENIDA,AVENIDA DEL ASPIRANTE,CALLE,CIRCUITO CENTRO CULTURAL,,SN,,,,,CIUDAD,UNIVERSIDAD NACIONAL AUTÓNOMA DE MÉXICO CIUDAD UNIVERSITARIA,,,,04510,09,CIUDAD DE MÉXICO,003,Coyoacán,0001,Coyoacán                                                                                                      ,0770,020,5556223555,MLARCOS@IIBIOMEDICAS.UNAM.MX,WWW.BIOMEDICAS.UNAM.MX,Fijo,19.31170707,-99.18449664,2010-07
1061107,09003611312000516000000000U0,INSTITUTO DE INVESTIGACIONES EN MATERIALES,UNIVERSIDAD NACIONAL AUTONOMA DE MEXICO,611312,Escuelas de educación superior del sector público,101 a 250 personas,CIRCUITO,INVESTIGACION CIENTIFICA,CIRCUITO,INTERIOR,CIRCUITO,ESCOLAR,CIRCUITO,INVESTIGACION CIENTIFICA,,SN,,,,,OTRO,UNIVERSIDAD NACIONAL AUTÓNOMA DE MÉXICO CIUDAD UNIVERSITARIA,,,,04510,09,CIUDAD DE MÉXICO,003,Coyoacán,0001,Coyoacán                                                                                                      ,0770,008,5556225500,BEATRZ@MATERIALES.UNAM.MX,32.248.12.175,Fijo,19.32365489,-99.18079848,2010-07
1061091,09003611312000737001000000U2,INSTITUTO DE INVESTIGACIONES JURIDICAS,UNIVERSIDAD NACIONAL AUTONOMA DE MEXICO,611312,Escuelas de educación superior del sector público,101 a 250 personas,CIRCUITO,MARIO DE LA CUEVA,CALLE,NINGUNO,CALLE,NINGUNO,CALLE,CIRCUITO CENTRO CULTURAL,,SN,,,,,CIUDAD,UNIVERSIDAD NACIONAL AUTÓNOMA DE MÉXICO CIUDAD UNIVERSITARIA,,,,04510,09,CIUDAD DE MÉXICO,003,Coyoacán,0001,Coyoacán                                                                                                      ,0770,018,5556227474,JRAULAP@UNAM.MX,,Fijo,19.31686813,-99.18067757,2010-07
1059351,09003611312000986000000000U5,INSTITUTO DE INVESTIGACIONES SOBRE LA UNIVERSIDAD Y LA EDUCACION,UNIVERSIDAD NACIONAL AUTONOMA DE MEXICO,611312,Escuelas de educación superior del sector público,101 a 250 personas,CALLE,NINGUNO,CALLE,NINGUNO,CIRCUITO,MARIO DE LA CUEVA,CALLE,CIRCUITO CENTRO CULTURAL,,SN,,,,,CIUDAD,UNIVERSIDAD NACIONAL AUTÓNOMA DE MÉXICO CIUDAD UNIVERSITARIA,,,,04510,09,CIUDAD DE MÉXICO,003,Coyoacán,0001,Coyoacán                                                                                                      ,0770,018,,SADIISUB@UNAM.MX,WWW.IISUE.UNAM.MX,Fijo,19.31602935,-99.18613406,2010-07
849661,09003611312000316001000000U5,INSTITUTO DE MATEMATICAS,UNIVERSIDAD NACIONAL AUTONOMA DE MEXICO,611312,Escuelas de educación superior del sector público,11 a 30 personas,CIRCUITO,INVESTIGACION CIENTIFICA,CIRCUITO,INTERIOR,CIRCUITO,ESCOLAR,CIRCUITO,INVESTIGACION CIENTIFICA,,SN,,,,,OTRO,UNIVERSIDAD NACIONAL AUTÓNOMA DE MÉXICO CIUDAD UNIVERSITARIA,,,,04510,09,CIUDAD DE MÉXICO,003,Coyoacán,0001,Coyoacán                                                                                                      ,0770,008,5556224520,JGONZALEZ@UNAM.MX,WWW.MATEM.UNAM.MX,Fijo,19.32486027,-99.17566566,2014-12
1061103,09003611312001186002000000U1,INSTITUTO DE QUIMICA,UNIVERSIDAD NACIONAL AUTONOMA DE MEXICO,611312,Escuelas de educación superior del sector público,101 a 250 personas,CIRCUITO,INVESTIGACION CIENTIFICA,CIRCUITO,INTERIOR,CIRCUITO,ESCOLAR,CIRCUITO,INVESTIGACION CIENTIFICA,,SN,,,,,OTRO,UNIVERSIDAD NACIONAL AUTÓNOMA DE MÉXICO CIUDAD UNIVERSITARIA,,,,04510,09,CIUDAD DE MÉXICO,003,Coyoacán,0001,Coyoacán                                                                                                      ,0770,008,5556224420,DIRECCION@IQUIMICA.UNAM.MX,WWW.IQUIMICA.UNAM.MX,Fijo,19.32347995,-99.17688435,2014-12
859097,09012611312000046001000000U9,INSTITUTO NACIONAL DE CIENCIAS PENALES,INSTITUTO NACIONAL DE CIENCIAS,611312,Escuelas de educación superior del sector público,251 y más personas,CALLE,CONGRESO,CALLE,JOSE MARIA MORELOS,CALLE,TRIUNFO DE LA LIBERTAD,CALLE,MAGISTERIO NACIONAL,10,,,,,,COLONIA,TLALPAN,,,,14000,09,CIUDAD DE MÉXICO,012,Tlalpan,0001,Tlalpan                                                                                                       ,0958,002,,,,Fijo,19.28667119,-99.16721322,2010-07
859085,09012611312000162001000000U4,INSTITUTO NACIONAL DE CIENCIAS PENALES CAMPUS TLALPAN,PROCURADURIA GENERAL DE LA REPUBLICA GOBIERNO FEDERAL,611312,Escuelas de educación superior del sector público,251 y más personas,CALZADA,CALZADA DE TLALPAN,CALLE,JOSE MARIA MORELOS,CALLE,HERMENEGILDO GALEANA,CALLE,MARIANO MATAMOROS,4871,,,,,,COLONIA,TLALPAN,,,,14000,09,CIUDAD DE MÉXICO,012,Tlalpan,0001,Tlalpan                                                                                                       ,0958,015,,,,Fijo,19.28524429,-99.16400403,2010-07
889836,09015611311001045012000000U5,INSTITUTO NACIONAL DE ESTUDIOS SINDICALES Y DE ADMINISTRACION PUBLICA,INSTITUTO NACIONAL DE ESTUDIOS SINDICALES Y DE ADMINISTRACION PUBLICA,611312,Escuelas de educación superior del sector público,31 a 50 personas,CALLE,MAESTRO ANTONIO CASO,CALLE,EZEQUIEL MONTES,CALLE,IGNACIO L. VALLARTA,CALLE,AVENIDA DE LA REPÚBLICA,35,,,,,,COLONIA,TABACALERA,,,,06030,09,CIUDAD DE MÉXICO,015,Cuauhtémoc,0001,Cuauhtémoc                                                                                                    ,070A,004,,INESAP_FSTSE@YAHOO.COM.MX,WWW.INESAP.COM,Fijo,19.43421766,-99.1564138,2014-12
12284727,09016516120000037000000000U2,INSTITUTO POLITECNICO NACIONAL,INSTITUTO POLITECNICO NACIONAL,611312,Escuelas de educación superior del sector público,11 a 30 personas,CALLE,MANUEL CARPIO,CALLE,Plan de Ayala,CALLE,Plan de Agua Prieta,CALZADA,Calzada de los Gallos,475,,,,,,COLONIA,PLUTARCO ELÍAS CALLES,,,,11340,09,CIUDAD DE MÉXICO,016,Miguel Hidalgo,0001,Miguel Hidalgo                                                                                                ,0088,001,,PMEDINA@CANALONCE.IPN.MX,,Fijo,19.45239413,-99.16751959,2026-04
1060382,09010611312000056002000000U2,INSTITUTO TECNICO DE FORMACION POLICIAL DENOMINADO UNIVERSIDAD DE LA POLICIA DE LA CIUDAD DE MEXICO,INSTITUTO TECNICO DE FORMACION POLICIAL DENOMINADO UNIVERSIDAD DE LA POLICIA DE LA CIUDAD DE MEXICO,611312,Escuelas de educación superior del sector público,101 a 250 personas,AVENIDA,DESIERTO DE LOS LEONES,AVENIDA,DESIERTO DE LOS LEONES,CALLE,NINGUNO,AVENIDA,DESIERTO DE LOS LEONES,5715,,,,,,COLONIA,ALCANTARILLA,,,,01729,09,CIUDAD DE MÉXICO,010,Álvaro Obregón,0001,Álvaro Obregón                                                                                                ,1330,058,,UCONTACTO@SSP.CDMX.GOB.MX,WWW.SSC.CDMX.GOB.MX,Fijo,19.33585703,-99.25067128,2010-07
6731774,09010611311000303011000000U0,INSTITUTO TECNOLOGICO DE ALVARO OBREGON,TECNOLOGICO NACIONAL DE MEXICO,611312,Escuelas de educación superior del sector público,11 a 30 personas,AVENIDA,AVENIDA DEL ROSAL,CALLE,CAMINO PUNTA DE CEHUAYO,CALLE,TUKURUTAI ACATL,CALLE,QUETZALCOATL,89,,,,,,COLONIA,SANTA LUCIA CHANTEPEC,,,,01550,09,CIUDAD DE MÉXICO,010,Álvaro Obregón,0001,Álvaro Obregón                                                                                                ,2038,038,,DIR_AOBREGON@TECNM.MX,WWW.ITAO.EDU.MX,Fijo,19.35794584,-99.2393291,2016-10
678943,09005611312000085001000000U1,INSTITUTO TECNOLOGICO DE GUSTAVO A MADERO,TECNOLOGICO NACIONAL DE MEXICO CAMPUS GUSTAVO A MADERO,611312,Escuelas de educación superior del sector público,101 a 250 personas,AVENIDA,608,AVENIDA,661,EJE VIAL,5 NORTE (AVENIDA 412),AVENIDA,608,,SN,,,,,COLONIA,SAN JUAN DE ARAGÓN,,,,07920,09,CIUDAD DE MÉXICO,005,Gustavo A. Madero,0001,Gustavo A. Madero                                                                                             ,2165,009,5526516265,,HTTP:// WWW.GAMADERO.TECNM.MX,Fijo,19.46187691,-99.06155083,2014-12
670496,09005611312000093001000000U5,INSTITUTO TECNOLOGICO DE GUSTAVO A MADERO II,SECRETARIA DE EDUCACION PUBLICA,611312,Escuelas de educación superior del sector público,51 a 100 personas,CALLE,MORELOS,CALLE,ESTADO DE MEXICO,CALLE,NINGUNO,CALLE,ESTADO DE MEXICO,193,,,,,,COLONIA,LOMA LA PALMA,,,,07160,09,CIUDAD DE MÉXICO,005,Gustavo A. Madero,0001,Gustavo A. Madero                                                                                             ,0101,027,5553231041,,,Fijo,19.55450502,-99.14766731,2014-12
9284558,09007611312000116000000000U0,INSTITUTO TECNOLOGICO DE IZTAPALAPA,TECNOLOGICO NACIONAL DE MEXICO,611312,Escuelas de educación superior del sector público,101 a 250 personas,PROLONGACION,PLUTARCO ELIAS CALLES,CALLE,NINGUNO,AVENIDA,TELECOMUNICACIONES,CALLE,NINGUNO,,SN,,,,,COLONIA,CHINAMPAC DE JUÁREZ,,,,09225,09,CIUDAD DE MÉXICO,007,Iztapalapa,0001,Iztapalapa                                                                                                    ,547A,002,,,,Fijo,19.38103323,-99.05354521,2020-11
761857,09007611312000073002000000U3,INSTITUTO TECNOLOGICO DE IZTAPALAPA,SECRETARIA DE EDUCACION PUBLICA SEP,611312,Escuelas de educación superior del sector público,101 a 250 personas,PROLONGACION,PLUTARCO ELIAS CALLES,CALLE,NINGUNO,AVENIDA,TELECOMUNICACIONES,CALLE,NINGUNO,,SN,,,,,COLONIA,CHINAMPAC DE JUÁREZ,,,,09225,09,CIUDAD DE MÉXICO,007,Iztapalapa,0001,Iztapalapa                                                                                                    ,547A,002,,,,Fijo,19.38111507,-99.05389828,2010-07
9276997,09009611312000045001000000U7,INSTITUTO TECNOLOGICO DE MILPA ALTA,TECNOLOGICO NACIONAL DE MEXICO,611312,Escuelas de educación superior del sector público,31 a 50 personas,CALLE,INDEPENDENCIA,CALLE,PROLONGACION BENITO JUAREZ,CERRADA,INDEPENDENCIA,CALLE,CAMINO REAL,336,,,,,,PROLONGACION,SAN SALVADOR CUAUHTENCO,,,,12300,09,CIUDAD DE MÉXICO,009,Milpa Alta,0033,San Salvador Cuauhtenco                                                                                       ,0350,033,7351269336,PL_MILPAALTA@TECNM.MX,WWW.ITMILPAALTA.EDU.MX,Fijo,19.19332137,-99.09726897,2020-11
10155248,09009611312000074000000000U7,INSTITUTO TECNOLOGICO DE MILPA ALTA II,TECNOLOGICO NACIONAL DE MEXICO,611312,Escuelas de educación superior del sector público,31 a 50 personas,OTRO(ESPECIFIQUE),NINGUNO,OTRO(ESPECIFIQUE),NINGUNO,OTRO(ESPECIFIQUE),NINGUNO,OTRO(ESPECIFIQUE),NINGUNO,,SN,,,,,LOCALIDAD,XILUTEPEC,,,,12800,09,CIUDAD DE MÉXICO,009,Milpa Alta,0374,Xilutepec                                                                                                     ,0100,800,,,,Fijo,19.19122364,-98.99237296,2024-11
8711380,09011611212000016000000000U6,INSTITUTO TECNOLOGICO DE TLAHUAC,SECRETARIA DE EDUCACION PUBLICA,611312,Escuelas de educación superior del sector público,101 a 250 personas,AVENIDA,ESTANISLAO RAMIREZ RUIZ,CALLE,MAR DE LAS LLUVIAS,EJE VIAL,10 SUR (CARRETERA A SANTA CATARINA),CALLE,CIRCO PTOLOMEO,301,,,,,,COLONIA,SELENE,,,,13420,09,CIUDAD DE MÉXICO,011,Tláhuac,0001,Tláhuac                                                                                                       ,0185,010,,DIRECCION@TLAHUAC.TECNM.MX,WWW.TLAHUAC.TECNM.MX,Fijo,19.29224261,-98.99824133,2019-11
9301981,09011611312000065000000000U1,INSTITUTO TECNOLOGICO DE TLAHUAC III,TECNOLOGICO NACIONAL DE MEXICO,611312,Escuelas de educación superior del sector público,51 a 100 personas,CALLE,GABRIELA MISTRAL,CALLE,SOR JUANA INES DE LA CRUZ,AVENIDA,CANAL DE CHALCO,CALLE,JUAN DE DIOS PEZA,1088,,,,,,COLONIA,VILLA CENTROAMERICANA,,,,13278,09,CIUDAD DE MÉXICO,011,Tláhuac,0001,Tláhuac                                                                                                       ,108A,051,5523336080,PLAN_TLAHUAC3@TECNM.MX,WWW.ITTLAHUAC3.EDU.MX,Fijo,19.28033301,-99.05695665,2020-11
746726,09017611111000301010000000U3,INSTITUTO TECNOLOGICO NACIONAL,,611312,Escuelas de educación superior del sector público,0 a 5 personas,CALLE,JOSE I JASSO,CALLE,JOSE RIVERA,CALZADA,GENERAL IGNACIO ZARAGOZA,CALLE,CARLOS SANTANA,2,,,,,,COLONIA,MOCTEZUMA PRIMERA SECCIÓN,,,,15500,09,CIUDAD DE MÉXICO,017,Venustiano Carranza,0001,Venustiano Carranza                                                                                           ,062A,010,,,,Fijo,19.42691473,-99.10870133,2010-07
948280,09011611312000034000000000U2,INSTITUTO TECNOLOGICO TLAHUAC II,SECRETARIA DE EDUCACION PUBLICA,611312,Escuelas de educación superior del sector público,51 a 100 personas,AVENIDA,CAMINO REAL,CERRADA,NINGUNO,CALLE,CAMPO,CALLE,SUR DEL COMERCIO,625,,,,,,PUEBLO,SAN JUAN IXTAYOPAN,,,,13550,09,CIUDAD DE MÉXICO,011,Tláhuac,0021,San Juan Ixtayopan                                                                                            ,1022,006,,VINCULACION@TLAHUAC2.TECNM.MX,WWW.TLAHUAC2.TECNM.MX,Fijo,19.23187294,-98.99126285,2014-12
918734,09012611312000093001000000U1,INSTITUTO TEGNOLOGICO DE TLALPAN,SECRETARIA DE EDUCACION PUBLICA,611312,Escuelas de educación superior del sector público,51 a 100 personas,CALLE,NINGUNO,CALLE,NINGUNO,PRIVADA,TETENCO,CERRADA,PRIVADA TETENCO,,SN,,,4,,PUEBLO,SAN MIGUEL TOPILEJO,,,,14500,09,CIUDAD DE MÉXICO,012,Tlalpan,0027,San Miguel Topilejo                                                                                           ,2032,020,5555135151,,WWW.IEITTLALPAN.COM.MX,Fijo,19.19818041,-99.14347389,2014-12
1059355,09003611312000132002000000U6,INVERNADERO FAUSTINO MIRANDA,UINVERSIDAD NACIONAL AUTONOMA DE MEXICO,611312,Escuelas de educación superior del sector público,51 a 100 personas,CIRCUITO,ESCOLAR,CIRCUITO,EXTERIOR,CIRCUITO,ESCOLAR,CIRCUITO,EXTERIOR,,SN,,,,,CIUDAD,UNIVERSIDAD NACIONAL AUTÓNOMA DE MÉXICO CIUDAD UNIVERSITARIA,,,,04510,09,CIUDAD DE MÉXICO,003,Coyoacán,0001,Coyoacán                                                                                                      ,0770,001,,JBDIFUSION@IB.UNAM.MX,,Fijo,19.3289671,-99.17989648,2010-07
7755896,09015611312000264001000000U1,IPN,INSTITUTO POLITECNICO NACONAL,611312,Escuelas de educación superior del sector público,11 a 30 personas,CALLE,REGINA,CALLE,LAS CRUCES,CALLE,JESUS MARIA,AVENIDA,SAN PABLO,143,,,,,,COLONIA,CENTRO,,,,06090,09,CIUDAD DE MÉXICO,015,Cuauhtémoc,0001,Cuauhtémoc                                                                                                    ,0907,011,,RICARDOTENA@HOTMAIL.COM,,Fijo,19.42686038,-99.12965593,2019-11
1059354,09003611312000725000000000U7,JARDIN BOTANICO SIN NOMBRE,UNIVERSIDAD NACIONAL AUTONOMA DE MEXICO,611312,Escuelas de educación superior del sector público,51 a 100 personas,CALLE,NINGUNO,OTRO(ESPECIFIQUE),NINGUNO,AVENIDA,INSURGENTES SUR,OTRO(ESPECIFIQUE),MANZANA O EDIFICACION CONTIGUA,,SN,,,,,CIUDAD,UNIVERSIDAD NACIONAL AUTÓNOMA DE MÉXICO CIUDAD UNIVERSITARIA,,,,04510,09,CIUDAD DE MÉXICO,003,Coyoacán,0001,Coyoacán                                                                                                      ,0770,010,,,,Fijo,19.32123692,-99.19326288,2010-07
1059384,09003611312000192001000000U0,LABORATORIO CENTRAL DE LA DIRECCION GENERAL DEL COLEGIO DE CIENCIAS Y HUMANIDADES,UNIVERSIDAD NACIONAL AUTONOMA DE MEXICO,611312,Escuelas de educación superior del sector público,11 a 30 personas,AVENIDA,AVENIDA DEL IMAN,OTRO(ESPECIFIQUE),MANZANA O EDIFICACION CONTIGUA,CALLE,NINGUNO,CIRCUITO,ESCOLAR,5,BIS,,,,,COLONIA,UNIVERSIDAD NACIONAL AUTÓNOMA DE MÉXICO CIUDAD UNIVERSITARIA,,,,04510,09,CIUDAD DE MÉXICO,003,Coyoacán,0001,Coyoacán                                                                                                      ,0770,023,,,,Fijo,19.30673781,-99.18261372,2014-12
907510,09003611312001103002000000U6,LABORATORIO NACIONAL DE CIENCIAS DE LA SOSTENIBILIDAD,UNIVERSIDAD NACIONAL AUTONOMA DE MEXICO,611312,Escuelas de educación superior del sector público,11 a 30 personas,CALLE,NINGUNO,OTRO(ESPECIFIQUE),NINGUNO,AVENIDA,INSURGENTES SUR,OTRO(ESPECIFIQUE),MANZANA O EDIFICACION CONTIGUA,,SN,,,,,CIUDAD,UNIVERSIDAD NACIONAL AUTÓNOMA DE MÉXICO CIUDAD UNIVERSITARIA,,,,04510,09,CIUDAD DE MÉXICO,003,Coyoacán,0001,Coyoacán                                                                                                      ,0770,010,,,,Fijo,19.32273879,-99.19239381,2014-12
1059424,09003611312000711001000000U7,LIBRERIA JAIME GARCIA TERRES,UNAM,611312,Escuelas de educación superior del sector público,6 a 10 personas,CIRCUITO,ESCOLAR,CIRCUITO,ESCOLAR,AVENIDA,UNIVERSIDAD,CIRCUITO,ESCOLAR,3000,,,,,,OTRO,COPILCO UNIVERSIDAD,,,,04510,09,CIUDAD DE MÉXICO,003,Coyoacán,0001,Coyoacán                                                                                                      ,0770,005,,IETERRES@UNAM.MX,,Fijo,19.33669995,-99.18639559,2010-07
1059393,09003611312001292001000000U7,LOCAL DE REGISTRO DE ASPIRANTES,UNIVERSIDAD NACIONAL AUTONOMA DE MEXICO,611312,Escuelas de educación superior del sector público,11 a 30 personas,AVENIDA,AVENIDA DEL IMAN,OTRO(ESPECIFIQUE),MANZANA O EDIFICACION CONTIGUA,CALLE,NINGUNO,CIRCUITO,ESCOLAR,7,,,,,,COLONIA,UNIVERSIDAD NACIONAL AUTÓNOMA DE MÉXICO CIUDAD UNIVERSITARIA,,,,04510,09,CIUDAD DE MÉXICO,003,Coyoacán,0001,Coyoacán                                                                                                      ,0770,023,,,WWW.DGAE.UNAM.MX,Fijo,19.30727409,-99.1814318,2014-12
1061177,09003931610000671001000000U5,OFICINA ADMINISTRATIVA COORDINACION DE PROYECTOS TECNOLOGICOS,UNAM,611312,Escuelas de educación superior del sector público,101 a 250 personas,CIRCUITO,ESCOLAR,CIRCUITO,ESCOLAR,CIRCUITO,ESCOLAR,CIRCUITO,ESCOLAR,,SN,,,,,COLONIA,UNIVERSIDAD NACIONAL AUTÓNOMA DE MÉXICO CIUDAD UNIVERSITARIA,,,,04510,09,CIUDAD DE MÉXICO,003,Coyoacán,0001,Coyoacán                                                                                                      ,0770,007,,AHBQ@UNAM.MX,,Fijo,19.33218205,-99.18936445,2014-12
909763,09003611312001321000000000U4,OFICINA DE ACOMPAÑAMIENTO A TRAYECTORIAS ACADEMICAS DEL ALUMNADO ATAA,UNIVERSIDAD AUTONOMA METROPOLITANA UNIDAD XOCHIMILCO,611312,Escuelas de educación superior del sector público,0 a 5 personas,CALZADA,CALZADA DEL HUESO,CALLE,HACIENDA XALPA,AVENIDA,CANAL NACIONAL,CALZADA,CALZADA DE LAS BOMBAS,1100,,,1,,,COLONIA,VILLA QUIETUD,OTRO,UNIVERSIDAD AUTONOMA METROPOLITANA,SN,04960,09,CIUDAD DE MÉXICO,003,Coyoacán,0001,Coyoacán                                                                                                      ,1092,021,,ATTA@CORREO.XOC.UAM.MX,WWW.XOC.UAM.MX,Fijo,19.29998628,-99.10271021,2014-12
864932,09015611312000021002000000U5,OFICINA DE ENLACE DE LA UDG EN LA CDMX,UNIVERSIDAD DE GUADALAJARA,611312,Escuelas de educación superior del sector público,0 a 5 personas,CALLE,TEPIC,CALLE,MINATITLAN,CALLE,NAUTLA,CALLE,TLAXCALA,83,A,,1,,B,COLONIA,ROMA SUR,,,,06760,09,CIUDAD DE MÉXICO,015,Cuauhtémoc,0001,Cuauhtémoc                                                                                                    ,1356,013,5516551035,,WWW.UDG.MX,Fijo,19.40675671,-99.16425101,2010-07
9229004,09005611312000526000000000U4,OFICINA DEL ABOGADO GENERAL,INSTITUTO POLITECNICO NACIONAL,611312,Escuelas de educación superior del sector público,51 a 100 personas,AVENIDA,LUIS ENRIQUE ERRO,AVENIDA,JUAN DE DIOS BATIZ,AVENIDA,MIGUEL BERNARD,AVENIDA,MIGUEL BERNARD,,SN,,,,,OTRO,NUEVA INDUSTRIAL VALLEJO,,,,07738,09,CIUDAD DE MÉXICO,005,Gustavo A. Madero,0001,Gustavo A. Madero                                                                                             ,0718,005,,MYLOPEZH@IPN.MX,WWW.IPN.MX,Fijo,19.50604921,-99.13872567,2020-04
1061170,09003931610001053011000000U3,OFICINA DEL ABOGADO GENERAL,UNAM,611312,Escuelas de educación superior del sector público,51 a 100 personas,CIRCUITO,ESCOLAR,CIRCUITO,ESCOLAR,CIRCUITO,ESCOLAR,CIRCUITO,ESCOLAR,,SN,,,9,,COLONIA,UNIVERSIDAD NACIONAL AUTÓNOMA DE MÉXICO CIUDAD UNIVERSITARIA,,,,04510,09,CIUDAD DE MÉXICO,003,Coyoacán,0001,Coyoacán                                                                                                      ,0770,007,5556221147,RCASASOLA@OFICINA.UNAM.MX,,Fijo,19.33214518,-99.18936004,2014-12
1061172,09003931610001411011000000U3,OFICINA DEL CONTRALOR,UNAM,611312,Escuelas de educación superior del sector público,101 a 250 personas,CIRCUITO,ESCOLAR,CIRCUITO,ESCOLAR,CIRCUITO,ESCOLAR,CIRCUITO,ESCOLAR,,SN,,,,,COLONIA,UNIVERSIDAD NACIONAL AUTÓNOMA DE MÉXICO CIUDAD UNIVERSITARIA,,,,04510,09,CIUDAD DE MÉXICO,003,Coyoacán,0001,Coyoacán                                                                                                      ,0770,007,5556221466,ENRIQUE.AZUARA@PATRONATO.UNAM.MX,WWW.PATRONATO.UNAM.MX,Fijo,19.33214518,-99.18936004,2014-12
1061166,09003931610001682011000000U9,OFICINA DEL RECTOR,UNAM,611312,Escuelas de educación superior del sector público,101 a 250 personas,CIRCUITO,ESCOLAR,CIRCUITO,ESCOLAR,CIRCUITO,ESCOLAR,CIRCUITO,ESCOLAR,,SN,,,6,,COLONIA,UNIVERSIDAD NACIONAL AUTÓNOMA DE MÉXICO CIUDAD UNIVERSITARIA,,,,04510,09,CIUDAD DE MÉXICO,003,Coyoacán,0001,Coyoacán                                                                                                      ,0770,007,5556221280,RECTORIA@UNAM.MX,,Fijo,19.33216421,-99.18936232,2014-12
1061168,09003931610000902011000000U2,OFICINA DEL SECRETARIO ADMINISTRATIVO,UNAM,611312,Escuelas de educación superior del sector público,11 a 30 personas,CIRCUITO,ESCOLAR,CIRCUITO,ESCOLAR,CIRCUITO,ESCOLAR,CIRCUITO,ESCOLAR,,SN,,,5,,COLONIA,UNIVERSIDAD NACIONAL AUTÓNOMA DE MÉXICO CIUDAD UNIVERSITARIA,,,,04510,09,CIUDAD DE MÉXICO,003,Coyoacán,0001,Coyoacán                                                                                                      ,0770,007,5556221330,CAVALOSH@UNAM.MX,,Fijo,19.33214518,-99.18936004,2014-12
1061167,09003931610001266010000000U1,OFICINA DEL SECRETARIO GENERAL,UNAM,611312,Escuelas de educación superior del sector público,101 a 250 personas,CIRCUITO,ESCOLAR,CIRCUITO,ESCOLAR,CIRCUITO,ESCOLAR,CIRCUITO,ESCOLAR,,SN,,,7,,COLONIA,UNIVERSIDAD NACIONAL AUTÓNOMA DE MÉXICO CIUDAD UNIVERSITARIA,,,,04510,09,CIUDAD DE MÉXICO,003,Coyoacán,0001,Coyoacán                                                                                                      ,0770,007,5556221230,SG@UNAM.MX,,Fijo,19.33215409,-99.18936111,2014-12
1061171,09003931610001461010000000U8,OFICINA DEL TESORERO,UNAM,611312,Escuelas de educación superior del sector público,0 a 5 personas,CIRCUITO,ESCOLAR,CIRCUITO,ESCOLAR,CIRCUITO,ESCOLAR,CIRCUITO,ESCOLAR,,SN,,,,,COLONIA,UNIVERSIDAD NACIONAL AUTÓNOMA DE MÉXICO CIUDAD UNIVERSITARIA,,,,04510,09,CIUDAD DE MÉXICO,003,Coyoacán,0001,Coyoacán                                                                                                      ,0770,007,5556221460,GUADALUPE.MATEOS@PATRONATO.UNAM.MX,,Fijo,19.33215409,-99.18936111,2014-12
906312,09003931610000573012000000U1,OFICINA UNAM,UNAM,611312,Escuelas de educación superior del sector público,51 a 100 personas,AVENIDA,CERRO DEL AGUA,CALLE,CERRO DEL OTATE,CALLE,CERRO DE LA MANO,CALLE,CERRO DE LA MIEL,120,,,,,,COLONIA,ROMERO DE TERREROS,,,,04310,09,CIUDAD DE MÉXICO,003,Coyoacán,0001,Coyoacán                                                                                                      ,0427,018,,,,Fijo,19.33818251,-99.1744895,2014-12
9304061,09014611312000197000000000U6,OFICINAS CENTRALES,COLEGIO NACIONAL DE CIENCIA Y TECNOLOGIA,611312,Escuelas de educación superior del sector público,251 y más personas,AVENIDA,INSURGENTES SUR,CALLE,HERA,CALLE,HERMES,CALLE,MOSQUETA,1582,,,,,,COLONIA,CRÉDITO CONSTRUCTOR,,,,03940,09,CIUDAD DE MÉXICO,014,Benito Juárez,0001,Benito Juárez                                                                                                 ,0717,029,5553227700,JUAN.MORA@CONAHCYT.MX,CONAHCYT.MX,Fijo,19.36455932,-99.18183265,2020-11
1059398,09003931610000741012000000U4,OFICINAS DE FUTBOL AMERICANO,UNIVERSIDAD NACIONAL AUTONOMA DE MEXICO,611312,Escuelas de educación superior del sector público,101 a 250 personas,CIRCUITO,ESCOLAR,CIRCUITO,EXTERIOR,CIRCUITO,ESCOLAR,CIRCUITO,EXTERIOR,,SN,,,,,CIUDAD,UNIVERSIDAD NACIONAL AUTÓNOMA DE MÉXICO CIUDAD UNIVERSITARIA,,,,04510,09,CIUDAD DE MÉXICO,003,Coyoacán,0001,Coyoacán                                                                                                      ,0770,001,5556220626,HCPUMAS@SERVIDOR.UNAM.MX,,Fijo,19.32941868,-99.18353171,2010-07
897912,09015931610003437010000000U0,OFICINAS DE LA UNIVERSIDAD AUTONOMA DE LA CIUDAD DE MEXICO,OFICINAS DE LA UNIVERSIDAD AUTONOMA DE LA CIUDAD DE MEXICO,611312,Escuelas de educación superior del sector público,251 y más personas,CALLE,DOCTOR M GARCIA DIEGO,CALLE,DOCTOR RAFAEL LUCIO,AVENIDA,NIÑOS HEROES,EJE VIAL,2 SUR (DOCTOR OLVERA),170,,,,,,COLONIA,DOCTORES,,,,06720,09,CIUDAD DE MÉXICO,015,Cuauhtémoc,0001,Cuauhtémoc                                                                                                    ,1125,004,,COORD.ADMON@UACM.EDU.MX,WWW.UACM.EDU.MX,Fijo,19.41654985,-99.15216514,2014-12
10725335,09003611312002307000000000U2,OFICINAS DE POSGRADO,UNIVERSIDAD NACIONAL AUTONOMA DE MEXICO,611312,Escuelas de educación superior del sector público,251 y más personas,CIRCUITO,ESCOLAR,OTRO(ESPECIFIQUE),MANZANA O EDIFICACION CONTIGUA,CALLE,NINGUNO,AVENIDA,AVENIDA DEL IMAN,,SN,,,,,COLONIA,UNIVERSIDAD NACIONAL AUTÓNOMA DE MÉXICO CIUDAD UNIVERSITARIA,,,,04510,09,CIUDAD DE MÉXICO,003,Coyoacán,0001,Coyoacán                                                                                                      ,0770,023,,RAVILEZ@UNAM.MX,WWW.POSGRADO.UNAM.MX,Fijo,19.30800843,-99.18204486,2024-11
9296253,09007611162000341011000000U3,PARQUE CIENTIFICO Y TECNOLOGICO DE ORIENTE DE LA UNIDAD IZTAPALAPA,UNIVERSIDAD AUTONOMA METROPOLITANA,611312,Escuelas de educación superior del sector público,251 y más personas,CALLE,SUR 21,CALLE,SUR 21,AVENIDA,MICHOACAN,CALLE,SAN RAFAEL ATLIXCO,198,,,,,,COLONIA,LEYES DE REFORMA PRIMERA SECCIÓN,,,,09310,09,CIUDAD DE MÉXICO,007,Iztapalapa,0001,Iztapalapa                                                                                                    ,3670,001,,,,Fijo,19.35871102,-99.07198636,2020-11
9819012,09015611312000424000000000U1,PROGRAMA UNIVERSITARIO DE ESTUDIOS SOBRE LA CIUDAD PUEC,UNAM,611312,Escuelas de educación superior del sector público,31 a 50 personas,CALLE,REPUBLICA DE CUBA,CALLE,REPUBLICA DE CHILE,CALLE,PALMA NORTE,CALLE,DONCELES,79,,,,,,COLONIA,CENTRO,,,,06010,09,CIUDAD DE MÉXICO,015,Cuauhtémoc,0001,Cuauhtémoc                                                                                                    ,0752,006,,,WWW.PUEC.UNAM.MX,Fijo,19.43702462,-99.13547761,2024-11
8602944,09012611710000063001000000U9,PROGRAMAS DE ESTUDIOS DE DIVERSIDAD CULTURAL Y LA INTERCULTUIRIDAD DE UNAM,PROGRAMA DE ESTUDIOS DE DIVERSIDAD CULTURTAL Y LA INTER CULTURILAD DE LA UNAM,611312,Escuelas de educación superior del sector público,6 a 10 personas,CALZADA,VIADUCTO TLALPAN,CALLE,NINGUNO,CALLE,CAPIROTE,CALLE,PEDREGAL,270,,,,,,COLONIA,SAN LORENZO HUIPULCO,,,,14370,09,CIUDAD DE MÉXICO,012,Tlalpan,0001,Tlalpan                                                                                                       ,0430,012,,,,Fijo,19.29200126,-99.14892173,2019-11
9277003,09003611162000177011000000U0,PROTECCION CIVIL UNIDAD XOCHIMILCO,UNIVERSIDAD AUTONOMA METROPOLITANA,611312,Escuelas de educación superior del sector público,0 a 5 personas,CALZADA,CALZADA DEL HUESO,CALLE,HACIENDA XALPA,AVENIDA,CANAL NACIONAL,CALZADA,CALZADA DE LAS BOMBAS,1100,,,1,,,COLONIA,VILLA QUIETUD,OTRO,UNIVERSIDAD AUTONOMA METROPOLITANA,SN,04960,09,CIUDAD DE MÉXICO,003,Coyoacán,0001,Coyoacán                                                                                                      ,1092,021,,PROTECCIONCIVIL@CORREO.XOC.UAM.MX,WWW.XOC.UAM.MX,Fijo,19.29998628,-99.10271021,2020-11
9283283,09003432130000101011000000U4,PSIQUIATRIA Y SALUD MENTAL,FACULTAD DE MEDICINA EDIFICIO F,611312,Escuelas de educación superior del sector público,51 a 100 personas,CIRCUITO,ESCOLAR,CIRCUITO,INTERIOR,CALLE,INGENIERIA,OTRO(ESPECIFIQUE),MANZANA O EDIFICACION CONTIGUA,,SN,,,,,COLONIA,COPILCO EL ALTO,,,,04510,09,CIUDAD DE MÉXICO,003,Coyoacán,0001,Coyoacán                                                                                                      ,0554,032,,,PSIQUIATRIA.FACMED.UNAM,Fijo,19.33234813,-99.17839904,2020-11
10828997,09010611312000147000000000U9,PUIC Y RESVISTA,UNIVERSIDAD AUTONOMA DE MEXICO,611312,Escuelas de educación superior del sector público,51 a 100 personas,EJE VIAL,10 SUR RIO MAGDALENA,CALLE,LA OTRA BANDA,CALLE,LA OTRA BANDA,CALLE,LA OTRA BANDA,100,BC,,,,,COLONIA,LA OTRA BANDA,,,,01090,09,CIUDAD DE MÉXICO,010,Álvaro Obregón,0001,Álvaro Obregón                                                                                                ,1241,013,,UNIVERSIDAD@UNAM.MX,,Fijo,19.33839524,-99.19387366,2024-11
11413020,09006611312000073000000000U5,PUNTOS DE INOVACION LIBERTAD EDUCACION Y SABERES,,611312,Escuelas de educación superior del sector público,0 a 5 personas,CALLE,ORIENTE 116,CALLE,PUENTE DE ZACATE,CALLE,PUENTE JUAN CARBONERO,CALLE,ORIENTE 110,,SN,,,,,COLONIA,GABRIEL RAMOS MILLÁN SECCIÓN CUCHILLA,,,,08000,09,CIUDAD DE MÉXICO,006,Iztacalco,0001,Iztacalco                                                                                                     ,0734,012,,PILARESFORTALEZA@GMAIL.COM,,Fijo,19.3877327,-99.09191273,2024-11
1059336,09003611312001123000000000U4,RECTORIA DE LA UNIDAD,UNIVERSIDAD AUTONOMA METROPOLITANA UNIDAD XOCHIMILCO,611312,Escuelas de educación superior del sector público,11 a 30 personas,CALZADA,CALZADA DEL HUESO,CALLE,HACIENDA XALPA,AVENIDA,CANAL NACIONAL,CALZADA,CALZADA DE LAS BOMBAS,1100,,,1,,,COLONIA,VILLA QUIETUD,OTRO,UNIVERSIDAD AUTONOMA METROPOLITANA,DN,04960,09,CIUDAD DE MÉXICO,003,Coyoacán,0001,Coyoacán                                                                                                      ,1092,021,5554837010,RECTORIA@CORREO.XOC.UAM.MX,WWW.XOC.UAM.MX,Fijo,19.29998628,-99.10271021,2010-07
9276339,09012611162000147010000000U4,RECTORIA GENERAL,UNIVERSIDAD AUTONOMA METROPOLITANA,611312,Escuelas de educación superior del sector público,251 y más personas,CALLE,AVENIDA PROLONGACION CANAL DE MIRAMONTES,CALLE,PUENTE,CALLE,RANCHO LOS COLORINES,CALLE,HUIZACHES,3855,,,,,,COLONIA,RANCHO LOS COLORINES,,,,14376,09,CIUDAD DE MÉXICO,012,Tlalpan,0001,Tlalpan                                                                                                       ,0553,029,,JJIMEMEZ@CORREO.MX,WWW.UAM.MX,Fijo,19.28658257,-99.13773541,2020-11
11024349,09003931610002591000000000U1,RESGUARDO VEHICULAR,UNIVERSIDAD NACIONAL AUTONOMA DE MEXICO,611312,Escuelas de educación superior del sector público,0 a 5 personas,CIRCUITO,ESCOLAR,OTRO(ESPECIFIQUE),NINGUNO,CALLE,NINGUNO,AVENIDA,AVENIDA DEL IMAN,,SN,,,,,COLONIA,UNIVERSIDAD NACIONAL AUTÓNOMA DE MÉXICO CIUDAD UNIVERSITARIA,,,,04510,09,CIUDAD DE MÉXICO,003,Coyoacán,0001,Coyoacán                                                                                                      ,0770,023,,,,Fijo,19.30795262,-99.18478701,2024-11
9229009,09005611312000575001000000U1,SECRETARIA ACADEMICA,INSTITUTO POLITECNICO NACIONAL,611312,Escuelas de educación superior del sector público,31 a 50 personas,AVENIDA,LUIS ENRIQUE ERRO,AVENIDA,WILFRIDO MASSIEU,AVENIDA,JUAN DE DIOS BATIZ,CALLE,NINGUNO,,SN,,1,,,COLONIA,NUEVA INDUSTRIAL VALLEJO,OTRO,INSTITUTO POLITECNICO NACIONAL,1,07700,09,CIUDAD DE MÉXICO,005,Gustavo A. Madero,0001,Gustavo A. Madero                                                                                             ,0718,003,,SEACA@IPN.MX,,Fijo,19.50035765,-99.14012495,2020-04
9229015,09005611312000635001000000U3,SECRETARIA DE ADMINISTRACION,INSTITUTO POLITECNICO NACIONAL,611312,Escuelas de educación superior del sector público,0 a 5 personas,AVENIDA,JUAN DE DIOS BATIZ,AVENIDA,LUIS ENRIQUE ERRO,CALLE,MARIA LUISA ESTAMPA ORTIGOZA,AVENIDA,MIGUEL BERNARD,,SN,,,,,OTRO,NUEVA INDUSTRIAL VALLEJO,,,,07738,09,CIUDAD DE MÉXICO,005,Gustavo A. Madero,0001,Gustavo A. Madero                                                                                             ,0718,005,,GESTIONSAT@IPN.MX,WWW.IPN.MX,Fijo,19.50479954,-99.14092205,2020-04
9228990,09005611312000383000000000U0,SECRETARIA DE EXTENSION E INTEGRACION SOCIAL,INSTITUTO POLITECNICO NACIONAL,611312,Escuelas de educación superior del sector público,11 a 30 personas,AVENIDA,LUIS ENRIQUE ERRO,AVENIDA,JUAN DE DIOS BATIZ,AVENIDA,MIGUEL BERNARD,AVENIDA,MIGUEL BERNARD,,SN,,,,,OTRO,NUEVA INDUSTRIAL VALLEJO,,,,07738,09,CIUDAD DE MÉXICO,005,Gustavo A. Madero,0001,Gustavo A. Madero                                                                                             ,0718,005,,MENRIQUEZA@IPN.MX,WWW.IPN.MX,Fijo,19.50683176,-99.1378604,2020-04
9229001,09005611312000494001000000U5,SECRETARIA DE GESTION ESTRATEGICA,INSTITUTO POLITECNICO NACIONAL,611312,Escuelas de educación superior del sector público,0 a 5 personas,CALLE,MARIA LUISA ESTAMPA ORTIGOZA,AVENIDA,MIGUEL OTHON DE MENDIZABAL ORIENTE,AVENIDA,JUAN DE DIOS BATIZ,AVENIDA,MIGUEL BERNARD,,SN,,,,,OTRO,NUEVA INDUSTRIAL VALLEJO,,,,07738,09,CIUDAD DE MÉXICO,005,Gustavo A. Madero,0001,Gustavo A. Madero                                                                                             ,0718,005,,CPE@IPN.MX,WWW.IPN.MX,Fijo,19.50720456,-99.14228586,2020-04
9228986,09005611312000346001000000U7,SECRETARIA DE INVESTIGACION Y POSGRADO,INSTITUTO POLITECNICO NACIONAL,611312,Escuelas de educación superior del sector público,51 a 100 personas,AVENIDA,LUIS ENRIQUE ERRO,AVENIDA,WILFRIDO MASSIEU,AVENIDA,JUAN DE DIOS BATIZ,CALLE,NINGUNO,,SN,,1,,,COLONIA,NUEVA INDUSTRIAL VALLEJO,OTRO,INSTITUTO POLITECNICO NACIONAL,1,07700,09,CIUDAD DE MÉXICO,005,Gustavo A. Madero,0001,Gustavo A. Madero                                                                                             ,0718,003,,SIP_PWI@IPN.MX,,Fijo,19.50035765,-99.14012495,2020-04
1061169,09003931610000664012000000U8,SECRETARIA DE PREVENCION ATENCION Y SEGURIDAD UNIVERSITARIA,UNAM,611312,Escuelas de educación superior del sector público,31 a 50 personas,CIRCUITO,ESCOLAR,CIRCUITO,ESCOLAR,CIRCUITO,ESCOLAR,CIRCUITO,ESCOLAR,,SN,,,,,COLONIA,UNIVERSIDAD NACIONAL AUTÓNOMA DE MÉXICO CIUDAD UNIVERSITARIA,,,,04510,09,CIUDAD DE MÉXICO,003,Coyoacán,0001,Coyoacán                                                                                                      ,0770,007,5556222222,PICAZ@UNAM.MX,,Fijo,19.33215409,-99.18936111,2010-07
9229012,09005611312000603001000000U1,SECRETARIA DE SERVICIOS EDUCATIVOS,INSTITUTO POLITECNICO NACIONAL,611312,Escuelas de educación superior del sector público,0 a 5 personas,AVENIDA,MIGUEL OTHON DE MENDIZABAL ORIENTE,CALLE,MARIA LUISA ESTAMPA ORTIGOZA,AVENIDA,MIGUEL BERNARD,AVENIDA,LUIS ENRIQUE ERRO,,SN,,,,,OTRO,NUEVA INDUSTRIAL VALLEJO,,,,07738,09,CIUDAD DE MÉXICO,005,Gustavo A. Madero,0001,Gustavo A. Madero                                                                                             ,0718,005,,GESTIONSAT@IPN.MX,WWW.IPN.MX,Fijo,19.50894058,-99.14052104,2020-04
909764,09003611312000863000000000U6,SECRETARIA DE UNIDAD,UNIVERSIDAD AUTONOMA METROPOLITANA UNIDAD XOCHIMILCO,611312,Escuelas de educación superior del sector público,11 a 30 personas,CALZADA,CALZADA DEL HUESO,CALLE,HACIENDA XALPA,AVENIDA,CANAL NACIONAL,CALZADA,CALZADA DE LAS BOMBAS,1100,,,1,,,COLONIA,VILLA QUIETUD,OTRO,UNIVERSIDAD AUTONOMA METROPOLITANA,SN,04960,09,CIUDAD DE MÉXICO,003,Coyoacán,0001,Coyoacán                                                                                                      ,1092,021,5554837035,SECRETARIADEUNIDAD@CORREO.XOC.UAM.MX,WWW.XOC.UAM.MX,Fijo,19.29998628,-99.10271021,2014-12
1061175,09003611312000184001000000U7,SECRETARIA TECNICA DEL CONSEJO DE PLANEACION,UNAM,611312,Escuelas de educación superior del sector público,101 a 250 personas,CIRCUITO,ESCOLAR,CIRCUITO,ESCOLAR,CIRCUITO,ESCOLAR,CIRCUITO,ESCOLAR,,SN,,,4,,COLONIA,UNIVERSIDAD NACIONAL AUTÓNOMA DE MÉXICO CIUDAD UNIVERSITARIA,,,,04510,09,CIUDAD DE MÉXICO,003,Coyoacán,0001,Coyoacán                                                                                                      ,0770,007,,,,Fijo,19.33215409,-99.18936111,2014-12
902392,09014611312000083001000000U8,SECRETRIA DE SERVICIOS A LA COMUNIDAD,UNIVERSIDAD NACIONAL AUTONOMA DE MEXICO,611312,Escuelas de educación superior del sector público,51 a 100 personas,AVENIDA,SAN FRANCISCO,CALLE,LUZ SAVIÑON,CALLE,TORRES ADALID,CALLE,PATRICIO SANZ,400,,,,,,COLONIA,DEL VALLE NORTE,,,,03103,09,CIUDAD DE MÉXICO,014,Benito Juárez,0001,Benito Juárez                                                                                                 ,0238,015,,SERVICIOSALACOMUNIDAD@UNAM.MX,WWW.SERVICIOSALACOMUNIDAD.UNAM.MX,Fijo,19.39335274,-99.17050932,2014-12
10503940,09010611312000123000000000U0,SEMINARIO DE ESTUDIOS SOBRE LA GLOBALIDAD,UNIVERSIDAD NACIONAL AUTONOMA DE MEXICO,611312,Escuelas de educación superior del sector público,11 a 30 personas,AVENIDA,CIUDAD UNIVERSITARIA,CALLE,FUEGO,CALLE,ESCOLAR CU 2,CALLE,FUEGO,298,,,,,,COLONIA,JARDINES DEL PEDREGAL,,,,01900,09,CIUDAD DE MÉXICO,010,Álvaro Obregón,0001,Álvaro Obregón                                                                                                ,1275,002,,,,Fijo,19.33341763,-99.19808956,2024-11
8584096,09003611312001405001000000U5,SUBDIRECCION DE DISEÑO DE PROYECTOS,UNIVERSIDAD NACIONAL AUTONOMA DE MEXICO,611312,Escuelas de educación superior del sector público,31 a 50 personas,CIRCUITO,ESCOLAR,OTRO(ESPECIFIQUE),MANZANA O EDIFICACION CONTIGUA,CALLE,NINGUNO,AVENIDA,AVENIDA DEL IMAN,,SN,,,,,COLONIA,UNIVERSIDAD NACIONAL AUTÓNOMA DE MÉXICO CIUDAD UNIVERSITARIA,,,,04510,09,CIUDAD DE MÉXICO,003,Coyoacán,0001,Coyoacán                                                                                                      ,0770,023,,DROBLES@DGAE.UNAM.MX,,Fijo,19.30794057,-99.18256201,2019-11
10762159,09003611312002291000000000U8,SUPERINTENDENCIA DE OBRAS DE LA DIRECCION GENERAL DEL COLEGIO DE CIENCIAS Y HUMANIDADES,UNIVERSIDAD NACIONAL AUTONOMA DE MEXICO,611312,Escuelas de educación superior del sector público,0 a 5 personas,AVENIDA,AVENIDA DEL IMAN,OTRO(ESPECIFIQUE),MANZANA O EDIFICACION CONTIGUA,CALLE,NINGUNO,CIRCUITO,ESCOLAR,5,BIS,,,,,COLONIA,UNIVERSIDAD NACIONAL AUTÓNOMA DE MÉXICO CIUDAD UNIVERSITARIA,,,,04510,09,CIUDAD DE MÉXICO,003,Coyoacán,0001,Coyoacán                                                                                                      ,0770,023,5556226294,,,Fijo,19.30673781,-99.18261372,2024-11
10826539,09003611312002271000000000U0,TALLER DE CONSERVACION UNAM,UNIVERSIDAD NACIONAL AUTONOMA DE MEXICO,611312,Escuelas de educación superior del sector público,0 a 5 personas,CALLE,ESCOLAR CU 1,AVENIDA,UNIVERSIDAD,CALLE,ESCOLAR CU 1,AVENIDA,REVOLUCION,3500,,,,,,OTRO,UNIVERSIDAD NACIONAL AUTÓNOMA DE MÉXICO CIUDAD UNIVERSITARIA,,,,04510,09,CIUDAD DE MÉXICO,003,Coyoacán,0001,Coyoacán                                                                                                      ,0770,015,5556222805,TALLERDECONSERVACION@UNAM.COM,WWW.TALLERDECONSERVACIONUNAM.COM,Fijo,19.3352337,-99.19077702,2024-11
1059371,09015611312000233002000000U6,TALLER DE RESTAURACION,UNAM,611312,Escuelas de educación superior del sector público,101 a 250 personas,CALLE,ACADEMIA,CALLE,SOLEDAD,CALLE,CORREGIDORA,CALLE,JESUS MARIA,32,,,,0,PB,COLONIA,CENTRO,,,,06060,09,CIUDAD DE MÉXICO,015,Cuauhtémoc,0001,Cuauhtémoc                                                                                                    ,0771,022,,,WWW.ACADEMIASANCARLOS.UNAM.MX,Fijo,19.43224287,-99.12896674,2014-12
1059443,09003611312000242001000000U3,TALLER MECANICO A DIESEL,UNIVERSIDAD NACIONAL AUTONOMA DE MEXICO,611312,Escuelas de educación superior del sector público,11 a 30 personas,CIRCUITO,ESCOLAR,OTRO(ESPECIFIQUE),MANZANA O EDIFICACION CONTIGUA,CALLE,NINGUNO,AVENIDA,AVENIDA DEL IMAN,,SN,,,,,COLONIA,UNIVERSIDAD NACIONAL AUTÓNOMA DE MÉXICO CIUDAD UNIVERSITARIA,,,,04510,09,CIUDAD DE MÉXICO,003,Coyoacán,0001,Coyoacán                                                                                                      ,0770,023,,ADMINISTRACIONTMD@DGSGM.UNAM.MX,,Fijo,19.30797732,-99.18381996,2010-07
7804685,09003931210001533000000000U3,TALLER MECANICO A GASOLINA,UNIVERSIDAD NACIONAL AUTONOMA DE MEXICO,611312,Escuelas de educación superior del sector público,11 a 30 personas,CIRCUITO,ESCOLAR,OTRO(ESPECIFIQUE),MANZANA O EDIFICACION CONTIGUA,CALLE,NINGUNO,AVENIDA,AVENIDA DEL IMAN,,SN,,,,,COLONIA,UNIVERSIDAD NACIONAL AUTÓNOMA DE MÉXICO CIUDAD UNIVERSITARIA,,,,04510,09,CIUDAD DE MÉXICO,003,Coyoacán,0001,Coyoacán                                                                                                      ,0770,023,,,WWW.DGAPWU.UNAM.EDU.MX,Fijo,19.30792827,-99.18303887,2019-11
9298961,09015611162000251011000000U7,TEATRO CASA DE LA PAZ,UNIVERSIDAD AUTONOMA METROPOLITANA,611312,Escuelas de educación superior del sector público,11 a 30 personas,CALLE,COZUMEL,CALLE,SINALOA,CALLE,DURANGO,AVENIDA,SONORA,33,B,,,,,COLONIA,ROMA NORTE,,,,06700,09,CIUDAD DE MÉXICO,015,Cuauhtémoc,0001,Cuauhtémoc                                                                                                    ,1089,004,,TDELAPAZ@CORREO.UAM.MX,WWW.UAM.MX,Fijo,19.41964732,-99.17115756,2020-11
1059417,09003611312000303000000000U3,TEATRO SANTA CATARINA,UNIVERSIDAD NACIONAL AUTONOMA DE MEXICO,611312,Escuelas de educación superior del sector público,11 a 30 personas,AVENIDA,PROGRESO,AVENIDA,FRANCISCO SOSA,CALLE,TATA VASCO,CALLE,TATA VASCO,10,,JARDIN DE SANTA CATARINA,1,,,COLONIA,SANTA CATARINA,,,,04010,09,CIUDAD DE MÉXICO,003,Coyoacán,0001,Coyoacán                                                                                                      ,0126,018,5556580560,CHARQUEIS@HOTMAIL.COM,,Fijo,19.34981143,-99.17120536,2014-12
11777726,09015611312000443000000000U1,TORRE UNAM TLATELOLCO,UNIVERSIDAD NACIONAL AUTONOMA DE MEXICO,611312,Escuelas de educación superior del sector público,11 a 30 personas,AVENIDA,RICARDO FLORES MAGON,EJE VIAL,CENTRAL (LAZARO CARDENAS),PRIVADA,ALMACENES,OTRO(ESPECIFIQUE),MANZANA O EDIFICACION CONTIGUA,1,,,,,,UNIDAD HABITACIONAL,NONOALCO TLATELOLCO,,,,06900,09,CIUDAD DE MÉXICO,015,Cuauhtémoc,0001,Cuauhtémoc                                                                                                    ,0432,001,,ARMANDO.LODIGIANI@UNAM.MX,WWW.TUNAMT.UNAM.MX,Fijo,19.44937441,-99.13681913,2025-04
979714,09014611312000023001000000U4,TRABAJO SOCIAL CENTRO DE EDUCACION CONTINUA DE LA ESCUELA DE TRABAJO SOCIAL DE LA UNAM,UNAM,611312,Escuelas de educación superior del sector público,6 a 10 personas,CALLE,GOLONDRINAS,CALLE,BRUNO TRAVEN,CALLE,CARRILLO PUERTO,EJE VIAL,1 PONIENTE (AVENIDA MEXICO-COYOACAN),5,,,,351,,COLONIA,GENERAL PEDRO MARÍA ANAYA,,,,03100,09,CIUDAD DE MÉXICO,014,Benito Juárez,0001,Benito Juárez                                                                                                 ,0971,005,5556051047,CANASOR@UNAM.MX,,Fijo,19.36110567,-99.16182208,2010-07
907468,09003611312000456000000000U9,TRANSPORTE INTERNO PUMABUS,UNIVERSIDAD NACIONAL AUTONOMA DE MEXICO,611312,Escuelas de educación superior del sector público,101 a 250 personas,AVENIDA,ANTONIO DELFIN MADRIGAL,CIRCUITO,MARIO DE LA CUEVA,CALLE,ESCOLAR,CALLE,ESCOLAR,,SN,,,,,COLONIA,UNIVERSIDAD NACIONAL AUTÓNOMA DE MÉXICO CIUDAD UNIVERSITARIA,,,,04510,09,CIUDAD DE MÉXICO,003,Coyoacán,0001,Coyoacán                                                                                                      ,0770,028,5556654676,PUMABUS@DGSG.UNAM.MX,WWW.PUMABUS.UNAM.MX,Fijo,19.32359504,-99.17449599,2014-12
909773,09003611312000142001000000U5,TRONCO INTERDIVISIONAL,UNIVERSIDAD AUTONOMA METROPOLITANA UNIDAD XOCHIMILCO,611312,Escuelas de educación superior del sector público,0 a 5 personas,CALZADA,CALZADA DEL HUESO,CALLE,HACIENDA XALPA,AVENIDA,CANAL NACIONAL,CALZADA,CALZADA DE LAS BOMBAS,1100,,,1,,,COLONIA,VILLA QUIETUD,OTRO,UNIVERSIDAD AUTONOMA METROPOLITANA,SN,04960,09,CIUDAD DE MÉXICO,003,Coyoacán,0001,Coyoacán                                                                                                      ,1092,021,,TID@CORREO.XOC.UAM.MX,WWW.XOC.UAM.MX,Fijo,19.29998628,-99.10271021,2014-12
894510,09015611311001031011000000U5,UNED UNIVERSIDAD NACIONAL DE EDUCACION A DISTANCIA,,611312,Escuelas de educación superior del sector público,11 a 30 personas,CALLE,HAMBURGO,CALLE,BERLIN,CALLE,DINAMARCA,CALLE,LONDRES,6,,,,,,COLONIA,JUÁREZ,,,,06600,09,CIUDAD DE MÉXICO,015,Cuauhtémoc,0001,Cuauhtémoc                                                                                                    ,0841,009,,INFO@MEXICO-DF.UNED.ES,WWW.UNED.ORG.MX,Fijo,19.42922206,-99.15818391,2014-12
1059439,09003611312000524001000000U4,UNIDAD ADMINISTRADORA DE LA TORRE DE INGENIERAA,UNAM,611312,Escuelas de educación superior del sector público,101 a 250 personas,CIRCUITO,ESCOLAR,CIRCUITO,EXTERIOR,CIRCUITO,ESCOLAR,CIRCUITO,EXTERIOR,,SN,,,,,CIUDAD,UNIVERSIDAD NACIONAL AUTÓNOMA DE MÉXICO CIUDAD UNIVERSITARIA,,,,04510,09,CIUDAD DE MÉXICO,003,Coyoacán,0001,Coyoacán                                                                                                      ,0770,001,5556233503,AGOMEZL@TI.UNAM.MX,WWW.TORREINGENIERIA.UNAM.MX,Fijo,19.32866255,-99.18311645,2010-07
6487376,09002611312000047000000000U8,UNIDAD AZCAPOTZALCO,UNIVERSIDAD AUTONOMA METROPOLITANA,611312,Escuelas de educación superior del sector público,251 y más personas,AVENIDA,SAN PABLO XALPA,EJE VIAL,5 NORTE (DEPORTIVO REYNOSA),AVENIDA,LOS ANGELES,AVENIDA,FERROCARRILES NACIONALES,180,,,,,,COLONIA,NUEVA EL ROSARIO,,,,02110,09,CIUDAD DE MÉXICO,002,Azcapotzalco,0001,Azcapotzalco                                                                                                  ,0114,004,5553189001,CHII@CORREO.UAM.MX,WWW.AZC.UAM.MX,Fijo,19.50273319,-99.18361953,2016-01
1061136,09003611312000123001000000U5,UNIDAD COORDINADORA DE SERVICIOS ACADEMICOS,UNAM,611312,Escuelas de educación superior del sector público,251 y más personas,CIRCUITO,ESCOLAR,CIRCUITO,ESCOLAR,CIRCUITO,ESCOLAR,CIRCUITO,ESCOLAR,,SN,,,7,,COLONIA,UNIVERSIDAD NACIONAL AUTÓNOMA DE MÉXICO CIUDAD UNIVERSITARIA,,,,04510,09,CIUDAD DE MÉXICO,003,Coyoacán,0001,Coyoacán                                                                                                      ,0770,007,,,,Fijo,19.33269894,-99.18942635,2014-12
1059438,09003611312001073002000000U1,UNIDAD COORDINADORA DE SERVICIOS DE APOYO ADMINISTRATIVO A JUNTA DE GOBIERNO Y CONSEJOS ACADEMICOS DE AREA,UNIVERSIDAD NACIONAL AUTONOMA DE MEXICO,611312,Escuelas de educación superior del sector público,11 a 30 personas,CIRCUITO,EXTERIOR,CALLE,NINGUNO,CIRCUITO,ESCOLAR,CIRCUITO,EXTERIOR,,SN,,,,,CIUDAD,UNIVERSIDAD NACIONAL AUTÓNOMA DE MÉXICO CIUDAD UNIVERSITARIA,,,,04510,09,CIUDAD DE MÉXICO,003,Coyoacán,0001,Coyoacán                                                                                                      ,0770,001,5556221414,,WWW.UCA.UNAM.MX,Fijo,19.32915744,-99.18899136,2010-07
1061143,09003611312000273001000000U8,UNIDAD COORDINADORA DE VINCULACION CON EGRESADOS,UNAM,611312,Escuelas de educación superior del sector público,101 a 250 personas,CIRCUITO,ESCOLAR,CIRCUITO,ESCOLAR,CIRCUITO,ESCOLAR,CIRCUITO,ESCOLAR,,SN,,,,,COLONIA,UNIVERSIDAD NACIONAL AUTÓNOMA DE MÉXICO CIUDAD UNIVERSITARIA,,,,04510,09,CIUDAD DE MÉXICO,003,Coyoacán,0001,Coyoacán                                                                                                      ,0770,007,5556226057,EXALUMNO@UNAM.MX,,Fijo,19.33215409,-99.18936111,2010-07
1061173,09003931610001923012000000U7,UNIDAD DE COORDINACION INSTITUCIONAL DE LA OFICINA DEL RECTOR,UNAM,611312,Escuelas de educación superior del sector público,11 a 30 personas,CIRCUITO,ESCOLAR,CIRCUITO,ESCOLAR,CIRCUITO,ESCOLAR,CIRCUITO,ESCOLAR,,SN,,,8,,COLONIA,UNIVERSIDAD NACIONAL AUTÓNOMA DE MÉXICO CIUDAD UNIVERSITARIA,,,,04510,09,CIUDAD DE MÉXICO,003,Coyoacán,0001,Coyoacán                                                                                                      ,0770,007,5555622062,BEJARANO@UNAM.MX,,Fijo,19.33215409,-99.18936111,2014-12
1061163,09003931610000554011000000U1,UNIDAD DE COORDINACION TESORERIA,UNAM,611312,Escuelas de educación superior del sector público,51 a 100 personas,CIRCUITO,ESCOLAR,CIRCUITO,ESCOLAR,CIRCUITO,ESCOLAR,CIRCUITO,ESCOLAR,,SN,,,,,COLONIA,UNIVERSIDAD NACIONAL AUTÓNOMA DE MÉXICO CIUDAD UNIVERSITARIA,,,,04510,09,CIUDAD DE MÉXICO,003,Coyoacán,0001,Coyoacán                                                                                                      ,0770,007,5556226399,DAVID.TELLEZ@PATRONATO.UNAM.MX,,Fijo,19.33215409,-99.18936111,2014-12
1061137,09003611312000621002000000U8,UNIDAD DE INTERCAMBIO ACADEMICO,UNIVERSIDAD NACIONAL AUTONOMA DE MEXICO,611312,Escuelas de educación superior del sector público,0 a 5 personas,OTRO(ESPECIFIQUE),NINGUNO,CALLE,NINGUNO,PRIVADA,ZACATEPETL,AVENIDA,INSURGENTES SUR,,SN,,,,,CIUDAD,UNIVERSIDAD NACIONAL AUTÓNOMA DE MÉXICO CIUDAD UNIVERSITARIA,,,,04510,09,CIUDAD DE MÉXICO,003,Coyoacán,0001,Coyoacán                                                                                                      ,0770,010,5556229067,,,Fijo,19.31926659,-99.19372697,2014-12
1061151,09003611312000831002000000U3,UNIDAD DE SEMINARIOS IGNACIO CHAVEZ,UNIVERSIDAD NACIONAL AUTONOMA DE MEXICO,611312,Escuelas de educación superior del sector público,0 a 5 personas,OTRO(ESPECIFIQUE),NINGUNO,CALLE,NINGUNO,PRIVADA,ZACATEPETL,AVENIDA,INSURGENTES SUR,,SN,,,,,CIUDAD,UNIVERSIDAD NACIONAL AUTÓNOMA DE MÉXICO CIUDAD UNIVERSITARIA,,,,04510,09,CIUDAD DE MÉXICO,003,Coyoacán,0001,Coyoacán                                                                                                      ,0770,010,,SA_USEMINARIO@UNAM.MX,WWW.SA.UNAM.MX,Fijo,19.31471725,-99.19584024,2014-12
11679598,09010611312000103000000000U2,UNIDAD DE TRANSPARENCIA DE LA UNAM,UNIVERSIDAD NACIONAL AUTONOMA DE MEXICO,611312,Escuelas de educación superior del sector público,11 a 30 personas,CALLE,ESCOLAR CU 2,OTRO(ESPECIFIQUE),BARDA,AVENIDA,CIUDAD UNIVERSITARIA,CALLE,FUEGO,,SN,,,,,COLONIA,UNIVERSIDAD NACIONAL AUTÓNOMA DE MÉXICO CIUDAD UNIVERSITARIA,,,,01900,09,CIUDAD DE MÉXICO,010,Álvaro Obregón,0001,Álvaro Obregón                                                                                                ,1275,002,,AGGRS@UNAM.MX,WWW.TRANSPARENCIA.UNAM.MX,Fijo,19.33179593,-99.19580805,2024-11
9228971,09005611312000195001000000U8,UNIDAD POLITECNICA PARA LA EDUCACION VIRTUAL POLIVIRTUAL,INSTITUTO POLITECNICO NACIONAL,611312,Escuelas de educación superior del sector público,0 a 5 personas,AVENIDA,WILFRIDO MASSIEU,AVENIDA,LUIS ENRIQUE ERRO,CERRADA,MANUEL L. STAMPA,AVENIDA,JUAN DE DIOS BATIZ,,SN,,1,,,COLONIA,NUEVA INDUSTRIAL VALLEJO,OTRO,INSTITUTO POLITECNICO NACIONAL,1,07700,09,CIUDAD DE MÉXICO,005,Gustavo A. Madero,0001,Gustavo A. Madero                                                                                             ,0718,003,,DIRECCIONDEV@IPN.MX,POLIVIRTUAL-DEV-LASEC.COM,Fijo,19.49788159,-99.143801,2020-04
9228967,09005611312000157001000000U8,UNIDAD PROFESIONAL INTERDISCIPLINARIA DE BIOTECNOLOGIA UPIBI,INSTITUTO POLITECNICO NACIONAL,611312,Escuelas de educación superior del sector público,11 a 30 personas,AVENIDA,ACUEDUCTO DE GUADALUPE,AVENIDA,INSTITUTO POLITECNICO NACIONAL,CALLE,30 DE JUNIO DE 1520,CALZADA,TICOMAN,,SN,,,,,COLONIA,LA LAGUNA TICOMÁN,,,,07360,09,CIUDAD DE MÉXICO,005,Gustavo A. Madero,0001,Gustavo A. Madero                                                                                             ,3356,001,,DIRECCIONUPIBI@IPN.MX,,Fijo,19.51211345,-99.12441574,2020-04
9229016,09005611312000645001000000U2,UNIDAD PROFESIONAL INTERDISCIPLINARIA DE ENERGIA Y MOVILIDAD UPIEM,INSTITUTO POLITECNICO NACIONAL,611312,Escuelas de educación superior del sector público,101 a 250 personas,AVENIDA,LUIS ENRIQUE ERRO,AVENIDA,WILFRIDO MASSIEU,AVENIDA,JUAN DE DIOS BATIZ,CALLE,NINGUNO,,SN,,1,,,COLONIA,NUEVA INDUSTRIAL VALLEJO,OTRO,INSTITUTO POLITECNICO NACIONAL,1,07700,09,CIUDAD DE MÉXICO,005,Gustavo A. Madero,0001,Gustavo A. Madero                                                                                             ,0718,003,,DIRECCIONUPIEM@IPN.MX,,Fijo,19.50035765,-99.14012495,2020-04
9229086,09006611312000057000000000U8,UNIDAD PROFESIONAL INTERDISCIPLINARIA DE INGENIERIA Y CIENCIAS SOCIALES Y ADMINISTRATIVAS UPIICSA,INSTITUTO POLITECNICO NACIONAL,611312,Escuelas de educación superior del sector público,251 y más personas,EJE VIAL,4 SUR AVENIDA TE,CALLE,RESINA,CALLE,SUR 187,EJE VIAL,3 SUR (VAINILLA),950,,,,,,COLONIA,GRANJAS MÉXICO,,,,08400,09,CIUDAD DE MÉXICO,006,Iztacalco,0001,Iztacalco                                                                                                     ,1107,003,,DIRECCIONUPIICSA@IPN.MX,,Fijo,19.39501882,-99.09184041,2020-04
9228980,09005611312000287000000000U3,UNIDAD PROFESIONAL INTERDISCIPLINARIA EN INGENIERIA Y TECNOLOGIAS AVANZADAS UPIITA,INSTITUTO POLITECNICO NACIONAL,611312,Escuelas de educación superior del sector público,251 y más personas,AVENIDA,INSTITUTO POLITECNICO NACIONAL,AVENIDA,ACUEDUCTO DE GUADALUPE,CALZADA,TICOMAN,CALLE,30 DE JUNIO DE 1520,2580,,,,,,COLONIA,LA LAGUNA TICOMÁN,,,,07360,09,CIUDAD DE MÉXICO,005,Gustavo A. Madero,0001,Gustavo A. Madero                                                                                             ,3356,001,,DIR.UPIITA@IPN.MX,,Fijo,19.50864272,-99.1272521,2020-04
9229003,09005611312000515000000000U7,UNIDADES ADMINISTRATIVAS,INSTITUTO POLITECNICO NACIONAL,611312,Escuelas de educación superior del sector público,51 a 100 personas,AVENIDA,MIGUEL BERNARD,AVENIDA,MIGUEL OTHON DE MENDIZABAL ORIENTE,AVENIDA,LUIS ENRIQUE ERRO,AVENIDA,MIGUEL BERNARD,,SN,,,,,OTRO,NUEVA INDUSTRIAL VALLEJO,,,,07738,09,CIUDAD DE MÉXICO,005,Gustavo A. Madero,0001,Gustavo A. Madero                                                                                             ,0718,005,,MYLOPEZH@IPN.MX,WWW.IPN.MX,Fijo,19.50720219,-99.13752068,2020-04
1060197,09015611312000066001000000U0,UNIVERSIDAD AUNTONOMA DE LA CIUDAD DE MEXICO,UNIVERSIDAD AUTONOMA DE LA CIUDAD DE MEXICO,611312,Escuelas de educación superior del sector público,101 a 250 personas,AVENIDA,FRAY SERVANDO TERESA DE MIER,CALLE,TRIUNFO,CALLE,ISABEL LA CATOLICA,CALLE,CHIMALPOPOCA,99,,,,,,COLONIA,CENTRO,,,,06800,09,CIUDAD DE MÉXICO,015,Cuauhtémoc,0001,Cuauhtémoc                                                                                                    ,1040,021,,CORDINACION.CENTROHISTORICO@UACM.EDU.MX,,Fijo,19.42398186,-99.13821689,2010-07
10064850,09015611312000406000000000U8,UNIVERSIDAD AUTONOMA DE LA CIUDAD DE MEXICO,UNIVERSIDAD AUTONOMA DE LA CIUDAD DE MEXICO,611312,Escuelas de educación superior del sector público,101 a 250 personas,AVENIDA,FRAY SERVANDO TERESA DE MIER,CALLE,BOLIVAR,CALLE,ISABEL LA CATOLICA,CALLE,NEZAHUALCOYOTL,92,,,,,,COLONIA,CENTRO,,,,06080,09,CIUDAD DE MÉXICO,015,Cuauhtémoc,0001,Cuauhtémoc                                                                                                    ,0964,004,,CORDINACION.CENTROHISTORICO@UACM.EDU.MX,,Fijo,19.42429555,-99.13825832,2024-11
803027,09007611312000036002000000U0,UNIVERSIDAD AUTONOMA DE LA CIUDAD DE MEXICO PLANTEL CASA LIBERTAD,GOBIERNO DE LA CIUDAD DE MEXICO,611312,Escuelas de educación superior del sector público,101 a 250 personas,EJE VIAL,8 SUR CALZADA ERMITA IZTAPALAPA,CALLE,EMILIANO ZAPATA,AVENIDA,SANTIAGO,CALLE,AGUSTIN MELGAR,,SN,,,,,COLONIA,LOMAS DE ZARAGOZA,,,,09620,09,CIUDAD DE MÉXICO,007,Iztapalapa,0001,Iztapalapa                                                                                                    ,1335,001,,COORDINACION.CASALIBERTAD@UACM.EDU.MX,WWW.UACM.EDU.MX,Fijo,19.35842771,-98.99982832,2010-07
634033,09005611312000066000000000U1,UNIVERSIDAD AUTONOMA DE LA CIUDAD DE MEXICO PLANTEL CUAUTEPEC,GOBIERNO DE LA CIUDAD DE MEXICO,611312,Escuelas de educación superior del sector público,251 y más personas,CALLE,LA CORONA,PROLONGACION,LA CORONA,CALLE,18 DE MARZO,PRIVADA,NINGUNO,,SN,,,320,,COLONIA,LOMA LA PALMA,,,,07160,09,CIUDAD DE MÉXICO,005,Gustavo A. Madero,0001,Gustavo A. Madero                                                                                             ,0084,037,,COORD.CUAUTEPEC@UAC.EDU.MX,,Fijo,19.55580836,-99.14186443,2010-07
726432,09007611312000057001000000U6,UNIVERSIDAD AUTONOMA DE LA CIUDAD DE MEXICO PLANTEL SAN LORENZO TEZONCO,UNIVERSIDAD AUTONOMA DE LA CIUDAD DE MEXICO,611312,Escuelas de educación superior del sector público,6 a 10 personas,AVENIDA,4,CALLE,AVENIDA CUATRO,PROLONGACION,SAN ISIDRO,AVENIDA,PROVIDENCIA,151,,,,,,COLONIA,SAN LORENZO TEZONCO,,,,09780,09,CIUDAD DE MÉXICO,007,Iztapalapa,0001,Iztapalapa                                                                                                    ,2121,002,5511070280,COORDSLT@UACM.EDU.MX,WWW.UACM.EDU.MX,Fijo,19.3141517,-99.05905044,2014-12
11806742,09013611312000083000000000U0,UNIVERSIDAD AUTONOMA METROPOLITANA LAS ANIMAS,GOBIERNO DE LA CIUDAD DE MEXICO,611312,Escuelas de educación superior del sector público,11 a 30 personas,CALLE,FRANCISCO I. MADERO,CALLE,Primera Ignacio Allende,CALLE,Ninguno,AVENIDA,5 de Mayo,,SN,,,,,PUEBLO,SAN FELIPE,,,,16700,09,CIUDAD DE MÉXICO,013,Xochimilco,0001,Xochimilco                                                                                                    ,0550,004,5554838000,,,Fijo,19.25536414,-99.01792374,2025-04
846437,09007611312000027000000000U9,UNIVERSIDAD AUTONOMA METROPOLITANA UNIDAD IZTAPALAPA,UNIVERSIDAD AUTONOMA METROPLITANA,611312,Escuelas de educación superior del sector público,251 y más personas,CALLE,SUR 21,CALLE,FC. MEXICO-ATLIXCO,CALLE,FC. MEXICO-ATLIXCO,CALLE,FC. MEXICO-ATLIXCO,186,,,,,,COLONIA,LEYES DE REFORMA PRIMERA SECCIÓN,,,,09310,09,CIUDAD DE MÉXICO,007,Iztapalapa,0001,Iztapalapa                                                                                                    ,3670,001,,,,Fijo,19.36089116,-99.07131967,2014-12
10999639,09004611312000037000000000U5,UNIVERSIDAD AUTONOMADE MEXICO,UAM,611312,Escuelas de educación superior del sector público,251 y más personas,CALLE,VASCO DE QUIROGA,AVENIDA,TAMAULIPAS,CALLE,PROLONGACION REFORMA CARLOS GRAFF FERNANDEZ,CALLE,VASCO DE QUIROGA,,SN,,,,,COLONIA,SANTA FE CUAJIMALPA,,,,05370,09,CIUDAD DE MÉXICO,004,Cuajimalpa de Morelos,0001,Cuajimalpa de Morelos                                                                                         ,0369,076,,RECTORIA@CUA.UAM.MX,WWW.CUA.UAM.MX,Fijo,19.35317814,-99.28173499,2024-11
952174,09014611312000056001000000U4,UNIVERSIDAD DE LA CIUDAD DE MEXICO,GOBIERNO,611312,Escuelas de educación superior del sector público,31 a 50 personas,CALLE,SAN LORENZO,CALLE,ADOLFO PRIETO,CALLE,DOCTOR ROBERTO GAYOL,CALLE,MIGUEL LAURENT,290,,,,0,SN,COLONIA,DEL VALLE SUR,,,,03104,09,CIUDAD DE MÉXICO,014,Benito Juárez,0001,Benito Juárez                                                                                                 ,0740,009,,COORDDELVALLE@UACM.EDU.MX,WWW.UACM.EDU.MX,Fijo,19.37426494,-99.17174374,2010-07
1002099,09004611312000026001000000U8,UNIVERSIDAD DE LA TERCERA EDAD,DELEGACION CUAJIMALPA GOBIERNO DE LA CIUDAD DE MEXICO,611312,Escuelas de educación superior del sector público,11 a 30 personas,CALLE,SAUCE,CALLE,ROBLE,CALLE,SAN JOSE DE LOS CEDROS,CALLE,ROBLE,,SN,,,41,,COLONIA,SAN JOSÉ DE LOS CEDROS,,,,05200,09,CIUDAD DE MÉXICO,004,Cuajimalpa de Morelos,0001,Cuajimalpa de Morelos                                                                                         ,027A,021,5562798344,,,Fijo,19.37021496,-99.2886442,2010-07
10015517,09010611312000133000000000U9,UNIVERSIDAD DE LAS LENGUAS INDIGENAS DE MEXICO,INSTITUTO NACIONAL DE LOS PUEBLOS INDIGENAS,611312,Escuelas de educación superior del sector público,11 a 30 personas,PERIFERICO,BOULEVARD ADOLFO LOPEZ MATEOS,CALLE,HERMENEGILDO GALEANA,CALLE,RIO HONDO,CALLE,SEGUNDA CERRADA GALEANA,160,,,,,,COLONIA,SAN ÁNGEL,,,,01060,09,CIUDAD DE MÉXICO,010,Álvaro Obregón,0001,Álvaro Obregón                                                                                                ,110A,002,,ULIM.ACADEMICA@INPI.GOB.MX,WWW.INPI.GOB.MX,Fijo,19.34561873,-99.20211911,2024-11
9527212,09009611312000083000000000U8,UNIVERSIDADES PARA EL BIENESTAR BENITO JUAREZ,GOBIERNO FEDERAL,611312,Escuelas de educación superior del sector público,11 a 30 personas,CALLE,TLAXCALA,CALLE,NINGUNO,CALLE,TLAXCALA NORTE,CALLE,TLAXCALA NORTE,245,,,,,,PUEBLO,VILLA MILPA ALTA,,,,12000,09,CIUDAD DE MÉXICO,009,Milpa Alta,0001,Villa Milpa Alta                                                                                              ,0492,004,5545844651,,,Fijo,19.20096577,-99.02988016,2024-11
9204690,09010611312000071001000000U1,UNIVERSIDAD LABORAL CDMX,CE ALCALDIA ALVARO OBREGON,611312,Escuelas de educación superior del sector público,31 a 50 personas,CALLE,PROLONGACION CALLE 4,CALLE,CANARIO,CALLE,SUR 118,CALLE,CHIVIZCOYO,,SN,,,,,COLONIA,TOLTECA,,,,01160,09,CIUDAD DE MÉXICO,010,Álvaro Obregón,0001,Álvaro Obregón                                                                                                ,1773,008,,,,Fijo,19.39105927,-99.19477177,2019-11
11351090,09007611312000131000000000U9,UNIVERSIDAD MOTOLINEA,,611312,Escuelas de educación superior del sector público,0 a 5 personas,CALLE,TETLALPA,CALLE,TERCERA CERRADA TETLALPA,CALLE,ELISA,CALLE,TERCERA CERRADA TETLALPA,14,MZ 2,,,,,COLONIA,SANTIAGO ACAHUALTEPEC SEGUNDA AMPLIACIÓN,,,,09609,09,CIUDAD DE MÉXICO,007,Iztapalapa,0001,Iztapalapa                                                                                                    ,4946,002,,,,Fijo,19.34742049,-99.01362586,2024-11
11626416,09003611312002233000000000U0,UNIVERSIDAD NACIONAL AUTONOMA DE MEXICO PROGRAMA UNIVERSITARIO DE ESTUDIO SOBRE ASIA Y AFRICA,,611312,Escuelas de educación superior del sector público,11 a 30 personas,CALLE,FILOSOFIA Y LETRAS,CALLE,FILOSOFIA Y LETRAS,CALLE,COPILCO,CALLE,FILOSOFIA Y LETRAS,,SN,,,88,,COLONIA,COPILCO UNIVERSIDAD,,,,04360,09,CIUDAD DE MÉXICO,003,Coyoacán,0001,Coyoacán                                                                                                      ,054A,020,,COORDINACION.PUEAA@UNAM.MX,WWW.PUEAA.COM.MX,Fijo,19.33461259,-99.1774703,2024-11
9952459,09006611312000063000000000U6,UNIVERSIDADES PARA EL BIENESTAR BENITO JUAREZ,,611312,Escuelas de educación superior del sector público,11 a 30 personas,CALLE,ANIS,CALLE,TRIGO,CALLE,HORTALIZA,EJE VIAL,4 SUR (AVENIDA TE),23,,,,,,COLONIA,EX-EJIDO DE LA MAGDALENA MIXHUCA,,,,08010,09,CIUDAD DE MÉXICO,006,Iztacalco,0001,Iztacalco                                                                                                     ,0486,001,,CD.MX.IZTACALCO@UBBJ.EDU.MX,,Fijo,19.39324465,-99.08826026,2024-11
10149431,09002611312000143000000000U5,UNIVERSIDADES PARA EL BIENESTAR BENITO JUAREZ,SECRETARIA DE EDUCACION PUBLICA,611312,Escuelas de educación superior del sector público,11 a 30 personas,CALLE,TOTONACAS,CALLE,LACANDONES NORTE,CERRADA,CALLEJON OPATAS,CALLE,ZEMPOALTECAS,,SN,,,,,COLONIA,TEZOZOMOC,,,,02459,09,CIUDAD DE MÉXICO,002,Azcapotzalco,0001,Azcapotzalco                                                                                                  ,0260,020,,,UBBJ.COM.MX,Fijo,19.49030989,-99.1966226,2024-11
1060368,09012611312000067000000000U5,UNIVERSIDAD PEDAGOGICA NACIONAL,SECRETARIA DE EDUCACION PUBLICA,611312,Escuelas de educación superior del sector público,251 y más personas,CALLE,CARRETERA PICACHO AJUSCO,CALLE,BOULEVARD PICACHO AJUSCO,OTRO(ESPECIFIQUE),NINGUNO,OTRO(ESPECIFIQUE),NINGUNO,24,,,,,,COLONIA,AMPLIACIÓN FUENTES DEL PEDREGAL,,,,14110,09,CIUDAD DE MÉXICO,012,Tlalpan,0001,Tlalpan                                                                                                       ,2070,031,,COMUNICACIONSOCIAL@UPN.MX,WWW.UPN.MX,Fijo,19.30132282,-99.20899959,2010-07
8489234,09014611312000155000000000U4,UNIVERSIDAD PEDAGOGICA NACIONAL,SECRETARIA DE EDUCACION PUBLICA,611312,Escuelas de educación superior del sector público,51 a 100 personas,CALLE,LA MORENA,CALLE,ANAXAGORAS,CALLE,PITAGORAS,EJE VIAL,4 SUR (XOLA),811,,,,,,COLONIA,NARVARTE PONIENTE,,,,03020,09,CIUDAD DE MÉXICO,014,Benito Juárez,0001,Benito Juárez                                                                                                 ,0064,003,,COMUNICACIONSOCIAL@UPN.MX,WWW.UPN.MX,Fijo,19.39813392,-99.15704871,2019-11
7338027,09006611312000045001000000U3,UNIVERSIDAD PEDAGOGICA NACIONAL,GOBIERNO,611312,Escuelas de educación superior del sector público,31 a 50 personas,EJE VIAL,2 ORIENTE CALZADA DE LA VIGA,CALLE,PLAYA ENCANTADA,CALLE,ANDADOR SUR,CALLE,PLAYA HERMOSA,1227,,,,,,COLONIA,MILITAR MARTE,,,,08830,09,CIUDAD DE MÉXICO,006,Iztacalco,0001,Iztacalco                                                                                                     ,0984,008,,UNIDAD098@UPN.MX,,Fijo,19.37794539,-99.12275167,2019-11
1024353,09015611312000055000000000U3,UNIVERSIDAD PEDAGOGICA NACIONAL UNIDAD 094 CENTRO,UNIVERSIDAD PEDAGOGICA NACIONAL UNIDAD 094 CENTRO,611312,Escuelas de educación superior del sector público,51 a 100 personas,CALLE,MAESTRO ERASMO CASTELLANOS,CALLE,VENUSTIANO CARRANZA,CALLE,CORREGIDORA,CALLE,CORREO MAYOR,20,,,,,,COLONIA,CENTRO,,,,06060,09,CIUDAD DE MÉXICO,015,Cuauhtémoc,0001,Cuauhtémoc                                                                                                    ,0771,003,,UNIDAD094@UPN.MX,U094.UPNVIRTUAL.EDU.MX,Fijo,19.43076117,-99.13112654,2010-07
8117188,09002611312000061001000000U9,UNIVERSIDAD PEDAGOGICA NACIONAL UNIDAD 095 AZCAPOTZALCO,SECRETARIA DE EDUCACION PUBLICA,611312,Escuelas de educación superior del sector público,11 a 30 personas,EJE VIAL,4 NORTE CALZADA AZCAPOTZALCO LA VILLA,EJE VIAL,1 PONIENTE (CALZADA VALLEJO),CERRADA,LA MORENA,CERRADA,PONIENTE 128,1015,,,,,,COLONIA,SAN ANDRÉS DE LAS SALINAS,,,,02320,09,CIUDAD DE MÉXICO,002,Azcapotzalco,0001,Azcapotzalco                                                                                                  ,0877,025,,,WWW.ADMINISTRACIONEDUCATIVA.COM,Fijo,19.49089973,-99.15432429,2019-11
7714724,09005611312000123000000000U0,UNIVERSIDAD PEDAGOGICA NACIONAL UNIDAD UPN 096 CDMX NORTE,UNIVERSIDAD PEDAGOGICA NACIONAL UNIDAD UPN 096 CDMX NORTE,611312,Escuelas de educación superior del sector público,11 a 30 personas,CALLE,659,CALLE,NINGUNO,CALLE,AVENIDA 602A,AVENIDA,661,39,,,,,,COLONIA,SAN JUAN DE ARAGÓN V SECCIÓN,,,,07990,09,CIUDAD DE MÉXICO,005,Gustavo A. Madero,0001,Gustavo A. Madero                                                                                             ,2447,032,,UNIDAD096@G.UPN.MX,UPN096.COM,Fijo,19.45143558,-99.05955694,2019-11
9534431,09009611312000064000000000U8,UNIVERSIDAD ROSARIO CASTELLANOS,GOBIERNO DE LA CIUDAD DE MEXICO,611312,Escuelas de educación superior del sector público,31 a 50 personas,CALLE,OLIMPICA SUR,CALLE,FRANCISCO VILLA,PRIVADA,OLIMPICA,CERRADA,NINGUNO,,SN,,,,,PUEBLO,SANTA ANA TLACOTENCO,,,,12900,09,CIUDAD DE MÉXICO,009,Milpa Alta,0036,Santa Ana Tlacotenco                                                                                          ,0238,021,,,UNIVERSIDADROSARIOCASTELLADO.GOB.MX,Fijo,19.17738848,-99.00326781,2024-11
11011696,09005611312000797000000000U1,UNIVERSIDAD ROSARIO CASTELLANOS,GOBIERNO DE LA CIUDAD DE MEXICO,611312,Escuelas de educación superior del sector público,251 y más personas,AVENIDA,JOSE LORETO FABELA,CALLE,SEGUNDA DE 565,EJE VIAL,3 NORTE (AVENIDA 506),RETORNO,NINGUNO,,SN,,,,,COLONIA,SAN JUAN DE ARAGÓN II SECCIÓN,,,,07969,09,CIUDAD DE MÉXICO,005,Gustavo A. Madero,0001,Gustavo A. Madero                                                                                             ,2165,003,5576182540,IVET.VALENCIA@RCASTELLANOS.CDMX.GOB.MX,,Fijo,19.45302249,-99.08168754,2024-11
7757290,09015611699000092011000000U6,UNIVERSIDAD ROSARIO CASTELLANOS,SECRETARIA DE EDUCACION CIENCIA TECNOLOGIA E INNOVACION DE LA CIUDAD DE MEXICO,611312,Escuelas de educación superior del sector público,11 a 30 personas,CALLE,JUSTO SIERRA,CALLE,CALLE DEL CARMEN,CALLE,LORETO,CALLE,REPUBLICA DE GUATEMALA,49,,,,,,COLONIA,CENTRO,,,,06020,09,CIUDAD DE MÉXICO,015,Cuauhtémoc,0001,Cuauhtémoc                                                                                                    ,0752,012,,,WWW.RCASTELLANOS.CDMX.GOB.MX,Fijo,19.43531361,-99.12930576,2019-11
10534069,09016611312000367000000000U0,UNIVERSIDAD ROSARIO CASTELLANOS,SECRETARIA DE GOBIERNO,611312,Escuelas de educación superior del sector público,251 y más personas,CALLE,MANUEL CARPIO,CALLE,PRIVADA DIAZ MIRON,CALLE,PLAN DE SAN LUIS,CALLE,SALVADOR DIAZ MIRON,,SN,,,,,COLONIA,SANTO TOMÁS,,,,11340,09,CIUDAD DE MÉXICO,016,Miguel Hidalgo,0001,Miguel Hidalgo                                                                                                ,0088,002,,ALMA.HERRERA@EDUCACION.CDMX.GOB.MX,RCASTELLANOS.CDMX.GOB.MX,Fijo,19.45253482,-99.16963947,2024-11
8602483,09003611312001343001000000U8,UNIVERSIDAD ROSARIO CASTELLANOS,GOBIERNO DE LA CIUDAD DE MEXICO,611312,Escuelas de educación superior del sector público,51 a 100 personas,CALLE,SAN ELEUTERIO,CALLE,SAN JORGE,CALLE,SAN ALEJANDRO,CALLE,SAN PASCASIO,,SN,,,,,COLONIA,PEDREGAL DE SANTA ÚRSULA,,,,04600,09,CIUDAD DE MÉXICO,003,Coyoacán,0001,Coyoacán                                                                                                      ,0978,003,,ALPHA.AVILA@RCASTELLANOS.CDMX.GOB.MX,WWW.RCASTENANOS.CDMX.GOB.MX,Fijo,19.30906492,-99.16065486,2019-11
11223843,09008611312000023000000000U6,UNIVERSIDAD ROSARIO CASTELLANOS,GOBIERNO DE LA CIUDAD DE MEXICO,611312,Escuelas de educación superior del sector público,11 a 30 personas,CALLE,CERRADA SOLEDAD,CERRADA,NOGAL,CALLE,5 DE MAYO,CALLE,POTRERILLO,,SN,,,,,COLONIA,SAN BERNABÉ OCOTEPEC,,,,10620,09,CIUDAD DE MÉXICO,008,La Magdalena Contreras,0001,La Magdalena Contreras                                                                                        ,0550,023,,,,Fijo,19.30781397,-99.25637941,2024-11
10761036,09002611312000125000000000U2,UNIVERSIDAD ROSARIO CASTELLANOS,GOBIERNO DE LA CIUDAD DE MEXICO,611312,Escuelas de educación superior del sector público,51 a 100 personas,CALLE,GENERAL LUCIO BLANCO,AVENIDA,CALZADA DE LAS ARMAS,AVENIDA,MANUEL SALAZAR,CALLE,FRANCISCO SARABIA,11,,,,19,,COLONIA,PROVIDENCIA,,,,02440,09,CIUDAD DE MÉXICO,002,Azcapotzalco,0001,Azcapotzalco                                                                                                  ,0237,015,,,RCASTELLANOS.CDMX.GOB.MX,Fijo,19.48804645,-99.2109554,2024-11
10906480,09002611312000093000000000U2,UNIVERSIDAD ROSARIO CASTELLANOS,GOBIERNO DE LA CIUDAD DE MEXICO,611312,Escuelas de educación superior del sector público,11 a 30 personas,CALLE,BOULEVARD DE LOS FERROCARRILES,AVENIDA,JARDIN,CALLE,NORTE 45,CALLE,BOULEVARD DE LOS FERROCARRILES,514,18,,,,,COLONIA,EUZKADI,,,,02660,09,CIUDAD DE MÉXICO,002,Azcapotzalco,0001,Azcapotzalco                                                                                                  ,0881,023,,RCASTELLANOS@CDMX.GOB.MX,,Fijo,19.47857757,-99.16272727,2024-11
9936522,09003611312002323000000000U9,UNIVERSIDAD ROSARIO CASTELLANOS,,611312,Escuelas de educación superior del sector público,11 a 30 personas,CALLE,ANACAHUITA,CALLE,OCOXAL,AVENIDA,ESCUINAPA,CALLE,TEPEYAUCLE,99,,,,,,COLONIA,PEDREGAL DE SANTO DOMINGO,,,,04369,09,CIUDAD DE MÉXICO,003,Coyoacán,0001,Coyoacán                                                                                                      ,061A,009,,,,Fijo,19.33202721,-99.17098614,2024-11
951537,09014611311000141000000000U6,UNIVERSIDAD TECNOLOGICA DE LA MIXTECA,UNIVERSIDAD TECNOLOGICA DE LA MIXTECA,611312,Escuelas de educación superior del sector público,0 a 5 personas,CALLE,SACRAMENTO,AVENIDA,CALIFORNIA,EJE VIAL,6 SUR (ANGEL URRAZA),CALLE,SANTA MARGARITA,347,,,,,,COLONIA,INSURGENTES SAN BORJA,,,,03100,09,CIUDAD DE MÉXICO,014,Benito Juárez,0001,Benito Juárez                                                                                                 ,0581,002,,,WWW.UTM.MX,Fijo,19.38219737,-99.17333362,2010-07
10792115,09013611312000073000000000U1,UNIVERSIDADES PARA EL BIENESTAR BENITO JUAREZ,UNIVERSIDAD V. DEL BIENESTAR BENITO JUAREZ,611312,Escuelas de educación superior del sector público,11 a 30 personas,CALLE,AVENIDA SAN BERNARDINO,CALLE,CLAVEL,CERRADA,ORQUIDEA,CERRADA,ORQUIDEA,,SN,,,,,COLONIA,POTRERO SAN BERNARDINO,,,,16030,09,CIUDAD DE MÉXICO,013,Xochimilco,0001,Xochimilco                                                                                                    ,0086,011,,,,Fijo,19.2700979,-99.12164037,2024-11
8859028,09015611312000253000000000U4,UNIVERSIDADES PARA EL BIENESTAR BENITO JUAREZ,UNIVERSIDADES PARA EL BIENESTAR BENITO JUAREZ GARCIA,611312,Escuelas de educación superior del sector público,11 a 30 personas,CALLE,LUIS GONZALEZ OBREGON,CALLE,REPUBLICA DE ARGENTINA,CALLE,REPUBLICA DE BRASIL,CALLE,DONCELES,9,,,,,,COLONIA,CENTRO,,,,06020,09,CIUDAD DE MÉXICO,015,Cuauhtémoc,0001,Cuauhtémoc                                                                                                    ,0752,002,,,UBBJ.GOB.MX,Fijo,19.43675181,-99.13341147,2019-11
1059421,09003611312000112002000000U8,UNIVERSUM MUSEO DE LAS CIENCIAS,UNIVERSIDAD NACIONAL AUTONOMA DE MEXICO,611312,Escuelas de educación superior del sector público,11 a 30 personas,CIRCUITO,CIRCUITO CULTURAL,CALLE,NINGUNO,CALLE,NINGUNO,CIRCUITO,CIRCUITO CULTURAL,,SN,,,,,CIUDAD,UNIVERSIDAD NACIONAL AUTÓNOMA DE MÉXICO CIUDAD UNIVERSITARIA,,,,04510,09,CIUDAD DE MÉXICO,003,Coyoacán,0001,Coyoacán                                                                                                      ,0770,019,,VISITANTE@UNIVERSUM.UNAM.MX,WWW.UNIVERSUM.UNAM.MX,Fijo,19.31079842,-99.18139319,2010-07
11038966,09009611312000054000000000U9,UNIVERSIDAD ROSARIO CASTELLANOS,GOBIERNO DE LA CDMX,611312,Escuelas de educación superior del sector público,31 a 50 personas,CALLE,AVENIDA TABASCO ORIENTE,AVENIDA,AV TABASCO OTE,CERRADA,NINGUNO,CALLE,AVENIDA PUEBLA ORIENTE,,SN,,,,,BARRIO,SANTA CRUZ,,,,12000,09,CIUDAD DE MÉXICO,009,Milpa Alta,0001,Villa Milpa Alta                                                                                              ,0327,009,,,,Fijo,19.19347425,-99.01911263,2024-11
9721018,13069611312000021000000000U6,CENTRO DE ENSEÑANZA Y DIAGNOSTICO DE ENFERMEDADES DE BOVINOS,UNIVERSIDAD NACIONAL AUTONOMA DE MEXICO,611312,Escuelas de educación superior del sector público,0 a 5 personas,CALLE,PONIENTE 6,OTRO(ESPECIFIQUE),MANZANA O EDIFICACION CONTIGUA,CALLE,2 ORIENTE,OTRO(ESPECIFIQUE),NINGUNO,,SN,,,,,COLONIA,NACOZARI,,,,43800,13,HIDALGO,069,Tizayuca,0001,Tizayuca                                                                                                      ,0069,036,7797966920,,,Fijo,19.82883344,-98.965338,2024-11
1605935,13063611312000015002000000U1,COLEGIO DE EDUCACION PROFESIONAL TECNICA DEL ESTADO DE HIDALGO PLANTEL TEPEJI 214,GOBIERNO,611312,Escuelas de educación superior del sector público,11 a 30 personas,PRIVADA,NINGUNO,CALLE,NORTE TRES,OTRO(ESPECIFIQUE),NINGUNO,PRIVADA,NINGUNO,,SN,,,,SN,COLONIA,NOXTONGO PRIMERA,,,,42855,13,HIDALGO,063,Tepeji del Río de Ocampo,0001,Tepeji del Río de Ocampo                                                                                      ,0116,027,7737330863,C214_TEPEJI@HGO.CONALEP.EDU.MX,WWW.CONALEPHIDALGO.EDU.MX,Fijo,19.91412945,-99.35575388,2010-07
1566894,13013611312000014002000000U9,ESCUELA SUPERIOR DE ATOTONILCO DE TULA,UNIVERSIDAD AUTONOMA DEL ESTADO DE HIDALGO,611312,Escuelas de educación superior del sector público,11 a 30 personas,CALLE,DEPORTIVA,CALLE,NINGUNO,CALLE,AGUSTIN MELGAR (PINO SUAREZ),AVENIDA,FRANCISCO VILLA,,SN,,,9,,COLONIA,PRIMERA SECCIÓN,,,,42987,13,HIDALGO,013,Atotonilco de Tula,0010,Progreso                                                                                                      ,0237,006,,ESAT@UAEH.EDU.MX,WWW.UAEH.EDU.MX,Fijo,20.01598968,-99.23567509,2014-12
9730152,13069611312000056000000000U2,ESCUELA SUPERIOR DE TIZAYUCA DE LA UNIVERSIDAD AUTONOMA DEL ESTADO DE HIDALGO,UNIVERSIDAD AUTONOMA DEL ESTADO DE HIDALGO,611312,Escuelas de educación superior del sector público,101 a 250 personas,CIRCUITO,NINGUNO,CERRADA,NINGUNO,CERRADA,CIRCUITO UNIVERSIDAD,OTRO(ESPECIFIQUE),NINGUNO,,SN,ESTI UAEH,1,1,A,COLONIA,FUENTES DE TIZAYUCA,,,,43800,13,HIDALGO,069,Tizayuca,0050,Fuentes de Tizayuca                                                                                           ,1194,031,,TIZAYUCA@UAEH.EDU.MX,,Fijo,19.86502542,-98.96894347,2024-11
1564180,13010611312000015001000000U2,INSTITUTO TECNOLOGICO DE ATITALAQUIA,SECRETARIA DE EDUCACION PUBLICA FEDERAL,611312,Escuelas de educación superior del sector público,31 a 50 personas,CALLE,ONESIMO PEREZ CHAVEZ,CALLE,NINGUNO,CALLE,SALVADOR DIAZ MIRON,CALLE,SALVADOR DIAZ MIRON,,SN,,,,,COLONIA,TEZOQUIPA,,,,42970,13,HIDALGO,010,Atitalaquia,0006,Tezoquipa                                                                                                     ,0358,001,7787373141,DIR_ATITALAQUIA@TECNM.MX,WWW.ITATITALAQUIA.EDU.MX,Fijo,20.05611894,-99.19763836,2014-12
7313523,13076611312000021000000000U1,UNIVERSIDAD DIGITAL DEL ESTADO DE HIDALGO,SECRETARIA DE EDUCACION PUBLICA,611312,Escuelas de educación superior del sector público,0 a 5 personas,CALZADA,DE GUADALUPE,CALLE,13 DE SEPTIEMBRE (2 DE ABRIL),PRIVADA,NINGUNO,CALLE,FRANCISCO VILLA,,SN,,,,,COLONIA,BOMINTZHA,,,,42832,13,HIDALGO,076,Tula de Allende,0011,Bomintzha                                                                                                     ,035A,012,,,WWW.UNIDEH.MX,Fijo,20.01198767,-99.27209812,2019-11
9817760,13069611312000033000000000U1,UNIVERSIDADES PARA EL BIENESTAR BENITO JUAREZ,SECRETARIA DE EDUCACION PUBLICA,611312,Escuelas de educación superior del sector público,11 a 30 personas,CALLE,FUENTE PROGRESO,CALLE,NINGUNO,CALLE,NINGUNO,CALLE,NINGUNO,,SN,,,,,FRACCIONAMIENTO,FUENTES DE TIZAYUCA,,,,43816,13,HIDALGO,069,Tizayuca,0050,Fuentes de Tizayuca                                                                                           ,1156,036,,,,Fijo,19.86749643,-98.97812855,2024-11
1560907,13076931610000171011000000U4,UNIVERSIDAD PEDAGOGICA NACIONAL HIDALGO SEDE REGIONAL TULA DE ALLENDE,SECRETARIA DE EDUCACION PUBLICA,611312,Escuelas de educación superior del sector público,11 a 30 personas,CALLE,LEANDRO VALLE,CALLE,5 DE FEBRERO,PROLONGACION,ZARAGOZA,CALLE,5 DE FEBRERO,1,,,,,,COLONIA,CENTRO,,,,42800,13,HIDALGO,076,Tula de Allende,0001,Tula de Allende                                                                                               ,0400,005,,UPNTULA@YAHOO.COM.MX,,Fijo,20.05488064,-99.3400505,2014-12
11401087,13069611312000045000000000U5,UNIVERSIDAD TECNOLOGICA METROPOLITANA DEL VALLE DE MEXICO,UNIVERSIDAD TECNOLOGICA DE LA ZONA METROPOLITANA DEL VALLE DE MEXICO,611312,Escuelas de educación superior del sector público,51 a 100 personas,CALLE,NINGUNO,OTRO(ESPECIFIQUE),NINGUNO,OTRO(ESPECIFIQUE),NINGUNO,OTRO(ESPECIFIQUE),NINGUNO,5,,MZ 189 LOTE 1,1,,,FRACCIONAMIENTO,LOS HEROES TIZAYUCA,,,,43816,13,HIDALGO,069,Tizayuca,0055,Los Héroes Tizayuca                                                                                           ,0196,800,,RECTORIA@UTVAM.EDU.MX,WWW.UTVAMBIS.COM,Fijo,19.86685466,-98.98425086,2024-11
2214653,15121611312000082001000000U5,CAPACITACION EJECUTIVA E IDIOMAS,FUNDACION UNIVERSIDAD NACIONAL AUTONOMA DE MEXICO,611312,Escuelas de educación superior del sector público,0 a 5 personas,CARRETERA,MEXICO QUERETARO,CALLE,LOS ALAMOS,CALLE,LOS FRESNOS,CARRETERA,MEXICO-QUERETARO,,SN,,,3539,B,COLONIA,ARCOS DEL ALBA,,,,54750,15,MÉXICO                      ,121,Cuautitlán Izcalli,0001,Cuautitlán Izcalli                                                                                            ,1462,037,5519490968,IDIOMAS.IZCALLI@FUNAM.MX,WWW.ACATLAN.UNAM.MX,Fijo,19.64996141,-99.19701963,2014-12
2001941,15033611699000162001000000U6,CENTRO COMUNITARIO SIERVO DE LA NACION 1 15 002 02,CENTRO COMUNITARIO SIERVO DE LA NACION,611312,Escuelas de educación superior del sector público,6 a 10 personas,AVENIDA,JARDINES DE MORELOS,CALLE,PLAYA TIJUANA,AVENIDA,NICOLAS BRAVO,RETORNO,1 DE PLAYA MANDINGA,13,,,,,,COLONIA,JARDINES DE MORELOS,,,,55070,15,MÉXICO                      ,033,Ecatepec de Morelos,0001,Ecatepec de Morelos                                                                                           ,1504,005,,,,Fijo,19.60353002,-98.99094166,2010-07
11611858,15031611312000094000000000U1,CENTRO DE ESTUDIOS SUPERIORES NEZAHUALCOYOTL,SECRETARIA DE EDUCACION DEL ESTADO DE MEXICO,611312,Escuelas de educación superior del sector público,31 a 50 personas,CALLE,AMARGURA,CALLE,AMARGURA,CALLE,AMARGURA,CALLE,POCHOTES,,SN,,,,,BARRIO,SAN ANDRES,,,,56334,15,MÉXICO                      ,031,Chimalhuacán,0001,Chimalhuacán                                                                                                  ,015A,015,,,,Fijo,19.41664221,-98.9465343,2024-11
2342943,15031611312000033002000000U9,CENTRO UNIVERSITARIO CHIMALHUACAN CUCH,H AYUNTAMIENTO DE CHIMALHUACAN ESTADO DE MEXICO,611312,Escuelas de educación superior del sector público,11 a 30 personas,CALLE,EMILIANO ZAPATA,CALLE,NINGUNO,CALLE,ZAFIRO,AVENIDA,MEXICO,1,,,,,,BARRIO,TRANPORTISTAS,,,,56363,15,MÉXICO                      ,031,Chimalhuacán,0001,Chimalhuacán                                                                                                  ,1016,044,,CUCH.CHIMALHUACAN22224@GMAIL.COM,,Fijo,19.44341096,-98.9721871,2010-07
1994849,15024611111000061011000000U1,CENTRO UNIVERSITARIO DE CUAUTITLAN MEXICO,SERVICIOS EDUCATIVOS DEL ESTADO DE MEXICO,611312,Escuelas de educación superior del sector público,11 a 30 personas,CALLE,ANENECUILCO,CALLE,DIAGONAL ANENECUILCO,CALLE,PLAN DE AYALA,CALLE,PLAN DE AYALA,,SN,,,,,COLONIA,LAZARO CARDENAS,,,,54870,15,MÉXICO                      ,024,Cuautitlán,0001,Cuautitlán                                                                                                    ,0102,029,,,,Fijo,19.67554652,-99.17130671,2010-07
2122507,15033611311000083012000000U2,CENTRO UNIVERSITARIO INTERAMERICANO,,611312,Escuelas de educación superior del sector público,6 a 10 personas,CALLE,INSURGENTES,CALLE,PUERTO LAZARO CARDENAS,AVENIDA,ENCINO,CALLE,PUERTO CAMPECHE,153,,,,,,COLONIA,ENCINO,,,,55020,15,MÉXICO                      ,033,Ecatepec de Morelos,0001,Ecatepec de Morelos                                                                                           ,3002,023,5522342632,,,Fijo,19.60315031,-99.0576712,2010-07
2133292,15033611312000011000000000U1,CENTRO UNIVERSITARIO UAEM,CENTRO UNIVERSITRIO ECATEPEC UAEM,611312,Escuelas de educación superior del sector público,101 a 250 personas,CALLE,EJIDAL,CALLE,PROLONGACION JOSE REVUELTAS,CALLE,NICOLAS BRAVO,OTRO(ESPECIFIQUE),TERRENO BALDIO,,SN,,,,,COLONIA,TIERRA BLANCA,,,,55020,15,MÉXICO                      ,033,Ecatepec de Morelos,0001,Ecatepec de Morelos                                                                                           ,4087,001,5557873626,,HTTPSCUE.UAEMEX.MX,Fijo,19.59885537,-99.05732608,2010-07
2168348,15122611312000027002000000U8,CENTRO UNIVERSITARIO UNIVERSIDAD AUTONOMA DEL ESTADO DE MEXICO VALLE DE CHALCO,UNIVERSIDAD AUTONOMA DEL ESTADO DE MEXICO,611312,Escuelas de educación superior del sector público,101 a 250 personas,AVENIDA,HERMENEGILDO GALEANA,CALLE,HERMENEGILDO GALEANA,AVENIDA,ACAPOL,AVENIDA,BOULEVARD JUAN PABLO II,,SN,,,,,COLONIA,EL AGOSTADERO,,,,56615,15,MÉXICO                      ,122,Valle de Chalco Solidaridad,0001,Xico                                                                                                          ,0391,016,5559714940,,WWW.CUVALLEDECHALCO.UAEMEX.MX,Fijo,19.29784573,-98.95678837,2010-07
2211075,15013611312000027001000000U9,CENTRO UNIVERSITARIO UNIVERSIDAD AUTONOMA DEL ESTADO DE MEXICO VALLE DE MEXICO,CENTRO UNIVERSITARIO UNIVERSIDAD AUTONOMA DEL ESTADO DE MEXICO VALLE DE MEXICO,611312,Escuelas de educación superior del sector público,101 a 250 personas,CALLE,BOULEVARD UNIVERSITARIO,PRIVADA,NINGUNO,CALLE,BOULEVARD UNIVERSITARIO,CALLE,BOULEVARD UNIVERSITARIO,,SN,,,,,FRACCIONAMIENTO,VALLE ESCONDIDO,,,,52948,15,MÉXICO                      ,013,Atizapán de Zaragoza,0001,Ciudad López Mateos                                                                                           ,0359,007,,CUVM@UAEMEX.MX,CUVALLEDEMEXICO.UAEMEX.MX,Fijo,19.58622002,-99.28389889,2014-12
10667246,15057611312000085000000000U4,CLINICA ODONTOLOGICA EL MOLINITO,CLINICA ODONTOLOGICA ELMOLINITO,611312,Escuelas de educación superior del sector público,51 a 100 personas,ANDADOR,RIO HONDO,CALLE,FERROCARRILES A ACAMBARO,CALLE,CIPRES,CALLE,CIPRES,,SN,,,,,COLONIA,JARDINES D L MOLINITO,,,,53530,15,MÉXICO                      ,057,Naucalpan de Juárez,0001,Naucalpan de Juárez                                                                                           ,1559,029,,C.DENTISTA.CLINICAMOLINITO@UNAM.MX,,Fijo,19.46061221,-99.23808858,2024-11
2380470,15058611312000114002000000U0,CLINICA UNIVERSITARIA DE ATENCION A LA SALUD REFORMA,UNAM,611312,Escuelas de educación superior del sector público,101 a 250 personas,CALLE,NORTE 1,CALLE,PONIENTE 10,CALLE,PONIENTE 5,CALLE,NORTE 2,,SN,,,,,COLONIA,LA PERLA,,,,57820,15,MÉXICO                      ,058,Nezahualcóyotl,0001,Ciudad Nezahualcóyotl                                                                                         ,1081,009,,,,Fijo,19.38095173,-98.98604575,2010-07
2206628,15057611162000053011000000U1,COLEGIO DE CIENCIA Y HUMANIDADES PLANTEL NAUCALPANTURNO NOCTURNO,UNAM,611312,Escuelas de educación superior del sector público,251 y más personas,CALZADA,DE LOS REMEDIOS,AVENIDA,NORTEAMERICA,AVENIDA,MORELOS,AVENIDA,CORONA,,SN,,,,,COLONIA,LOS REMEDIOS,,,,53000,15,MÉXICO                      ,057,Naucalpan de Juárez,0001,Naucalpan de Juárez                                                                                           ,0245,002,5553731234,,,Fijo,19.47486806,-99.24712513,2014-12
2206627,15057611162000047010000000U3,COLEGIO DE CIENCIAS Y HUMANIDADES NAUCALPANTURNO VESPERTINO,UNAM,611312,Escuelas de educación superior del sector público,251 y más personas,CALZADA,DE LOS REMEDIOS,AVENIDA,NORTEAMERICA,AVENIDA,MORELOS,AVENIDA,CORONA,,SN,,,,,COLONIA,LOS REMEDIOS,,,,53000,15,MÉXICO                      ,057,Naucalpan de Juárez,0001,Naucalpan de Juárez                                                                                           ,0245,002,5553731234,,,Fijo,19.47506722,-99.24627153,2014-12
2380472,15057611162000077010000000U0,COLEGIO DE CIENCIAS Y HUMANIDADES PLANTEL NAUCALPAN TURNO MATUTINO,UNAM,611312,Escuelas de educación superior del sector público,251 y más personas,CALZADA,DE LOS REMEDIOS,AVENIDA,NORTEAMERICA,AVENIDA,MORELOS,AVENIDA,CORONA,,SN,,,,,COLONIA,LOS REMEDIOS,,,,53000,15,MÉXICO                      ,057,Naucalpan de Juárez,0001,Naucalpan de Juárez                                                                                           ,0245,002,5553731256,,,Fijo,19.47516582,-99.24527501,2010-07
2330988,15099813110000123011000000U9,COLEGIO DE POSTGRADUADOS,COLEGIO DE POSTGRADUADOS,611312,Escuelas de educación superior del sector público,251 y más personas,CALLE,NINGUNO,PRIVADA,NINGUNO,CALLE,NINGUNO,CARRETERA,MANZANA O EDIFICACION CONTIGUA,,SN,,,,,MANZANA,COLEGIO DE POSTGRADUADOS,,,,56230,15,MÉXICO                      ,099,Texcoco,0012,Montecillo                                                                                                    ,1050,015,5959520200,DIRECCIONCM2012@COLPOS.MX,WWW.COLPOS.MX,Fijo,19.4620307,-98.90630712,2014-12
11342566,15099611312000133000000000U4,COORDINACION DE OPERACION CAMPO FITOTECNIA,UNIVERSIDAD AUTONOMA CHAPINGO,611312,Escuelas de educación superior del sector público,11 a 30 personas,CALLE,NUMERO 333,CALLE,NINGUNO,CALLE,NUMERO 56,CALLE,EMILIANO ZAPATA,,SN,,,,,COLONIA,TRINIDAD,,,,56130,15,MÉXICO                      ,099,Texcoco,0064,La Trinidad                                                                                                   ,1652,019,5518028275,,,Fijo,19.491148,-98.87229645,2024-11
2380471,15058611312000093001000000U6,CUAS CLINICA TAMAULIPAS UNAM FES ZARAGOZA,UNIVERSIDAD NACIONAL AUTONOMA DE MEXICO,611312,Escuelas de educación superior del sector público,51 a 100 personas,AVENIDA,CUARTA AVENIDA JACARANDAS,CALLE,CRISANTEMO,AVENIDA,TULIPAN,AVENIDA,CUARTA AVENIDA (HELIOTROPO),,SN,,,,,COLONIA,LAS FLORES,,,,57310,15,MÉXICO                      ,058,Nezahualcóyotl,0001,Ciudad Nezahualcóyotl                                                                                         ,051A,003,,,,Fijo,19.41736423,-99.0250776,2010-07
2247620,15108611312000023001000000U6,ESCUELA BELLAS ARTES NIVEL LICENCIATURA TURNO MATUTINO,SECRETARIA DE EDUCACION DEL ESTADO DE MEXICO,611312,Escuelas de educación superior del sector público,31 a 50 personas,CALLE,NINGUNO,CALLE,FRANCISCO I. MADERO,CALLE,NICOLAS BRAVO,CALLE,BENITO JUAREZ,17,,,,,,COLONIA,CENTRO,,,,54960,15,MÉXICO                      ,108,Tultepec,0001,Tultepec                                                                                                      ,0034,029,,ESCUELABELLASARTESTULTEPEC@OUTLOOK.COM,,Fijo,19.68529001,-99.12921991,2014-12
2037929,15099611612000031010000000U3,ESCUELA DE BELLAS ARTES,FOMENTO MUSICAL CONACULTA,611312,Escuelas de educación superior del sector público,0 a 5 personas,CALLE,NINGUNO,CALLE,AZTECA,OTRO(ESPECIFIQUE),RIO,CALLE,IZTACCIHUATL,,SN,,,,,LOCALIDAD,SANTA MARIA TECUANULCO,,,,56244,15,MÉXICO                      ,099,Texcoco,0041,Santa María Tecuanulco                                                                                        ,1258,006,,,,Fijo,19.50571446,-98.76516501,2010-07
2344607,15031611612000032011000000U4,ESCUELA DE BELLAS ARTES DE CHIMALHUACAN 2 TURNO MATUTINO NIVEL 1 LICENCIATURA CLABE 15EAR58W,GOBIERNO DEL ESTADO DE MEXICO,611312,Escuelas de educación superior del sector público,11 a 30 personas,AVENIDA,DE LAS TORRES,CALLE,LAS PERAS,AVENIDA,GREGORIO MELERO,AVENIDA,AGRARISMO,,SN,,,,,BARRIO,SARAPEROS,,,,56353,15,MÉXICO                      ,031,Chimalhuacán,0001,Chimalhuacán                                                                                                  ,0554,031,5522287361,ESBACHIMAL2@YSHOO.COM.MX,,Fijo,19.4184032,-98.98461718,2014-12
10214199,15033611312000183000000000U8,ESCUELA DE BELLAS ARTES ECATEPEC,ESCUELA DE BELLAS ARTES DE ECATEPEC,611312,Escuelas de educación superior del sector público,11 a 30 personas,CALLE,EJIDAL,CALLE,PROLONGACION JOSE REVUELTAS,CALLE,NICOLAS BRAVO,OTRO(ESPECIFIQUE),TERRENO BALDIO,,SN,,,,,COLONIA,TIERRA BLANCA,,,,55020,15,MÉXICO                      ,033,Ecatepec de Morelos,0001,Ecatepec de Morelos                                                                                           ,4087,001,,EBAECATEPEC@YAHOO.COM.MX,,Fijo,19.59823423,-99.05359928,2024-11
2247621,15108611312000013002000000U7,ESCUELA DE BELLAS ARTES NIVEL LICENCIATURA TURNO VERPERTINO,SECRETARIA DE EDUCACION DEL ESTADO DE MEXICO,611312,Escuelas de educación superior del sector público,11 a 30 personas,CALLE,NINGUNO,CALLE,FRANCISCO I. MADERO,CALLE,NICOLAS BRAVO,CALLE,BENITO JUAREZ,17,,,,,,COLONIA,CENTRO,,,,54960,15,MÉXICO                      ,108,Tultepec,0001,Tultepec                                                                                                      ,0034,029,,ESCUELABELLASARTESTULTEPEC@OUTLOOK.COM,,Fijo,19.68529001,-99.12921991,2014-12
2247619,15108611312000044000000000U2,ESCUELA DE BELLAS ARTES TECNICO EN MUSICA,,611312,Escuelas de educación superior del sector público,31 a 50 personas,CALLE,NINGUNO,CALLE,FRANCISCO I. MADERO,CALLE,NICOLAS BRAVO,CALLE,BENITO JUAREZ,17,,,,,,COLONIA,CENTRO,,,,54960,15,MÉXICO                      ,108,Tultepec,0001,Tultepec                                                                                                      ,0034,029,,ESCUELABELLASARTESTULTEPEC@OUTLOOK.COM,,Fijo,19.68529001,-99.12921991,2010-07
10246788,15099611312000094000000000U8,ESCUELA DE BELLAS ARTES TEXCOCO 1,GOBIERNO DEL ESTADO DE MEXICO,611312,Escuelas de educación superior del sector público,31 a 50 personas,CALLE,HUAUTLA,CARRETERA,FEDERAL MEXICO- TEXCOCO,CALLE,HUAUTLA MANZANA 2,CARRETERA,A SAN BERNARDINO,,SN,,,,,COLONIA,EL COPORATIVO,,,,56230,15,MÉXICO                      ,099,Texcoco,0007,San Luis Huexotla                                                                                             ,1741,002,,,,Fijo,19.48461314,-98.88555091,2024-11
11128017,15099611312000103000000000U7,ESCUELA DE BELLAS ARTES TEXCOCO 2,GOBIERNO DEL ESTADO DE MEXICO,611312,Escuelas de educación superior del sector público,11 a 30 personas,PRIVADA,NINGUNO,CALLE,BARRANQUILLA,CALLE,BARRANQUILLA,CALLE,AHUEHUETES (PALMAS),13,,,,,,COLONIA,SAN MARTÍN,,,,56140,15,MÉXICO                      ,099,Texcoco,0001,Texcoco de Mora                                                                                               ,0847,002,5585076462,,,Fijo,19.50367931,-98.87938689,2024-11
2361085,15039713944000031011000000U3,ESCUELA DEL DEPORTE IXTAPALUCA I TURNO VESPERTINO,GOBIERNO DEL ESTADO DE MEXICO,611312,Escuelas de educación superior del sector público,11 a 30 personas,CALLE,NINGUNO,CALLE,NINGUNO,CALLE,NINGUNO,CALLE,NINGUNO,,SN,,,,,COLONIA,GEOVILLAS DE IXTAPALUCA,,,,56530,15,MÉXICO                      ,039,Ixtapaluca,0001,Ixtapaluca                                                                                                    ,1917,011,5512385658,ESDEPIXTAPALUCA@HOTMAIL.COM,,Fijo,19.31528363,-98.89736962,2014-12
8659805,15057931810000065011000000U2,ESCUELA MILITAR DE TRANSMISIONES,SECRETARIA DE LA DEFENSA NACIONAL,611312,Escuelas de educación superior del sector público,6 a 10 personas,CALLE,NINGUNO,CALLE,NINGUNO,CALLE,TRASMICIONES MILITARES,CALLE,TRASMICIONES MILITARES,,SN,,,1,H,COLONIA,LOMAS DE SOTELO,,,,53370,15,MÉXICO                      ,057,Naucalpan de Juárez,0001,Naucalpan de Juárez                                                                                           ,0368,058,,,,Fijo,19.46170131,-99.21605336,2019-11
2016897,15058611312000054001000000U8,ESCUELA NORMAL 3,,611312,Escuelas de educación superior del sector público,11 a 30 personas,CALLE,SAN MATEO,CALLE,AVENIDA LAGO DE XOCHIMILCO,CALLE,AVENIDA SAN ANGEL,CALLE,SAN BARTOLO,,SN,,,,,COLONIA,JOSE VICENTE VILLADA,,,,57710,15,MÉXICO                      ,058,Nezahualcóyotl,0001,Ciudad Nezahualcóyotl                                                                                         ,0986,019,5557971643,,,Fijo,19.39843347,-99.01366025,2010-07
2210584,15013611312000035001000000U2,ESCUELA NORMAL DE ATIZAPAN DE ZARAGOZA,ESCUELA NORMAL DE ATIZAPAN DE ZARAGOZA,611312,Escuelas de educación superior del sector público,31 a 50 personas,CALLE,CERRADA FEDERACION,CALLE,BOULEVARD ADOLFO RUIZ CORTINES,OTRO(ESPECIFIQUE),ARROYO,CALLE,MUNICIPIO LIBRE,,SN,,,,,FRACCIONAMIENTO,LOMAS DE ATIZAPAN,,,,52977,15,MÉXICO                      ,013,Atizapán de Zaragoza,0001,Ciudad López Mateos                                                                                           ,0170,066,5558225520,NORMALATIZAPAN@EDUGEM.GOB.MX,,Fijo,19.55747455,-99.25257743,2014-12
1996821,15025611312000025001000000U7,ESCUELA NORMAL DE CHALCO,GOBIERNO DEL ESTADO DE MEXICO,611312,Escuelas de educación superior del sector público,31 a 50 personas,PRIVADA,DE TIZAPA,CERRADA,DE TIZAPA,CALLE,ISIDRO FABELA,CALLE,FRANCISCO VILLA,,SN,,,,,COLONIA,CASCO DE SAN JUAN,,,,56600,15,MÉXICO                      ,025,Chalco,0001,Chalco de Díaz Covarrubias                                                                                    ,1216,005,5559730556,NORMALCHALCO@EDUGEM.GOB.MX,,Fijo,19.26552968,-98.89018346,2010-07
2161861,15020611312000014000000000U2,ESCUELA NORMAL DE COACALCO,GOBIERNO DEL ESTADO DE MEXICO,611312,Escuelas de educación superior del sector público,31 a 50 personas,CALLE,ENRIQUE REBSAMEN,CALLE,GUANAJUATO,CALLE,CHIAPAS,CALLE,GUANAJUATO,65,,,,,,COLONIA,REPÚBLICA MEXICANA,,,,55705,15,MÉXICO                      ,020,Coacalco de Berriozábal,0001,San Francisco Coacalco                                                                                        ,0584,023,,NORMALCOACALCO@EDUGEM.GOB.MX,,Fijo,19.6228169,-99.10094024,2010-07
2214447,15121611312000055000000000U1,ESCUELA NORMAL DE CUAUTITLAN IZCALLI,GOBIERNO DEL ESTADO DE MEXICO,611312,Escuelas de educación superior del sector público,51 a 100 personas,AVENIDA,PROLONGACION LOS FRESNOS,CALLE,CIRUELOS PONIENTE,AVENIDA,JORGE JIMENEZ CANTU,CALLE,NINGUNO,68,,,,,,COLONIA,ARCOS DEL ALBA,,,,54750,15,MÉXICO                      ,121,Cuautitlán Izcalli,0001,Cuautitlán Izcalli                                                                                            ,1458,040,,NORMALCUAUTITLAN@EDUGEM.GOB.MX,NORMALCUAUTITLANIZCALLI.EDOMEX.GOB.MX,Fijo,19.64891128,-99.20436388,2010-07
2112662,15033611312000055002000000U8,ESCUELA NORMAL DE ECATEPEC,SECRETARIA DE EDUCACION PUBLICA SEP,611312,Escuelas de educación superior del sector público,11 a 30 personas,AVENIDA,MIGUEL HIDALGO,CALLE,INDEPENDENCIA,AVENIDA,REVOLUCION,AVENIDA,MIGUEL HIDALGO,,SN,,,,,COLONIA,SANTA AGUEDA,,,,55000,15,MÉXICO                      ,033,Ecatepec de Morelos,0001,Ecatepec de Morelos                                                                                           ,1472,001,5558381749,NORMALECTEPEC@EDUGEM.GOB.MX,,Fijo,19.60464055,-99.04347964,2010-07
2221096,15013611312000054002000000U3,ESCUELA NORMAL DE EDUCACION ESPECIAL DEL ESTADO DE MEXICO,GOBIERNO DEL ESTADO DE MEXICO,611312,Escuelas de educación superior del sector público,31 a 50 personas,CALLE,BOULEVARD IGNACIO ZARAGOZA,PRIVADA,HOGARES DE LA PAZ,CALLE,AVENIDA CENTRAL,CALLE,BOULEVARD IGNACIO ZARAGOZA,,SN,,,,,COLONIA,ADOLFO LOPEZ MATEOS,,,,52910,15,MÉXICO                      ,013,Atizapán de Zaragoza,0001,Ciudad López Mateos                                                                                           ,1639,007,,NORMALEDUESPECIAL@EDUGEM.GOB.MX,WWW.NORMALEDUCACIONESPECIAL.EDOMEX.GOB.MX,Fijo,19.5940185,-99.26644131,2014-12
2134519,15070611312000015002000000U4,ESCUELA NORMAL DE LOS REYES ACAQUILPAN,SECRETARIA DE EDUCACION PUBLICA 15ENL0021S,611312,Escuelas de educación superior del sector público,51 a 100 personas,PROLONGACION,PUEBLA,CALLE,EJERCITO DEL TRABAJO,AVENIDA,LAS TORRES,AVENIDA,GENERAL FELIPE ANGELES,,SN,,,,,COLONIA,CIUDAD DE LOS REYES ACAQUILPAN,,,,56440,15,MÉXICO                      ,070,La Paz,0001,Los Reyes Acaquilpan                                                                                          ,0181,017,5558551157,NORMALLOSREYESA@EDUGEM.GOB.MX,,Fijo,19.35768367,-98.96724832,2010-07
8968306,15057611312000055000000000U7,ESCUELA NORMAL DE NAUCALPAN,GOBIERNO DEL ESTADO DE MEXICO,611312,Escuelas de educación superior del sector público,51 a 100 personas,AVENIDA,CIRCUITO,PRIVADA,ALFREDO GARCIA SANDOVAL,CALLE,NINGUNO,CALLE,NINGUNO,179,,,,,,COLONIA,SAN MATEO NOPALA,,,,53220,15,MÉXICO                      ,057,Naucalpan de Juárez,0001,Naucalpan de Juárez                                                                                           ,2010,054,,,,Fijo,19.50219184,-99.27057034,2019-11
2115579,15081611312000014001000000U4,ESCUELA NORMAL DE TECAMAC,CCT 15ENSOO35O GERARDO BARRAGAN MENDOZA,611312,Escuelas de educación superior del sector público,11 a 30 personas,CALLE,CENTENARIO DE LA EDUCACION,PRIVADA,NINGUNO,CALLE,ATZOMPA,CALLE,CENTENARIO DE LA EDUCACION,,SN,,,,,COLONIA,TECAMAC DE FELIPE VILLANUEVA,,,,55740,15,MÉXICO                      ,081,Tecámac,0001,Tecámac de Felipe Villanueva                                                                                  ,0467,003,5559346860,,,Fijo,19.70914266,-98.9790519,2010-07
2182358,15092611312000024001000000U0,ESCUELA NORMAL DE TEOTIHUACAN,CCT15ENLOO11L,611312,Escuelas de educación superior del sector público,11 a 30 personas,AVENIDA,CARLOS HANK GONZALEZ,AVENIDA,CARLOS HANK GONZALEZ,AVENIDA,CARLOS HANK GONZALEZ,AVENIDA,EVA SAMANO,78,,,,,,BARRIO,EVANGELISTA,,,,55816,15,MÉXICO                      ,092,Teotihuacán,0001,Teotihuacán de Arista                                                                                         ,0193,012,,,,Fijo,19.69179964,-98.8781738,2010-07
2324896,15099611312000045002000000U0,ESCUELA NORMAL DE TEXCOCO,,611312,Escuelas de educación superior del sector público,51 a 100 personas,CALLE,POSTE DE LUZ,CERRADA,PRIMERA NORMAL,CERRADA,PRIMERA NORMAL,CALLE,CANAL COXCACOAC,,SN,,,,,PUEBLO,SANTA MARIA TULANCINGO,,,,56200,15,MÉXICO                      ,099,Texcoco,0045,Santa María Tulantongo                                                                                        ,1578,025,,NOR_TEXCOCO@YAHOO.COM.MX,,Fijo,19.53059336,-98.88234285,2014-12
2068412,15104611312000024000000000U3,ESCUELA NORMAL DE TLALNEPANTLA,,611312,Escuelas de educación superior del sector público,51 a 100 personas,CALLE,AV JUAREZ,CALLE,NIÑOS HEROES,AVENIDA,VENUSTIANO CARRANZA,CALLE,NIÑOS HEROES,,SN,,,,,COLONIA,SAN JUAN IXTACALA,,,,54160,15,MÉXICO                      ,104,Tlalnepantla de Baz,0001,Tlalnepantla                                                                                                  ,196A,012,,NORMALTLANEPANTLA@EDUGEM.GOB.MX,,Fijo,19.52110451,-99.17646741,2010-07
2067219,15104611312000035002000000U9,ESCUELA NORMAL DE TLALNEPANTLA Y PREPARATORIA ANEXA SUPERVISION,,611312,Escuelas de educación superior del sector público,6 a 10 personas,CALLE,AV JUAREZ,CALLE,NIÑOS HEROES,AVENIDA,VENUSTIANO CARRANZA,AVENIDA,VENUSTIANO CARRANZA,,SN,,,,,COLONIA,SAN JUAN IXTACALA,,,,54160,15,MÉXICO                      ,104,Tlalnepantla de Baz,0001,Tlalnepantla                                                                                                  ,196A,012,5553672857,,,Fijo,19.52111261,-99.17646438,2010-07
11074421,15120611312000054000000000U6,ESCUELA NORMAL DE ZUMPANGO,ESCUELA NORMAL DE ZUMPANGO 15ENL0009X,611312,Escuelas de educación superior del sector público,31 a 50 personas,CALLE,NICOLAS BRAVO,CALLE,MIGUEL HIDALGO,CALLE,ITURBIDE,CALLE,TLALAPANGO,5,,,,,,BARRIO,DE SAN LORENZO,,,,55604,15,MÉXICO                      ,120,Zumpango,0001,Zumpango de Ocampo                                                                                            ,0058,014,,NORMALZUMPANGO@EDUGEM.GOB.MX,NORMALDEZUMPANGO.EDOMEX.GOB.MX,Fijo,19.79635894,-99.09520404,2024-11
11503325,15031611312000085000000000U9,ESCUELA NORMAL IGNACIO MANUEL ALTAMIRNO,,611312,Escuelas de educación superior del sector público,51 a 100 personas,CALLE,TIZOC,AVENIDA,ARCA DE NOE,CALLE,LAZARO CARDENAS,CALLE,CARRIZALES,,SN,,,1,,COLONIA,ACUITLAPILCO,,,,56335,15,MÉXICO                      ,031,Chimalhuacán,0001,Chimalhuacán                                                                                                  ,1340,005,5513688086,BATRTF@HOTMAIL.COM,,Fijo,19.42177179,-98.93038649,2024-11
9515167,15058611312000224000000000U7,ESCUELA NORMAL NO 4 CCT 15ENL0024P,GOBIERNO DEL ESTADO DE MEXICO,611312,Escuelas de educación superior del sector público,31 a 50 personas,AVENIDA,CUARTA AVENIDA JACARANDAS,CALLE,CRISANTEMO,AVENIDA,TULIPAN,AVENIDA,CUARTA AVENIDA (HELIOTROPO),,SN,,,,,COLONIA,LAS FLORES,,,,57310,15,MÉXICO                      ,058,Nezahualcóyotl,0001,Ciudad Nezahualcóyotl                                                                                         ,051A,003,,EN4NEZ@YAHOO.COM.MX,,Fijo,19.41751407,-99.02539018,2024-11
2178134,15058611312000065000000000U4,ESCUELA NORMAL NUMERO 1 DE NEZAHUALCOYOTL CCT 15ENL0015H TURNO DISCONTINUO,SEP,611312,Escuelas de educación superior del sector público,51 a 100 personas,CALLE,CIELITO LINDO,CALLE,EL CLAVELERO,CALLE,FERIA DE LAS FLORES,AVENIDA,CHIMALHUACAN,,SN,,,,,COLONIA,BENITO JUAREZ,,,,57000,15,MÉXICO                      ,058,Nezahualcóyotl,0001,Ciudad Nezahualcóyotl                                                                                         ,0628,027,,,,Fijo,19.40576334,-99.00937269,2010-07
2128600,15058611312000034000000000U0,ESCUELA NORMAL NUMERO 2 DE NEZAHUALCOYOTL,15ENL0023Q,611312,Escuelas de educación superior del sector público,31 a 50 personas,AVENIDA,FRANCISCO VILLA AVENIDA EL CANAL,CALLE,6,AVENIDA,LAS TORRES,AVENIDA,VALLE DE LAS ZAPATAS,,SN,,,,,COLONIA,CAMPESTRE GUADALUPANA,,,,57120,15,MÉXICO                      ,058,Nezahualcóyotl,0001,Ciudad Nezahualcóyotl                                                                                         ,0098,015,,NORMAL2NEZA@GMAIL.COM,,Fijo,19.48712048,-99.06439588,2010-07
10257035,15058611312000184000000000U3,ESCUELA NORMAL SUPERIOR DEL VALLE DE MEXICO SEDE NEZAHUALCOYOTL,DOCTORA ELAINE TURENA PEREZ BALTAZAR,611312,Escuelas de educación superior del sector público,31 a 50 personas,ANDADOR,NINGUNO,CALLE,VALLE DEL MAIZ,AVENIDA,VALLE DEL YUKON,CALLE,VALLE DEL MAIZ,,SN,,,,,COLONIA,VALLE DE ARAGON PRIMERA SECCION,,,,57100,15,MÉXICO                      ,058,Nezahualcóyotl,0001,Ciudad Nezahualcóyotl                                                                                         ,2018,018,,,,Fijo,19.48858268,-99.05296451,2024-11
2085987,15009611162000025011000000U0,ESCUELA OFICIAL LA NORMAL DE AMECAMECA,GOBIERNO DEL ESTADO DE MEXICO,611312,Escuelas de educación superior del sector público,51 a 100 personas,CALLE,GARITA A MATAMOROS,CALLE,A TLAMAPAS,PRIVADA,NINGUNO,CALLE,GARITA A MATAMOROS,,SN,,,,,PUEBLO,AMECAMECA DE JUAREZ,,,,56900,15,MÉXICO                      ,009,Amecameca,0001,Amecameca de Juárez                                                                                           ,0159,031,,,,Fijo,19.11075812,-98.77255584,2010-07
9295895,15121611312000323001000000U3,FACULTAD DE ESTUDIOS SUPERIOR IXTACALA CLINICA ODONTOLOGICA CUAUTITLAN IZCALLI UNAM,FACULTAD DE ESTUDIOS SUPERIOR IXTACALA CLINICA ODONTOLOGICA CUAUTITLAN IZCALLI UNAM,611312,Escuelas de educación superior del sector público,51 a 100 personas,CALLE,CONSTITUCION,AVENIDA,JORGE JIMENEZ CANTU,AVENIDA,LICENCIADO BENITO JUAREZ GARCIA,AVENIDA,LICENCIADO BENITO JUAREZ GARCIA,,SN,,,,,PUEBLO,SAN JUAN ATLAMICA,,,,54729,15,MÉXICO                      ,121,Cuautitlán Izcalli,0001,Cuautitlán Izcalli                                                                                            ,1316,001,,,,Fijo,19.67471216,-99.20963949,2020-11
2380461,15057611312000017001000000U7,FACULTAD DE ESTUDIOS SUPERIORES ACATLAN,UNAM,611312,Escuelas de educación superior del sector público,0 a 5 personas,AVENIDA,JARDINES DE SAN MATEO,PRIVADA,24,CALLE,NINGUNO,CALLE,LOS TARAHUMARAS,,SN,,1,,,COLONIA,JARDINES DE SAN MATEO,EDIFICIO COMERCIAL Y DE SERVICIOS,FEST ACATLAN,SN,53150,15,MÉXICO                      ,057,Naucalpan de Juárez,0001,Naucalpan de Juárez                                                                                           ,0688,008,5556231643,,WWW.ACATLAN.UNAM.MX,Fijo,19.48161481,-99.24569143,2010-07
2380465,15058611312000137000000000U1,FACULTAD DE ESTUDIOS SUPERIORES ARAGON,UNIVERSIDAD NACIONAL AUTONOMA DE MEXICO,611312,Escuelas de educación superior del sector público,251 y más personas,AVENIDA,RANCHO SECO,CALLE,NINGUNO,AVENIDA,PLAZAS DE ARAGON,CALLE,PRADOS DEL ROBLE,,SN,EDIFICO DE GOBIERNO,1,,SN,COLONIA,IMPULSORA,,,,57130,15,MÉXICO                      ,058,Nezahualcóyotl,0001,Ciudad Nezahualcóyotl                                                                                         ,1518,004,,FESAR_COMUNIDAD@UNAM.MX,WWW.ARAGON.UNAM.MX,Fijo,19.47741759,-99.04611546,2010-07
10573057,15121611312000347000000000U2,FACULTAD DE ESTUDIOS SUPERIORES DE LA UNAM CUAUTITLAN,UNIVERSIDAD,611312,Escuelas de educación superior del sector público,251 y más personas,CARRETERA,A TEOLOYUCAN,CALLE,Ninguno,CALLE,Ninguno,CALLE,Emisor Poniente,,SN,,,,,PUEBLO,SAN MATEO IXTACALCO,,,,54714,15,MÉXICO                      ,024,Cuautitlán,0088,San Mateo Ixtacalco                                                                                           ,0297,015,,COORDINACION.GESTION@CUATITLAN.UNAM.MX,CUATITLAN.UNAM.MX,Fijo,19.69477732,-99.18864659,2024-11
9543052,15121611312000336000000000U5,FES CUAUTITLAN CAMPO 1,,611312,Escuelas de educación superior del sector público,101 a 250 personas,AVENIDA,1O DE MAYO,CALLE,DE LAS TORRES,CALLE,NINGUNO,CALLE,TORRE IZCALLI,,SN,,,1,,COLONIA,SANTA MARÍA GUADALUPE LAS TORRES PRIMERA SECCIÓN,,,,54760,15,MÉXICO                      ,121,Cuautitlán Izcalli,0001,Cuautitlán Izcalli                                                                                            ,0958,026,,INGARJIME@COMUNIDAD.UNAM.MX,WWW.CUAUTITLAN.UNAM.MX-INSTITUCIONAL-UNIDAD_ADM_C1.HTML,Fijo,19.63699143,-99.20680064,2024-11
2193093,15104611312000063001000000U1,FONDO DE INVESTIGACION CIENTIFICA Y DESARROLLO TECNOLOGICO,FONDO DE INVESTIGACION CIENTIFICA Y DESARROLLO TECNOLOGICO,611312,Escuelas de educación superior del sector público,6 a 10 personas,CALLE,C C ROSARIO,CALLE,CONVENTO DE CORPUS CRISTI,CALLE,CAMINO A SANTA MONICA,CALLE,C. C. ROSARIO,2,,,,302,,COLONIA,EXHACIENDA SANTA MONICA,,,,54050,15,MÉXICO                      ,104,Tlalnepantla de Baz,0001,Tlalnepantla                                                                                                  ,0618,012,5553653304,,,Fijo,19.52850537,-99.22968651,2010-07
11335077,15033611312000163000000000U0,GOBIERNO ESTATAL,UNIVERSIDAD MEXIQUENSE DEL BICENTENARIO UNIDAD DE ESTUDIOS SUPERIORES PARA ADULTOS MAYORES DE ECATEPEC VESPERTINO,611312,Escuelas de educación superior del sector público,11 a 30 personas,CALLE,LEONA VICARIO,CALLE,C 10,PRIVADA,MIGUEL ALEMAN,CALLE,MARAVILLAS VALLE DEL MAYO,,SN,,,,,COLONIA,VALLE DE ANAHUAC,,,,55210,15,MÉXICO                      ,033,Ecatepec de Morelos,0001,Ecatepec de Morelos                                                                                           ,3549,030,,UESAME@UMB.MX,UESAMEECATEPEC.COM.MX,Fijo,19.51664885,-99.04332131,2024-11
2118531,15058611412000016001000000U5,INSTITUTO DE PROFECIONALIZACION,MUNICIPIO DE NEZAHUALCOYOTL,611312,Escuelas de educación superior del sector público,0 a 5 personas,CALLE,AVENIDA PANTITLAN BENITO JUAREZ,CALLE,ORIENTE 24,CALLE,ORIENTE 20,CALLE,SUR 1,,SN,,,,,COLONIA,REFORMA,,,,57840,15,MÉXICO                      ,058,Nezahualcóyotl,0001,Ciudad Nezahualcóyotl                                                                                         ,1448,004,,,,Fijo,19.37411643,-98.97517071,2010-07
2376102,15025611312000033002000000U1,INSTITUTO SUPERIOR DE CIENCIAS DE LA EDUCACION DEL ESTADO DE MEXICO,GOBIERNO DEL ESTADO DE MEXICO,611312,Escuelas de educación superior del sector público,11 a 30 personas,CALLE,ARTES Y OFICIOS,CALLE,FRANCISCO VILLA,AVENIDA,TIZAPA,CALLE,INSURGENTES,,SN,,,,,COLONIA,CASCO DE SAN JUAN,,,,56600,15,MÉXICO                      ,025,Chalco,0001,Chalco de Díaz Covarrubias                                                                                    ,1216,017,,DIVISION_CHALCO@ISCEEM.EDU.MX,,Fijo,19.26592664,-98.88863847,2014-12
8457190,15059611312000012000000000U4,INSTITUTO SUPERIOR DE CIENCIAS DE LA EDUCACION DEL ESTADO DE MEXICO,ISCEEM DIVICION ACADEMICA NEXTLALPAN CCT 15ESU00171,611312,Escuelas de educación superior del sector público,6 a 10 personas,CALLE,FRANCISCO JAVIER MINA,CALLE,NINGUNO,PRIVADA,NINGUNO,CALLE,FRANCISCO JAVIER MINA,,SN,,,,,COLONIA,NEXTLALPAN,,,,55790,15,MÉXICO                      ,059,Nextlalpan,0001,Santa Ana Nextlalpan                                                                                          ,0080,009,,,,Fijo,19.73811191,-99.09976335,2019-11
2292525,15104611312000094002000000U6,INSTITUTO TECNOLOGICO DE TLALNEPANTLA,ESTADO DE MEXIC SEP,611312,Escuelas de educación superior del sector público,31 a 50 personas,CALLE,HERMILO MENA,CALLE,MARIA DE LA LUZ RUZ,CALLE,GRUPO ALPINO HALCONES DE HIDALGO,CALLE,HERMILO MENA,,SN,,,,,COLONIA,LAZARO CARDENAS TERCERA SECCION,,,,54589,15,MÉXICO                      ,104,Tlalnepantla de Baz,0001,Tlalnepantla                                                                                                  ,157A,002,,,WWW.TLALNEPANTLA.TECNM.MX,Fijo,19.5329886,-99.11313783,2014-12
2113833,15104611312000047000000000U4,INSTITUTO TECNOLOGICO DE TLALNEPANTLA,SECRETARIA DE EDUCACION PUBLICA SEP,611312,Escuelas de educación superior del sector público,251 y más personas,CALLE,CONSTITUYENTES DE 1917,AVENIDA,MARIO COLIN,AVENIDA,HIDALGO,AVENIDA,HIDALGO,,SN,,,,,CONJUNTO HABITACIONAL,LA COMUNIDAD,,,,54070,15,MÉXICO                      ,104,Tlalnepantla de Baz,0001,Tlalnepantla                                                                                                  ,0660,004,,,WWW.TLALNEPANTLA.TECNM.MX,Fijo,19.53357501,-99.18663961,2010-07
9431221,15104611211000023011000000U9,INSTITUTO TECNOLOGICO TLALÑNEPANTLA,SECRETARIA DE EDUCACION PUBLICA,611312,Escuelas de educación superior del sector público,31 a 50 personas,CALLE,HERMILO MENA,CALLE,MARIA DE LA LUZ RUZ,CALLE,GRUPO ALPINO HALCONES DE HIDALGO,CALLE,HERMILO MENA,,SN,,,,,COLONIA,LAZARO CARDENAS TERCERA SECCION,,,,54589,15,MÉXICO                      ,104,Tlalnepantla de Baz,0001,Tlalnepantla                                                                                                  ,157A,002,,,,Fijo,19.53614728,-99.11340626,2023-11
8406968,15104611312000103000000000U5,NORMAL SUPERIOR DEL VALLE DE MEXICO EN TLELNEPANTLA,SERVICIOS EDUCATIVOS INTEGRADOS AL ESTADO DE MEXICO,611312,Escuelas de educación superior del sector público,11 a 30 personas,CALLE,GOODYEAR OXXO,CALLE,LA CONSOLIDADA,CALLE,INDUSTRIA ELECTRICA DE MEXICO,CALLE,DEUTZ HERMANOS,,SN,,,,,COLONIA,VISTA HERMOSA,,,,54080,15,MÉXICO                      ,104,Tlalnepantla de Baz,0001,Tlalnepantla                                                                                                  ,0919,001,,,,Fijo,19.51508758,-99.22311931,2019-11
2193061,15104611312000082001000000U1,OFICINAS IPN,OFICINAS IPN,611312,Escuelas de educación superior del sector público,0 a 5 personas,CALLE,C C ROSARIO,CALLE,CONVENTO DE CORPUS CRISTI,CALLE,CAMINO A SANTA MONICA,CALLE,C. C. ROSARIO,2,,,,200,,COLONIA,EXHACIENDA SANTA MONICA,,,,54050,15,MÉXICO                      ,104,Tlalnepantla de Baz,0001,Tlalnepantla                                                                                                  ,0618,012,,,,Fijo,19.52997803,-99.23079327,2010-07
8153628,15104611312000112001000000U6,OFICINAS IPN,OFICINAS IPN,611312,Escuelas de educación superior del sector público,0 a 5 personas,CALLE,C C ROSARIO,CALLE,CONVENTO DE CORPUS CRISTI,CALLE,CAMINO A SANTA MONICA,CALLE,C. C. ROSARIO,2,,,,,,COLONIA,EXHACIENDA SANTA MONICA,,,,54050,15,MÉXICO                      ,104,Tlalnepantla de Baz,0001,Tlalnepantla                                                                                                  ,0618,012,,,,Fijo,19.52850537,-99.22968651,2019-11
8446046,15094611312000013000000000U9,PLANTEL TEPETLIXPA UNIVERSIDAD INTERCULTURALDELESTADODE MEXICO,GOBIERNO,611312,Escuelas de educación superior del sector público,11 a 30 personas,AVENIDA,20 DE NOVIEMBRE CARRETERA MEXICO CUAUTLA,CALLE,CAMPECHE,PRIVADA,PUEBLA,CALLE,CERRO TRES CUMBRES,,SN,,,,SN,LOCALIDAD,TEPETLIXPA,,,,56880,15,MÉXICO                      ,094,Tepetlixpa,0001,Tepetlixpa                                                                                                    ,0075,017,5512400100,TEPETLIXPA@UIEM.EDU.MX,WWW.UIEM.EDOMEX.GOM.MX,Fijo,19.0297302,-98.81408627,2019-11
2243472,15036931610000101010000000U3,SALON DE LA UNIVERSIDAD DIJITAL Y DIRECCION DE EDUCACION Y CULTURA,H AYUNTAMIENTO HUEYPOXTLA,611312,Escuelas de educación superior del sector público,0 a 5 personas,CALLE,PINO SUAREZ,CALLE,5 DE MAYO,CALLE,VICENTE GUERRERO,CALLE,16 DE SEPTIEMBRE,,SN,,,,,BARRIO,CENTRO,,,,55670,15,MÉXICO                      ,036,Hueypoxtla,0001,Hueypoxtla                                                                                                    ,0086,001,5996881204,,,Fijo,19.90782917,-99.07843679,2014-12
11261725,15099611312000145000000000U8,SUBDIRECCION DE CAMPO AGRICOLA EXPERIMENTAL,UNIVERSIDAD AUTONOMA DE CHAPINGO,611312,Escuelas de educación superior del sector público,51 a 100 personas,CALLE,NUMERO 333,CALLE,NINGUNO,CALLE,NUMERO 56,CALLE,EMILIANO ZAPATA,,SN,,,,,COLONIA,TRINIDAD,,,,56130,15,MÉXICO                      ,099,Texcoco,0064,La Trinidad                                                                                                   ,1652,019,,DGIP.CAMPO@CHAPINGO.MX,,Fijo,19.49133793,-98.87224727,2024-11
10790093,15099611312000123000000000U5,SUBDIRECCION DE SERVICIOS GENERALES,UNIVERSIDAD AUTONOMA DECHAPINGO,611312,Escuelas de educación superior del sector público,11 a 30 personas,CALLE,NUMERO 60,CALLE,DIEGO RIVERA,CALLE,NINGUNO,CALLE,DIEGO RIVERA,,SN,,,,,COLONIA,TRINIDAD,,,,56130,15,MÉXICO                      ,099,Texcoco,0064,La Trinidad                                                                                                   ,1652,021,,,,Fijo,19.48774448,-98.87374694,2024-11
8232086,15025611212000016000000000U8,TECNOLOGICO DE ESTUDIOS SUPERIORES DE CHALCO,SECRETARIA DE EDUCACION PUBLICA,611312,Escuelas de educación superior del sector público,101 a 250 personas,CALLE,CHALCO MIRAFLORES,CALLE,NINGUNO,CALLE,NINGUNO,CALLE,MEXICO-CUAUTLA,,SN,,,,,PUEBLO,LA CANDELARIA TLAPALA,,,,56641,15,MÉXICO                      ,025,Chalco,0002,La Candelaria Tlapala                                                                                         ,188A,063,,DIR.GENERAL@TESCH.EDU.MX,,Fijo,19.23470096,-98.84122719,2019-11
9304196,15020611312000037000000000U3,TECNOLOGICO DE ESTUDIOS SUPERIORES DE COACALCO,TECONOLOGICO DE ESTUDIOS SUPERIORES DE COACALCO,611312,Escuelas de educación superior del sector público,251 y más personas,CALLE,16 DE SEPTIEMBRE,OTRO(ESPECIFIQUE),NINGUNO,CALLE,LA GARITA,CALLE,LA GARITA,54,,,,,,COLONIA,SAN FRANCISCO COACALCO,,,,57705,15,MÉXICO                      ,020,Coacalco de Berriozábal,0001,San Francisco Coacalco                                                                                        ,0194,032,,DIRGENTESCO@YAHOO.COM.MX,WWW.TECNOLOGICODECOACALCO.EDU.MX,Fijo,19.63215783,-99.11439396,2020-11
9278158,15121611312000307001000000U6,TECNOLOGICO DE ESTUDIOS SUPERIORES DE CUAUTITLAN IZCALLI,TECNOLOGICO NACIONAL DE MEXICO,611312,Escuelas de educación superior del sector público,101 a 250 personas,AVENIDA,DEL JACAL,CALLE,RIO CUAUTITLAN,PRIVADA,NINGUNO,CERRADA,NINGUNO,,SN,,,,,COLONIA,LA PERLA,,,,54740,15,MÉXICO                      ,121,Cuautitlán Izcalli,0001,Cuautitlán Izcalli                                                                                            ,0271,013,5541407056,SIPPYE@TESCI.EDU.MX,WWW.TESCI.EDOMEX.GOB.MX,Fijo,19.64893972,-99.22676543,2020-11
9304197,15033611312000157000000000U2,TECNOLOGICO DE ESTUDIOS SUPERIORES DE ECATEPEC,TECNOLOGICO NACIONAL DE MEXICO,611312,Escuelas de educación superior del sector público,251 y más personas,AVENIDA,CARLOS HANK GONZALEZ,PRIVADA,PRIMERA CERRADA AVE CENTRAL,CALLE,"MARAVILLAS, VALLE DEL MAYO",CALLE,C. 10,,SN,,,,,COLONIA,VALLE DE ANAHUAC,,,,55210,15,MÉXICO                      ,033,Ecatepec de Morelos,0001,Ecatepec de Morelos                                                                                           ,3549,030,,MCPEREZ@TESE.EDU.MX,WWW.TESE.EDU.MX,Fijo,19.51219181,-99.0378861,2020-11
9275548,15070611312000056001000000U8,TECNOLOGICO DE ESTUDIOS SUPERIORES DEL ORIENTE DEL ESTADO DE MEXICO,TECNOLOGICO NACIONAL DE MEXICO,611312,Escuelas de educación superior del sector público,251 y más personas,CALLE,LIBRA,CALLE,LIBRA,CALLE,LIBRA,CALLE,12 DE DICIEMBRE,1,,,,,,COLONIA,SAN ISIDRO,,,,56507,15,MÉXICO                      ,070,La Paz,0040,San Isidro                                                                                                    ,1334,007,,DIRECCION@TESOEM.EDU.MX,TESOEM.EDOMEX.GOB.MX,Fijo,19.34191433,-98.95537271,2020-11
2032004,15068611172000031010000000U3,TECNOLOGICO UNIVERSAL DE MEXICO,,611312,Escuelas de educación superior del sector público,0 a 5 personas,CALLE,AVENIDA JOSE ANTONIO ALZATE SUR,CALLE,SOR JUANA INES DE LA CRUZ,CALLE,EMILIANO ZAPATA,CALLE,AVENIDA MORELOS,,SN,,,,,COLONIA,CENTRO OZUMBA,,,,56800,15,MÉXICO                      ,068,Ozumba,0001,Ozumba de Alzate                                                                                              ,0164,015,,,,Fijo,19.03887558,-98.79514481,2014-12
9519041,15016611312000026000000000U4,UAEMEX,CENTRO UNIVERSITARIO UAEM VALLE DE TEOTIHUACAN,611312,Escuelas de educación superior del sector público,101 a 250 personas,CARRETERA,NINGUNO,CARRETERA,NINGUNO,CARRETERA,NINGUNO,CARRETERA,NINGUNO,,SN,,,,,PUEBLO,SANTO DOMINGO AZTACAMECA,,,,55955,15,MÉXICO                      ,016,Axapusco,0017,Santo Domingo Aztacameca                                                                                      ,0280,800,,,,Fijo,19.77224947,-98.77397701,2024-11
2268135,15081611312000044001000000U1,UNIDA DE ESTUDIOS SUPERIORES TECAMAC,UNIVERSIDAD MEXIQUENSE DEL BICENTENARIO,611312,Escuelas de educación superior del sector público,11 a 30 personas,CALLE,BOULEVARD JARDINES,PRIVADA,JARDINES DE ANDALUZ,CALLE,JARDINES DE LA REYNA,AVENIDA,MEXIQUENSE,,SN,,,,,COLONIA,LOS HÉROES SECCIÓN JARDINES,,,,55764,15,MÉXICO                      ,081,Tecámac,0019,Ojo de Agua                                                                                                   ,1111,008,,,,Fijo,19.63822804,-99.04719316,2014-12
2215976,15121611312000155001000000U9,UNIDAD ACADEMICA PROFESIONAL DE CUAUTITLAN IZCALLI UAEM,DRA LILIANA ANTONIA MENDOZA GONZALEZ,611312,Escuelas de educación superior del sector público,101 a 250 personas,CALLE,TONALLI,AVENIDA,AZTLAN,AVENIDA,DE LAS ISLAS,CALLE,NINGUNO,,SN,,,,,COLONIA,SANTA TERESA,,,,54720,15,MÉXICO                      ,121,Cuautitlán Izcalli,0001,Cuautitlán Izcalli                                                                                            ,2526,003,5511134060,UAEM_CIZCALLE@UAEMEX.MX,,Fijo,19.64380352,-99.21357492,2014-12
11149167,15104611312000155000000000U5,UNIDAD ACADEMICA PROFESIONAL TLALNEPANTLA,UNIVERSIDAD AUTONOMA DEL ESTADO DE MEXICO,611312,Escuelas de educación superior del sector público,51 a 100 personas,CALLE,CAMINO A LOS APOSTOLES,CALLE,CAMINO A LOS APOSTOLES,CALLE,CAMINO A LOS APOSTOLES,AVENIDA,ACUEDUCTO,,SN,,,,,FRACCIONAMIENTO,COLINAS DE SAN JOSE II,,,,54195,15,MÉXICO                      ,104,Tlalnepantla de Baz,0001,Tlalnepantla                                                                                                  ,1584,006,,UAPTLALNEPANTLA@UAEMEX.MX,,Fijo,19.53037493,-99.08997475,2024-11
7571429,15084611312000011000000000U4,UNIDAD ACADEMICA TEMASCALAPA,UNIVERSIDAD DIGITAL DEL ESTADO DE MEXICO,611312,Escuelas de educación superior del sector público,0 a 5 personas,AVENIDA,SAN FRANCISCO,CALLE,RIO PANUCO,CALLE,RIO TULA,CALLE,RIO BRAVO,,SN,,,,,LOCALIDAD,TEMASCALAPA,,,,55980,15,MÉXICO                      ,084,Temascalapa,0001,Temascalapa                                                                                                   ,0168,020,5527362355,UA_TEMASCALAPA@UDEMEX.EDU.MX,UDEMEX.EDU.MX,Fijo,19.82927995,-98.90407216,2019-11
7215670,15011611312000024000000000U0,UNIDAD DE ESTUDIOS SUPERIORES ATENCO,GOBIERNO DEL ESTADO DE MEXICO,611312,Escuelas de educación superior del sector público,31 a 50 personas,CALLE,SAN SIMON,CALLE,INDEPENDENCIA,CALLE,NINGUNO,CALLE,NINGUNO,,SN,,,,,PUEBLO,SANTA ISABEL IXTAPAN,,,,56314,15,MÉXICO                      ,011,Atenco,0004,Santa Isabel Ixtapan                                                                                          ,0034,022,0721099683,,UMB.EDOMEX.GOB.MX,Fijo,19.582774,-98.94787772,2019-11
2274873,15109611312000024002000000U2,UNIDAD DE ESTUDIOS SUPERIORES TULTITLAN NUMERO 20 CCT 15ESU0025R,GOBIERNO DEL ESTADO DE MEXICO,611312,Escuelas de educación superior del sector público,31 a 50 personas,PRIVADA,NINGUNO,CALLE,ISLA CANARIAS,CERRADA,NINGUNO,CALLE,ISLA CANARIAS,,SN,,,,,COLONIA,UNIVERSIDAD BICENTENARIO,,,,54910,15,MÉXICO                      ,109,Tultitlán,0068,Fuentes del Valle                                                                                             ,1434,006,,,WWW.UMB.GOB.MX,Fijo,19.64243468,-99.13525515,2014-12
2328751,15099812110006371011000000U9,UNIVERSIDAD AUTONOMA CHAPINGO,UNIVERSIDAD AUTONOMA CHAPINGO,611312,Escuelas de educación superior del sector público,251 y más personas,CIRCUITO,PERIFERICO,CIRCUITO,PERIFERICO,CALLE,NUMERO 99,CALLE,NUMERO 99,,SN,,,,,MANZANA,EL COOPERATIVO,,,,56227,15,MÉXICO                      ,099,Texcoco,0003,El Cooperativo                                                                                                ,1614,011,,ABARRIOSS@CHAPINGO.MX,CHAPINGO.MX,Fijo,19.48909444,-98.8898861,2014-12
9997660,15099611312000086000000000U4,UNIVERSIDAD AUTONOMA DEL ESTADO DE MEXICO,,611312,Escuelas de educación superior del sector público,101 a 250 personas,CALLE,NINGUNO,OTRO(ESPECIFIQUE),BARDA,AVENIDA,JARDIN,OTRO(ESPECIFIQUE),BARDA,,SN,,,,,COLONIA,SANTA MARTHA,,,,56256,15,MÉXICO                      ,099,Texcoco,0109,Santa Martha                                                                                                  ,0071,001,,CUTEXUAEMEX2226@GMAIL.COM,WWW.CENTROUNIVERSITARIOUAEMTEXCOCO.EDU.MX,Fijo,19.43545426,-98.91755415,2024-11
8458004,15058611312000176001000000U9,UNIVERSIDAD AUTONOMA DEL ESTADO DE MEXICO UNIDAD ACADEMICA PROFESIONAL CHIMALHUACAN TURNO DISCONTINUO CCT 15USU4507P,SECRETARIA DE EDUCACION PUBLICA,611312,Escuelas de educación superior del sector público,251 y más personas,AVENIDA,EJIDO COLECTIVO,CALLE,1,AVENIDA,BORDO DE XOCHIACA,OTRO(ESPECIFIQUE),CANAL,,SN,,,,,COLONIA,TLATELCO,,,,56353,15,MÉXICO                      ,058,Nezahualcóyotl,0001,Ciudad Nezahualcóyotl                                                                                         ,2126,019,,,WWW.UAEMEX.MX,Fijo,19.42256882,-98.9880836,2019-11
9235423,15060611212000027001000000U2,UNIVERSIDAD DE LAS MUJERES,UNIVERSIDADES TECNOLOGICA FIDEL VELAZQUEZ,611312,Escuelas de educación superior del sector público,11 a 30 personas,CALLE,PROLONGACION EMILIANO ZAPATA,CALLE,22 DE FEBRERO,CALLE,NINGUNO,OTRO(ESPECIFIQUE),ARROYO,,SN,,,,,COLONIA,VEINTIDOS DE FEBRERO,,,,54435,15,MÉXICO                      ,060,Nicolás Romero,0082,Veintidós de Febrero                                                                                          ,0950,009,,DIREC.ADMINISTRACION@UTFV.EDU.MX,,Fijo,19.61357126,-99.33969282,2020-04
10358235,15037611312000021000000000U1,UNIVERSIDADES PARA EL BIENESTAR BENITO JUAREZ,SECRETARIA DE EDUCACION PUBLICA,611312,Escuelas de educación superior del sector público,0 a 5 personas,CALLE,NINGUNO,ANDADOR,LOS ESCALONES,CALLE,NINGUNO,CALLE,NINGUNO,,SN,,,,,PUEBLO,SANTA CRUZ AYOTUXCO,,,,52795,15,MÉXICO                      ,037,Huixquilucan,0024,Santa Cruz Ayotuzco                                                                                           ,0469,052,5513457809,,WWW.UBBJ.EDU.MX,Fijo,19.38273247,-99.37308274,2024-11
8413957,15039611312000023001000000U3,UNIVERSIDAD DIGITAL DEL ESTADO DE MEXCO,GOBIERNO ESTATAL,611312,Escuelas de educación superior del sector público,0 a 5 personas,CALLE,FRANCISCO VILLA,CALLE,16 DE SEPTIEMBRE,PRIVADA,CERRADA FRANCISCO VILLA,CALLE,FRANCISCO VILLA,,SN,,,,SN,COLONIA,LOS HEROES,,,,56585,15,MÉXICO                      ,039,Ixtapaluca,0001,Ixtapaluca                                                                                                    ,0745,015,,UA_IXTAPALUCA@UDEMEX.EDU.MX,,Fijo,19.31694455,-98.87943457,2019-11
11597492,15033611312000171000000000U3,UNIVERSIDAD DIGITAL DEL ESTADO DE MEXICO,GOBIERNO DEL ESTADO DE MEXICO,611312,Escuelas de educación superior del sector público,0 a 5 personas,CALLE,PRIMAVERA,CALLE,INVIERNO,AVENIDA,FRANCISCO I. MADERO,PRIVADA,INVIERNO 5,,SN,,,,,FRACCIONAMIENTO,LOS ALAMOS,,,,55147,15,MÉXICO                      ,033,Ecatepec de Morelos,0001,Ecatepec de Morelos                                                                                           ,2451,008,,UA_ECATEPECLASAMERICAS@EDUMEX.EDU.MX,,Fijo,19.52264388,-99.02538605,2024-11
2263887,15081611312000031000000000U8,UNIVERSIDAD DIGITAL DEL ESTADO DE MEXICO,MUNICIPIO DE TECAMAC,611312,Escuelas de educación superior del sector público,0 a 5 personas,CALLE,NIÑO ARTILLERO,CALLE,NICOLAS BRAVO,CALLE,EL PIPILA,CALLE,JUAN ESCUTIA,,SN,,,,,COLONIA,LA NOPALERA,,,,55749,15,MÉXICO                      ,081,Tecámac,0001,Tecámac de Felipe Villanueva                                                                                  ,0749,004,5559344285,,,Fijo,19.69822873,-98.96488582,2014-12
9985172,15125611312000021000000000U4,UNIVERSIDAD DIGITAL DEL ESTADO DE MEXICO,UNIVERSIDAD DIGITAL DEL ESTADO DE MEXICO,611312,Escuelas de educación superior del sector público,0 a 5 personas,AVENIDA,20 DE NOVIEMBRE,CALLE,14 DE FEBRERO,PRIVADA,NINGUNO,CALLE,PALMAS,34,,,,,,COLONIA,CONCEPCION,,,,55785,15,MÉXICO                      ,125,Tonanitla,0001,Santa María Tonanitla                                                                                         ,004A,005,,UA_SANTAMARIATONANITLA@UDEMEX.EDU.MX,UDEMEX.EDU.MX,Fijo,19.68549027,-99.04683777,2024-11
8910867,15011611312000031000000000U5,UNIVERSIDAD DIGITAL DEL ESTADO DE MEXICO,GOBIERNO DEL ESTADO DE MEXICO,611312,Escuelas de educación superior del sector público,0 a 5 personas,CALZADA,CALZADA DE LOS GALLOS,CALLE,HIDALGO,CALLE,EJIDO DE SAN CRISTOBAL,PRIVADA,NINGUNO,,SN,,,,,EJIDO,SAN CRISTOBAL NEXQUIPAYAC,,,,56315,15,MÉXICO                      ,011,Atenco,0002,San Cristóbal Nexquipayac                                                                                     ,0161,002,5613680085,UA_ATENCO@UDEMEX.EDU.MX,WWW.UDEMEX.EDU.MX,Fijo,19.58020437,-98.92382394,2019-11
2342960,15031611312000051000000000U1,UNIVERSIDAD DIGITAL DEL ESTADO DE MEXICO,SECRETARIA DE EDUCACION PUBLICA,611312,Escuelas de educación superior del sector público,0 a 5 personas,CALLE,EMILIANO ZAPATA,CALLE,NINGUNO,CALLE,ZAFIRO,AVENIDA,MEXICO,,SN,,,,,BARRIO,TRANPORTISTAS,,,,56363,15,MÉXICO                      ,031,Chimalhuacán,0001,Chimalhuacán                                                                                                  ,1016,044,,,WWW.UDEMEX.EDU.MX,Fijo,19.44347321,-98.97217177,2014-12
8021025,15103611312000011000000000U2,UNIVERSIDAD DIGITAL GOBIERNO DEL ESTADO DE MEXICO,GOBIERNO DEL ESTADO DE MEXICO,611312,Escuelas de educación superior del sector público,0 a 5 personas,CALLE,CAMINO VIEJO AL TENAYO,CALLE,CALLE DE LA CAMPANA,CALLE,NINGUNO,CERRADA,NINGUNO,,SN,,,,,COLONIA,CENTENARIO,,,,56700,15,MÉXICO                      ,103,Tlalmanalco,0001,Tlalmanalco de Velázquez                                                                                      ,0235,004,,,,Fijo,19.20261482,-98.80985895,2019-11
2130343,15033611312000076001000000U4,UNIVERSIDAD ESTATAL DEL VALLE DE ECATEPEC,GOBIERNO ESTATAL,611312,Escuelas de educación superior del sector público,251 y más personas,AVENIDA,CARLOS HANK GONZALEZ,PRIVADA,PRIMERA CERRADA AVE CENTRAL,CALLE,MARAVILLAS  VALLE DEL MAYO,CALLE,C 10,,SN,,,,SN,COLONIA,VALLE DE ANAHUAC,,,,55210,15,MÉXICO                      ,033,Ecatepec de Morelos,0001,Ecatepec de Morelos                                                                                           ,3549,030,,RECTORIA@UNEVE.EDU.MX,WWW.UNEVE.EDU.MX,Fijo,19.51221038,-99.03787771,2010-07
6929468,15094611312000022001000000U0,UNIVERSIDAD INTERCULTURAL DEL ESTADO DE MEXICO PLANTEL TEPETLIXPA,UNIVERSIDAD INTERCULTURAL DEL ESTADO DE MEXICO,611312,Escuelas de educación superior del sector público,11 a 30 personas,OTRO(ESPECIFIQUE),SOR JUANA INES DE LA CRUZ,CERRADA,NINGUNO,OTRO(ESPECIFIQUE),NINGUNO,OTRO(ESPECIFIQUE),NINGUNO,,SN,,,,,PUEBLO,TEPETLIXPA,,,,56880,15,MÉXICO                      ,094,Tepetlixpa,0001,Tepetlixpa                                                                                                    ,0056,002,,TEPETLIXPA@UIEMHOTMAIL.COM,,Fijo,19.01919705,-98.82347851,2019-11
10676397,15058611312000216000000000U3,UNIVERSIDAD MEXIQUENSE DE SEGURIDAD,GOBIERNO DEL ESTADO DE MEXICO,611312,Escuelas de educación superior del sector público,101 a 250 personas,AVENIDA,BORDO DE XOCHIACA,AVENIDA,ADOLFO LOPEZ MATEOS,AVENIDA,ARROYO,AVENIDA,VIA DE FERROCARRIL,,SN,,,,,COLONIA,DOCTOR GUSTAVO BAZ PRADA,,,,57300,15,MÉXICO                      ,058,Nezahualcóyotl,0001,Ciudad Nezahualcóyotl                                                                                         ,0346,043,,,,Fijo,19.42029016,-99.01228406,2024-11
2361727,15039611312000015000000000U9,UNIVERSIDAD MEXIQUENSE DEL BICENTENARIO,SECRETARIA DE EDUCACION PUBLICA DEL ESTADO DE MEXICO,611312,Escuelas de educación superior del sector público,51 a 100 personas,CALLE,HACIENDA LA ESCONDIDA,CALLE,HACIENDA VALPARAISO,CALLE,HACIENDA LA COTERA,CALLE,HACIENDA LA PURISIMA,,SN,,,,,FRACCIONAMIENTO,SANTA BARBARA,,,,56538,15,MÉXICO                      ,039,Ixtapaluca,0001,Ixtapaluca                                                                                                    ,1955,001,,UESIXTAPALUCA@UMB.MX,WWW.UMB.MX,Fijo,19.2984531,-98.89891162,2014-12
8673851,15033611312000105000000000U1,UNIVERSIDAD MEXIQUENSE DEL BICENTENARIO,GOBIERNO DEL ESTADO DE MEXICO,611312,Escuelas de educación superior del sector público,51 a 100 personas,AVENIDA,INSURGENTES,CALLE,BOSQUE DEL POCITO,CALLE,TIERRA DE FUEGO,AVENIDA,INDUSTRIA LATINOAMERICANA,,SN,,,,,FRACCIONAMIENTO,LAS AMERICAS,,,,55076,15,MÉXICO                      ,033,Ecatepec de Morelos,0001,Ecatepec de Morelos                                                                                           ,4941,078,,UESECATEPEC@UMB.MX,,Fijo,19.5866181,-99.00056636,2019-11
11693697,15091611312000023000000000U4,UNIVERSIDAD MEXIQUENSE DEL BICENTENARIO TEOLOYUCAN CCT 15ESU0043G,GOBIERNO DEL ESTADO DE MEXICO,611312,Escuelas de educación superior del sector público,11 a 30 personas,PEATONAL,FERROCARRIL,CALLE,TRATADOS DE TEOLOYUCAN,CERRADA,RIO CHIQUITO,PEATONAL,FERROCARRIL,,SN,,,,,BARRIO,TEPANQUIAHUAC,,,,54783,15,MÉXICO                      ,091,Teoloyucan,0001,Teoloyucan                                                                                                    ,004A,029,,,,Fijo,19.75337202,-99.17816948,2024-11
8232091,15025611312000044000000000U8,UNIVERSIDAD MEXIQUENSE DEL BICENTENARIO UNIDAD DE ESTUDIOS SUPERIORES CHALCO,GOBIERNO DEL ESTADO DE MEXICO,611312,Escuelas de educación superior del sector público,31 a 50 personas,CALLE,NINGUNO,CALLE,CHALCO-MIRAFLORES,CALLE,MEXICO-CUAUTLA,CALLE,NINGUNO,,SN,,,,,PUEBLO,LA CANDELARIA TLAPALA,,,,56641,15,MÉXICO                      ,025,Chalco,0002,La Candelaria Tlapala                                                                                         ,188A,063,,,,Fijo,19.23388199,-98.84483103,2019-11
8332866,15033611312000113000000000U5,UNIVERSIDAD MEXIQUENSE DEL BICENTENARIO UNIDAD DE ESTUDIOS SUPERIORES PARA ADULTOS MAYORES ECATEPEC,GOBIERNO ESTATAL,611312,Escuelas de educación superior del sector público,11 a 30 personas,CALLE,LEONA VICARIO,CALLE,C 10,PRIVADA,MIGUEL ALEMAN,CALLE,MARAVILLAS VALLE DEL MAYO,,SN,,,,SN,COLONIA,VALLE DE ANAHUAC,,,,55210,15,MÉXICO                      ,033,Ecatepec de Morelos,0001,Ecatepec de Morelos                                                                                           ,3549,030,,UESAME@UMB.MX,UESAMEECATEPEC.COM.MX,Fijo,19.5166501,-99.04332452,2019-11
8478826,15095611312000024000000000U3,UNIVERSIDAD MEXIQUENSE DEL BICENTENARIO UNIDAD DE ESTUDIOS SUPERIORES TEPOTZOTLAN,GOBIERNO DEL ESTADO DE MEXICO,611312,Escuelas de educación superior del sector público,31 a 50 personas,CALLE,CONVENTO,AVENIDA,INDUSTRIAL,CALLE,NINGUNO,CALLE,NINGUNO,,SN,,,,,COLONIA,EL TREBOL,,,,54616,15,MÉXICO                      ,095,Tepotzotlán,0001,Tepotzotlán                                                                                                   ,0180,001,5558761831,UESTEPOTZOTLAN@UMB.MX,,Fijo,19.71951102,-99.20384159,2019-11
2355065,15070611312000034000000000U5,UNIVERSIDAD MEXIQUENSE DEL BICENTENARIO UNIDAD LA PAZ,GOBIERNO DEL ESTADO DE MEXICO,611312,Escuelas de educación superior del sector público,31 a 50 personas,CALLE,LIBRA,CALLE,LIBRA,CALLE,LIBRA,CALLE,12 DE DICIEMBRE,1,,,,,,COLONIA,SAN ISIDRO,,,,56507,15,MÉXICO                      ,070,La Paz,0040,San Isidro                                                                                                    ,1334,007,,,,Fijo,19.34191433,-98.95537271,2014-12
7122833,15033611312000135000000000U8,UNIVERSIDAD NACIONAL AUTONOMA DE MEXICO CLINICA ODONTOLOGICA ECATEPEC,UNIVERSIDAD NACIONAL AUTONOMA DE MEXICO,611312,Escuelas de educación superior del sector público,51 a 100 personas,CALLE,NINGUNO,CALLE,EMILIANO ZAPATA,CALLE,FRANCISCO SARABIA,CALLE,JOSE VICENTE VILLADA,16,,,,,,COLONIA,SAN CRISTOBAL CENTRO,,,,55000,15,MÉXICO                      ,033,Ecatepec de Morelos,0001,Ecatepec de Morelos                                                                                           ,0154,059,,CLINICA.ODONTOLOGICA.ECATEPEC@GMAIL.COM,,Fijo,19.59640155,-99.04567974,2019-11
10421633,15095611312000032000000000U6,UNIVERSIDADES PARA EL BIENESTAR BENITO JUAREZ,UNIVERSIDAD PARA EL BIENESTAR BENITO JUAREZ GARCIA CEDE TEPOTZOTLAN,611312,Escuelas de educación superior del sector público,6 a 10 personas,CALLE,EL HUIZACHAL,CERRADA,HUIZACHAL,AVENIDA,SAN MATEO,CALLE,SAN MATEO XOLOC,,SN,,,,,BARRIO,SAN MATEO XOLOC,,,,54602,15,MÉXICO                      ,095,Tepotzotlán,0021,San Mateo Xoloc                                                                                               ,027A,008,,,,Fijo,19.70430589,-99.2515962,2024-11
2152676,15058611312000023000000000U3,UNIVERSIDAD PEDAGOGICA NACIONAL,SERVICIO EDUCATIVOS INTEGRADOS AL ESTADO DE MEXICO,611312,Escuelas de educación superior del sector público,11 a 30 personas,CALLE,VALLE DE BRAVO,CALLE,COATEPEC,PRIVADA,SEGUNDA DE VALLE DE BRAVO,CALLE,IXTAPAN,,SN,,,,,COLONIA,LAS FUENTES,,,,57600,15,MÉXICO                      ,058,Nezahualcóyotl,0001,Ciudad Nezahualcóyotl                                                                                         ,0929,027,,ES.UPN.NEZAHUALCOYOTL@SEIEM.EDU.MX,,Fijo,19.4006138,-99.03487481,2010-07
1988077,15013611312000015000000000U4,UNIVERSIDAD PEDAGOGICA NACIONAL 152 ATIZAPAN,SEIEM ORGANIZACION DESCENTRALIZADO,611312,Escuelas de educación superior del sector público,51 a 100 personas,PRIVADA,DURANGO,CALLE,ZACATECAS,CALLE,CAMINO REAL DE CALACOAYA,CALLE,VICENTE GUERRERO,,SN,,,,,RESIDENCIAL,CALACOAYA,,,,52996,15,MÉXICO                      ,013,Atizapán de Zaragoza,0001,Ciudad López Mateos                                                                                           ,0255,007,,ES.UPN.ATIZAPAN.COM@SEIEM.EDU.MX,,Fijo,19.53460938,-99.23795701,2010-07
2247370,15108611312000033001000000U5,UNIVERSIDAD PEDAGOGICA NACIONAL UNIDAD 152 SUBSEDE TULTEPEC,UNIVERSIDAD PEDAGOGICA NACIONAL,611312,Escuelas de educación superior del sector público,31 a 50 personas,AVENIDA,TOLUCA,CALLE,TOLUCA,PRIVADA,NINGUNO,CALLE,DOCTORES,,SN,,,,,FRACCIONAMIENTO,EL BOSQUE,,,,54980,15,MÉXICO                      ,108,Tultepec,0014,Santiago Teyahualco                                                                                           ,0617,001,,,,Fijo,19.66564467,-99.13285535,2014-12
2128790,15033611312000045002000000U9,UNIVERSIDAD PEDAGOGICA NACIONAL UNIDAD 153 ECATEPEC,SEIEM GOBIERNO ESTATAL,611312,Escuelas de educación superior del sector público,51 a 100 personas,CALLE,LEONA VICARIO,CALLE,C. 10,PRIVADA,MIGUEL ALEMAN,CALLE,"MARAVILLAS, VALLE DEL MAYO",,SN,,,,SN,COLONIA,VALLE DE ANAHUAC,,,,55210,15,MÉXICO                      ,033,Ecatepec de Morelos,0001,Ecatepec de Morelos                                                                                           ,3549,030,,ES.UPN.ECATEPEC@SEIEM.EDU.MX,ES.UPNECATEPEC.COM,Fijo,19.51663795,-99.04329341,2010-07
9235446,15068611312000021000000000U6,UNIVERSIDAD POLITECNICA DE ATLAUTLA,UNIVERSIDADES TECNOLOGICAS Y POLITECNICAS,611312,Escuelas de educación superior del sector público,51 a 100 personas,CALLE,PROLONGACION EMILIANO ZAPATA,OTRO(ESPECIFIQUE),RIO,CERRADA,NINGUNO,CALLE,CAMINO VIEJO A ATLAUTLA,,SN,,,,,BARRIO,SAN JACINTO,,,,56800,15,MÉXICO                      ,068,Ozumba,0001,Ozumba de Alzate                                                                                              ,008A,002,,RECTORIA@UPATLAUTLA.EDU.MX,,Fijo,19.03444241,-98.78995371,2020-04
6928716,15068611312000015000000000U8,UNIVERSIDAD POLITECNICA DE ATLAUTLA,SECRETARIA DE EDUCACION DEL ESTADO DE MEXICO,611312,Escuelas de educación superior del sector público,51 a 100 personas,CALLE,PROLONGACION EMILIANO ZAPATA,CERRADA,NINGUNO,CALLE,NINGUNO,CALLE,CAMINO VIEJO A ATLAUTLA,,SN,,,,,BARRIO,SAN JACINTO,,,,56800,15,MÉXICO                      ,068,Ozumba,0001,Ozumba de Alzate                                                                                              ,008A,002,,,,Fijo,19.03320539,-98.78807978,2019-11
9318199,15121611312000313001000000U4,UNIVERSIDAD POLITECNICA DE CUAUTITLAN IZCALLI,UNIVERSIDAD POLITECNICA DE CUAUTITLAN IZCALLI,611312,Escuelas de educación superior del sector público,101 a 250 personas,CERRADA,NINGUNO,PRIVADA,NINGUNO,CALLE,NINGUNO,AVENIDA,MORELOS,,SN,,,,,COLONIA,LOMAS DE SAN FRANCISCO TEPOJACO (LOMAS CUAUTITLÁN),,,,54720,15,MÉXICO                      ,121,Cuautitlán Izcalli,0001,Cuautitlán Izcalli                                                                                            ,2545,001,,,WWW.UPSI.EDOMEX.GOB.MX,Fijo,19.64298085,-99.27086617,2020-11
2263059,15081611312000024001000000U3,UNIVERSIDAD POLITECNICA DE TECAMAC,UNIVERSIDAD POLITECNICA DE TECAMAC 15EPO0003Y DR. JOSE RAMON MANZO VARGAS,611312,Escuelas de educación superior del sector público,101 a 250 personas,CALLE,5 DE MAYO,CALLE,FEDERAL MEXICO-PACHUCA,PRIVADA,5 DE MAYO,CALLE,5 DE MAYO,,SN,,,,,FRACCIONAMIENTO,GALAXIA,,,,55740,15,MÉXICO                      ,081,Tecámac,0001,Tecámac de Felipe Villanueva                                                                                  ,0325,018,,,UPTECAMAC.EDOMEX.GOB.MX,Fijo,19.71497698,-98.97764559,2014-12
9804534,15099611312000114000000000U4,UNIVERSIDAD POLITECNICA DE TEXCOCO UPTEX,GOBIERNO DEL ESTADO DE MEXICO,611312,Escuelas de educación superior del sector público,31 a 50 personas,CARRETERA,CARRETERA FEDERAL LOS REYES TEXCOCO 14 200,CIRCUITO,CIRCUITO EXTERIOR MEXIQUENSE,AVENIDA,GENERAL GONZALEZ MONTECILLO,CALLE,CAMINO A SAN FELIPE,,SN,,,,,LOCALIDAD,SAN MIGUEL COATLINCHAN,,,,56250,15,MÉXICO                      ,099,Texcoco,0029,San Miguel Coatlinchán                                                                                        ,0565,800,,,,Fijo,19.45243235,-98.89817673,2024-11
2032630,15109611311000026001000000U9,UNIVERSIDAD POLITECNICA DEL VALLE DE MEXICO CCT 15MSU0933Z,GOBIERNO DEL ESTADO DE MEXICO,611312,Escuelas de educación superior del sector público,251 y más personas,CALLE,NINGUNO,AVENIDA,ISLA DE LA PLATA,OTRO(ESPECIFIQUE),NINGUNO,CALLE,NINGUNO,,SN,,,,,FRACCIONAMIENTO,UNIVERSIDAD POLITÉCNICA DEL ESTADO DE MÉXICO,,,,54910,15,MÉXICO                      ,109,Tultitlán,0068,Fuentes del Valle                                                                                             ,1824,001,,SEC_ADMINISTRATIVA@UPVM.EDU.MX,,Fijo,19.64390957,-99.13098091,2010-07
2380473,15058611311000077000000000U1,UNIVERSIDAD TECNOLOGICA DE NEZAHUALCOYOTL CCT 15EUT0002W,UNIVERSIDAD TECNOLOGICA DE NEZAHUALCOYOTL,611312,Escuelas de educación superior del sector público,251 y más personas,CALLE,CIRCUITO REY NEZAHUALCOYOTL,CALLE,NINGUNO,CALLE,LAZARO CARDENAS,CALLE,TEZCUTZINGO,,SN,,,,,COLONIA,BENITO JUAREZ,,,,57000,15,MÉXICO                      ,058,Nezahualcóyotl,0001,Ciudad Nezahualcóyotl                                                                                         ,1556,010,5557169763,RECTORIA@UTN.EDU.MX,UTN.EDOMEX.GOB.MX,Fijo,19.40373547,-98.98739776,2010-07
8039101,15060611212000012001000000U4,UNIVERSIDAD TECNOLOGICA EL PUERTO,UNIVERSIDAD TECNOLOGICA EL PUERTO,611312,Escuelas de educación superior del sector público,11 a 30 personas,AVENIDA,COLMENA,AVENIDA,VILLA NICOLAS ROMERO,CALLE,NOGALES,CALLE,BRISTOL,,SN,,,,,COLONIA,FRANCISCO SARABIA,,,,54473,15,MÉXICO                      ,060,Nicolás Romero,0001,Ciudad Nicolás Romero                                                                                         ,0626,020,,ACADEMIA@UNIVERSIDADTECNOLOGICAELPUERTO.COM,WWW.UNIVERSIDADTECNOLOGICAELPUERTO.COM,Fijo,19.59427671,-99.28100533,2019-11
2466551,15060611312000017000000000U1,UNIVERSIDAD TECNOLOGICA FIDEL VELAZQUEZ CLAVE 15EUT0100X,UNIVERSIDAD TECNOLOGICA FIDEL VELAZQUEZ,611312,Escuelas de educación superior del sector público,251 y más personas,CALLE,PROLONGACION EMILIANO ZAPATA,CALLE,22 DE FEBRERO,CALLE,NINGUNO,OTRO(ESPECIFIQUE),ARROYO,,SN,,,,,COLONIA,VEINTIDOS DE FEBRERO,,,,54435,15,MÉXICO                      ,060,Nicolás Romero,0082,Veintidós de Febrero                                                                                          ,0950,009,5526493153,RECTORIA@UTVFV.EDU.MX,WWW.UTFV.EDOMEX.GOB.MX,Fijo,19.61358433,-99.33967751,2014-12
10981772,15058611312000206000000000U4,UNIVERSIDAD UAEMEX MATUTINO,GOBIERNO ESTADO DE MEXICO,611312,Escuelas de educación superior del sector público,101 a 250 personas,AVENIDA,BORDO DE XOCHIACA,AVENIDA,CIUDAD JARDIN,AVENIDA,ADOLFO LOPEZ MATEOS,AVENIDA,BORDO DE XOCHIACA,,SN,,,,,COLONIA,EL SOL,,,,57200,15,MÉXICO                      ,058,Nezahualcóyotl,0001,Ciudad Nezahualcóyotl                                                                                         ,0346,039,5564482007,,,Fijo,19.42252638,-99.02109017,2024-11
11071520,15058611312000195000000000U9,UNIVERSIDAD UAEMEX TURNO VESPERTINO,GOBIERNO ESTADO DE MEXICO,611312,Escuelas de educación superior del sector público,51 a 100 personas,AVENIDA,BORDO DE XOCHIACA,AVENIDA,CIUDAD JARDIN,AVENIDA,ADOLFO LOPEZ MATEOS,OTRO(ESPECIFIQUE),VIA DE FERROCARRIL,,SN,,,,,COLONIA,EL SOL,,,,57200,15,MÉXICO                      ,058,Nezahualcóyotl,0001,Ciudad Nezahualcóyotl                                                                                         ,0346,039,5644820074,,,Fijo,19.42254291,-99.02115507,2024-11
